2026-06-06 13:50:47,872 - INFO - ======================================================================
2026-06-06 13:50:47,874 - INFO - 🚦 RUN STARTED
2026-06-06 13:50:47,934 - INFO -    Run ID   : 61a9f597-39fa-4980-9c06-24b4bc1de0d1
2026-06-06 13:50:47,935 - INFO -    Start    : 2026-06-06 13:50:47
2026-06-06 13:50:47,935 - INFO -    Log file : logs\run_2026-06-06_13-50-47.log
2026-06-06 13:50:47,935 - INFO - ======================================================================
2026-06-06 13:50:54,402 - INFO - 📋 Loaded 5 enabled target(s) from Firestore.
2026-06-06 13:51:08,551 - INFO - ----------------------------------------------------------------------
2026-06-06 13:51:08,551 - INFO - 🎯 TARGET: 'Hatchbacks only' | site=webuycars | maxPages=20
2026-06-06 13:51:08,857 - INFO -    Pages    : 1–20
2026-06-06 13:51:08,954 - INFO - [WBC] 📄 Page 1: https://www.webuycars.co.za/buy-a-car?Year=[2019,2026]&BodyType=["Hatchback"]&InspectionCondition=["Certified"]
2026-06-06 13:51:48,521 - INFO - [WBC] 🔎 Detail: https://www.webuycars.co.za/buy-a-car/Suzuki/Swift-12-GL/176901726
2026-06-06 13:51:59,064 - INFO -    ✅ 176901726 | page 1
2026-06-06 13:51:59,064 - INFO - [WBC] 🔎 Detail: https://www.webuycars.co.za/buy-a-car/Citroen/C3-12-Puretech-Feel-60-KW/AF6C06106
2026-06-06 13:52:03,297 - INFO -    ✅ AF6C06106 | page 1
2026-06-06 13:52:03,297 - INFO - [WBC] 🔎 Detail: https://www.webuycars.co.za/buy-a-car/Suzuki/Celerio-10-GL/B9DA11263
2026-06-06 13:52:06,912 - INFO -    ✅ B9DA11263 | page 1
2026-06-06 13:52:06,912 - INFO - [WBC] 🔎 Detail: https://www.webuycars.co.za/buy-a-car/Fiat/500-12-Style-Auto/C11516864
2026-06-06 13:52:10,136 - INFO -    ✅ C11516864 | page 1
2026-06-06 13:52:10,137 - INFO - [WBC] 🔎 Detail: https://www.webuycars.co.za/buy-a-car/Renault/Sandero-900t-Stepway-Expression/D6C216379
2026-06-06 13:52:13,539 - INFO -    ✅ D6C216379 | page 1
2026-06-06 13:52:13,540 - INFO - [WBC] 🔎 Detail: https://www.webuycars.co.za/buy-a-car/Hyundai/Atos-Atoz-11-Motion/E2B515689
2026-06-06 13:52:17,185 - INFO -    ✅ E2B515689 | page 1
2026-06-06 13:52:17,186 - INFO - [WBC] 🔎 Detail: https://www.webuycars.co.za/buy-a-car/Suzuki/Swift-14T-Sport-Auto/E91C07799
2026-06-06 13:52:20,677 - INFO -    ✅ E91C07799 | page 1
2026-06-06 13:52:20,678 - INFO - [WBC] 🔎 Detail: https://www.webuycars.co.za/buy-a-car/Renault/Kwid-10-Dynamique-5-Door/FA5710529
2026-06-06 13:52:23,724 - INFO -    ✅ FA5710529 | page 1
2026-06-06 13:52:23,724 - INFO - [WBC] 🔎 Detail: https://www.webuycars.co.za/buy-a-car/KIA/Picanto-10-Start-Auto/35FE05870
2026-06-06 13:52:26,745 - INFO -    ✅ 35FE05870 | page 1
2026-06-06 13:52:26,745 - INFO - [WBC] 🔎 Detail: https://www.webuycars.co.za/buy-a-car/Toyota/Vitz-10-XR-AMT/73D115948
2026-06-06 13:52:29,610 - INFO -    ✅ 73D115948 | page 1
2026-06-06 13:52:30,721 - INFO - ✅ Saved 10 car(s) to Firestore.
2026-06-06 13:52:30,721 - INFO - [WBC] 🔎 Detail: https://www.webuycars.co.za/buy-a-car/KIA/Picanto-12-Style/D25C16580
2026-06-06 13:52:33,568 - INFO -    ✅ D25C16580 | page 1
2026-06-06 13:52:33,568 - INFO - [WBC] 🔎 Detail: https://www.webuycars.co.za/buy-a-car/Renault/Triber-10-Prestige---Intens/DDD711159
2026-06-06 13:52:37,127 - INFO -    ✅ DDD711159 | page 1
2026-06-06 13:52:37,128 - INFO - [WBC] 🔎 Detail: https://www.webuycars.co.za/buy-a-car/Toyota/Starlet-15-XS/CC4801431
2026-06-06 13:52:40,017 - INFO -    ✅ CC4801431 | page 1
2026-06-06 13:52:40,018 - INFO - [WBC] 🔎 Detail: https://www.webuycars.co.za/buy-a-car/Citroen/C3-12-Feel---Plus-61-KW/199907491
2026-06-06 13:52:42,884 - INFO -    ✅ 199907491 | page 1
2026-06-06 13:52:42,885 - INFO - [WBC] 🔎 Detail: https://www.webuycars.co.za/buy-a-car/Suzuki/Swift-12-GL-AMT/425212349
2026-06-06 13:52:45,902 - INFO -    ✅ 425212349 | page 1
2026-06-06 13:52:45,902 - INFO - [WBC] 🔎 Detail: https://www.webuycars.co.za/buy-a-car/Suzuki/Swift-12-GL/682500912
2026-06-06 13:52:48,902 - INFO -    ✅ 682500912 | page 1
2026-06-06 13:52:48,902 - INFO - [WBC] 🔎 Detail: https://www.webuycars.co.za/buy-a-car/Suzuki/Swift-12-GL/83FD13418
2026-06-06 13:52:52,199 - INFO -    ✅ 83FD13418 | page 1
2026-06-06 13:52:52,199 - INFO - [WBC] 🔎 Detail: https://www.webuycars.co.za/buy-a-car/Fiat/500-12-Style-Auto/AC4F07429
2026-06-06 13:52:55,072 - INFO -    ✅ AC4F07429 | page 1
2026-06-06 13:52:55,072 - INFO - [WBC] 🔎 Detail: https://www.webuycars.co.za/buy-a-car/Suzuki/Swift-12-GL/ADFE02257
2026-06-06 13:52:57,912 - INFO -    ✅ ADFE02257 | page 1
2026-06-06 13:52:57,913 - INFO - [WBC] 🔎 Detail: https://www.webuycars.co.za/buy-a-car/Renault/Kwid-10-Climber-5-Door-AMT/BF3D13941
2026-06-06 13:53:00,685 - INFO -    ✅ BF3D13941 | page 1
2026-06-06 13:53:01,701 - INFO - ✅ Saved 10 car(s) to Firestore.
2026-06-06 13:53:01,702 - INFO - [WBC] 🔎 Detail: https://www.webuycars.co.za/buy-a-car/Renault/Kwid-10-Climber-5-Door-AMT/C23814852
2026-06-06 13:53:04,524 - INFO -    ✅ C23814852 | page 1
2026-06-06 13:53:04,524 - INFO - [WBC] 🔎 Detail: https://www.webuycars.co.za/buy-a-car/Hyundai/i10-Grand-I10-10-Motion-Auto/210413799
2026-06-06 13:53:07,296 - INFO -    ✅ 210413799 | page 1
2026-06-06 13:53:07,297 - INFO - [WBC] 🔎 Detail: https://www.webuycars.co.za/buy-a-car/Volkswagen/Polo-Vivo-14-Life-5dr/2E2513207
2026-06-06 13:53:10,748 - INFO -    ✅ 2E2513207 | page 1
2026-06-06 13:53:10,749 - INFO - [WBC] 📄 Page 2: https://www.webuycars.co.za/buy-a-car?Year=[2019,2026]&BodyType=["Hatchback"]&InspectionCondition=["Certified"]&page=2
2026-06-06 13:53:34,317 - INFO - [WBC] 🔎 Detail: https://www.webuycars.co.za/buy-a-car/Hyundai/Atos-Atoz-11-Motion/38EC13158
2026-06-06 13:53:37,423 - INFO -    ✅ 38EC13158 | page 2
2026-06-06 13:53:37,423 - INFO - [WBC] 🔎 Detail: https://www.webuycars.co.za/buy-a-car/Citroen/C3-12-Feel---Plus-61-KW/675411838
2026-06-06 13:53:40,379 - INFO -    ✅ 675411838 | page 2
2026-06-06 13:53:40,379 - INFO - [WBC] 🔎 Detail: https://www.webuycars.co.za/buy-a-car/Hyundai/i10-Grand-I10-10-Motion-premium/A99900986
2026-06-06 13:53:43,541 - INFO -    ✅ A99900986 | page 2
2026-06-06 13:53:43,541 - INFO - [WBC] 🔎 Detail: https://www.webuycars.co.za/buy-a-car/Toyota/Etios-15-Xs-sprint-5-Door/D0B104336
2026-06-06 13:53:46,560 - INFO -    ✅ D0B104336 | page 2
2026-06-06 13:53:46,560 - INFO - [WBC] 🔎 Detail: https://www.webuycars.co.za/buy-a-car/Volkswagen/Polo-Vivo-14-5dr/F73700914
2026-06-06 13:53:49,893 - INFO -    ✅ F73700914 | page 2
2026-06-06 13:53:49,893 - INFO - [WBC] 🔎 Detail: https://www.webuycars.co.za/buy-a-car/Hyundai/i10-Grand-I10-125-Fluid/27D703392
2026-06-06 13:53:52,575 - INFO -    ✅ 27D703392 | page 2
2026-06-06 13:53:52,575 - INFO - [WBC] 🔎 Detail: https://www.webuycars.co.za/buy-a-car/Ford/Figo-Freestyle-15ti-VCT-Trend-5dr/3E4905189
2026-06-06 13:53:55,377 - INFO -    ✅ 3E4905189 | page 2
2026-06-06 13:53:56,420 - INFO - ✅ Saved 10 car(s) to Firestore.
2026-06-06 13:53:56,420 - INFO - [WBC] 🔎 Detail: https://www.webuycars.co.za/buy-a-car/Citroen/C3-12-Puretech-Feel-60-KW/556211405
2026-06-06 13:53:59,395 - INFO -    ✅ 556211405 | page 2
2026-06-06 13:53:59,396 - INFO - [WBC] 🔎 Detail: https://www.webuycars.co.za/buy-a-car/Volkswagen/Polo-Vivo-16-Comfortline-TIP-5dr/633503939
2026-06-06 13:54:02,187 - INFO -    ✅ 633503939 | page 2
2026-06-06 13:54:02,187 - INFO - [WBC] 🔎 Detail: https://www.webuycars.co.za/buy-a-car/Citroen/C3-12-Puretech-Feel-60-KW/8A6703102
2026-06-06 13:54:04,980 - INFO -    ✅ 8A6703102 | page 2
2026-06-06 13:54:04,981 - INFO - [WBC] 🔎 Detail: https://www.webuycars.co.za/buy-a-car/Renault/Kwid-10-Dynamique-5-Door/745216344
2026-06-06 13:54:07,777 - INFO -    ✅ 745216344 | page 2
2026-06-06 13:54:07,777 - INFO - [WBC] 🔎 Detail: https://www.webuycars.co.za/buy-a-car/Toyota/Starlet-15-XR-Auto/BCD201956
2026-06-06 13:54:10,636 - INFO -    ✅ BCD201956 | page 2
2026-06-06 13:54:10,637 - INFO - [WBC] 🔎 Detail: https://www.webuycars.co.za/buy-a-car/Hyundai/Atos-Atoz-11-Motion/EDB311450
2026-06-06 13:54:13,517 - INFO -    ✅ EDB311450 | page 2
2026-06-06 13:54:13,518 - INFO - [WBC] 🔎 Detail: https://www.webuycars.co.za/buy-a-car/Suzuki/Swift-12-GL/FDFB14334
2026-06-06 13:54:16,395 - INFO -    ✅ FDFB14334 | page 2
2026-06-06 13:54:16,396 - INFO - [WBC] 🔎 Detail: https://www.webuycars.co.za/buy-a-car/KIA/RIO-14-EX-Auto-5-Door/58BE16769
2026-06-06 13:54:19,195 - INFO -    ✅ 58BE16769 | page 2
2026-06-06 13:54:19,196 - INFO - [WBC] 🔎 Detail: https://www.webuycars.co.za/buy-a-car/Renault/Sandero-900t-Stepway-Expression/643D12068
2026-06-06 13:54:22,724 - INFO -    ✅ 643D12068 | page 2
2026-06-06 13:54:22,724 - INFO - [WBC] 🔎 Detail: https://www.webuycars.co.za/buy-a-car/Renault/Kwid-10-Climber-5-Door/815512698
2026-06-06 13:54:25,590 - INFO -    ✅ 815512698 | page 2
2026-06-06 13:54:26,542 - INFO - ✅ Saved 10 car(s) to Firestore.
2026-06-06 13:54:26,543 - INFO - [WBC] 🔎 Detail: https://www.webuycars.co.za/buy-a-car/Volkswagen/Golf-8-20-TSI-R-DSG/B4A410863
2026-06-06 13:54:29,347 - INFO -    ✅ B4A410863 | page 2
2026-06-06 13:54:29,348 - INFO - [WBC] 🔎 Detail: https://www.webuycars.co.za/buy-a-car/Hyundai/Atos-Atoz-11-Motion/DE0901136
2026-06-06 13:54:32,155 - INFO -    ✅ DE0901136 | page 2
2026-06-06 13:54:32,155 - INFO - [WBC] 🔎 Detail: https://www.webuycars.co.za/buy-a-car/Volkswagen/Polo-Vivo-14-5dr/0FB006484
2026-06-06 13:54:35,274 - INFO -    ✅ 0FB006484 | page 2
2026-06-06 13:54:35,274 - INFO - [WBC] 🔎 Detail: https://www.webuycars.co.za/buy-a-car/Fiat/Tipo-14-Life-5-Door/477A11224
2026-06-06 13:54:38,156 - INFO -    ✅ 477A11224 | page 2
2026-06-06 13:54:38,156 - INFO - [WBC] 🔎 Detail: https://www.webuycars.co.za/buy-a-car/Mini/Cooper-C-Auto-F66/4B1B07275
2026-06-06 13:54:41,053 - INFO -    ✅ 4B1B07275 | page 2
2026-06-06 13:54:41,053 - INFO - [WBC] 🔎 Detail: https://www.webuycars.co.za/buy-a-car/Renault/Kwid-10-Dynamique---ZEN---Techno-5-Door/4A2806782
2026-06-06 13:54:43,970 - INFO -    ✅ 4A2806782 | page 2
2026-06-06 13:54:43,970 - INFO - [WBC] 📄 Page 3: https://www.webuycars.co.za/buy-a-car?Year=[2019,2026]&BodyType=["Hatchback"]&InspectionCondition=["Certified"]&page=3
2026-06-06 13:55:07,431 - INFO - [WBC] 🔎 Detail: https://www.webuycars.co.za/buy-a-car/Volkswagen/Polo-10-TSI-Life-DSG/7EA901634
2026-06-06 13:55:10,801 - INFO -    ✅ 7EA901634 | page 3
2026-06-06 13:55:10,802 - INFO - [WBC] 🔎 Detail: https://www.webuycars.co.za/buy-a-car/Volkswagen/Polo-10-TSI/944901005
2026-06-06 13:55:13,793 - INFO -    ✅ 944901005 | page 3
2026-06-06 13:55:13,794 - INFO - [WBC] 🔎 Detail: https://www.webuycars.co.za/buy-a-car/Volkswagen/Polo-Vivo-14-Life-5dr/A16500516
2026-06-06 13:55:16,523 - INFO -    ✅ A16500516 | page 3
2026-06-06 13:55:16,523 - INFO - [WBC] 🔎 Detail: https://www.webuycars.co.za/buy-a-car/Renault/Kwid-10-Dynamique---ZEN---Techno-5-Door-AMT/F49315506
2026-06-06 13:55:19,466 - INFO -    ✅ F49315506 | page 3
2026-06-06 13:55:20,471 - INFO - ✅ Saved 10 car(s) to Firestore.
2026-06-06 13:55:20,472 - INFO - [WBC] 🔎 Detail: https://www.webuycars.co.za/buy-a-car/Renault/Triber-10-Dynamique---ZEN/0E9916509
2026-06-06 13:55:23,170 - INFO -    ✅ 0E9916509 | page 3
2026-06-06 13:55:23,171 - INFO - [WBC] 🔎 Detail: https://www.webuycars.co.za/buy-a-car/Hyundai/i10-Grand-I10-125-Fluid-Auto/3B8115517
2026-06-06 13:55:25,940 - INFO -    ✅ 3B8115517 | page 3
2026-06-06 13:55:25,941 - INFO - [WBC] 🔎 Detail: https://www.webuycars.co.za/buy-a-car/Opel/Corsa-14-Enjoy-Auto-5-Door/36EC14553
2026-06-06 13:55:28,720 - INFO -    ✅ 36EC14553 | page 3
2026-06-06 13:55:28,721 - INFO - [WBC] 🔎 Detail: https://www.webuycars.co.za/buy-a-car/Hyundai/i10-Grand-I10-10-Motion-premium/4CD508700
2026-06-06 13:55:31,249 - INFO -    ✅ 4CD508700 | page 3
2026-06-06 13:55:31,250 - INFO - [WBC] 🔎 Detail: https://www.webuycars.co.za/buy-a-car/Volkswagen/Polo-Vivo-16-Comfortline-TIP-5dr/58A005630
2026-06-06 13:55:34,175 - INFO -    ✅ 58A005630 | page 3
2026-06-06 13:55:34,176 - INFO - [WBC] 🔎 Detail: https://www.webuycars.co.za/buy-a-car/Hyundai/i10-Grand-I10-10-Motion/546203801
2026-06-06 13:55:37,014 - INFO -    ✅ 546203801 | page 3
2026-06-06 13:55:37,014 - INFO - [WBC] 🔎 Detail: https://www.webuycars.co.za/buy-a-car/Suzuki/Baleno-15-GL/7CE511883
2026-06-06 13:55:40,749 - INFO -    ✅ 7CE511883 | page 3
2026-06-06 13:55:40,750 - INFO - [WBC] 🔎 Detail: https://www.webuycars.co.za/buy-a-car/Mini/Cooper-S-Auto-F66/AC5806575
2026-06-06 13:55:43,946 - INFO -    ✅ AC5806575 | page 3
2026-06-06 13:55:43,947 - INFO - [WBC] 🔎 Detail: https://www.webuycars.co.za/buy-a-car/Suzuki/Celerio-10-GL/BCCD01738
2026-06-06 13:55:46,832 - INFO -    ✅ BCCD01738 | page 3
2026-06-06 13:55:46,832 - INFO - [WBC] 🔎 Detail: https://www.webuycars.co.za/buy-a-car/Volkswagen/Polo-Vivo-14-5dr/E1E800380
2026-06-06 13:55:49,641 - INFO -    ✅ E1E800380 | page 3
2026-06-06 13:55:50,616 - INFO - ✅ Saved 10 car(s) to Firestore.
2026-06-06 13:55:50,616 - INFO - [WBC] 🔎 Detail: https://www.webuycars.co.za/buy-a-car/Suzuki/Swift-12-GL/E73E11586
2026-06-06 13:55:53,560 - INFO -    ✅ E73E11586 | page 3
2026-06-06 13:55:53,561 - INFO - [WBC] 🔎 Detail: https://www.webuycars.co.za/buy-a-car/KIA/Picanto-10-Street-Auto/095614554
2026-06-06 13:55:56,426 - INFO -    ✅ 095614554 | page 3
2026-06-06 13:55:56,426 - INFO - [WBC] 🔎 Detail: https://www.webuycars.co.za/buy-a-car/Toyota/Agya-10-Auto/0BA309547
2026-06-06 13:55:59,402 - INFO -    ✅ 0BA309547 | page 3
2026-06-06 13:55:59,402 - INFO - [WBC] 🔎 Detail: https://www.webuycars.co.za/buy-a-car/KIA/Picanto-12-X-Line-Auto/223F08717
2026-06-06 13:56:02,330 - INFO -    ✅ 223F08717 | page 3
2026-06-06 13:56:02,331 - INFO - [WBC] 🔎 Detail: https://www.webuycars.co.za/buy-a-car/Volkswagen/Polo-Vivo-14-5dr/6CE615675
2026-06-06 13:56:05,371 - INFO -    ✅ 6CE615675 | page 3
2026-06-06 13:56:05,371 - INFO - [WBC] 🔎 Detail: https://www.webuycars.co.za/buy-a-car/Fiat/500-900t-Cult/738711137
2026-06-06 13:56:08,568 - INFO -    ✅ 738711137 | page 3
2026-06-06 13:56:08,569 - INFO - [WBC] 🔎 Detail: https://www.webuycars.co.za/buy-a-car/Suzuki/Swift-12-GL-AMT/FCE300921
2026-06-06 13:56:11,631 - INFO -    ✅ FCE300921 | page 3
2026-06-06 13:56:11,631 - INFO - [WBC] 🔎 Detail: https://www.webuycars.co.za/buy-a-car/KIA/Picanto-10-Start/FF7709223
2026-06-06 13:56:14,720 - INFO -    ✅ FF7709223 | page 3
2026-06-06 13:56:14,720 - INFO - [WBC] 🔎 Detail: https://www.webuycars.co.za/buy-a-car/Suzuki/Swift-12-GL-CVT/42CB10939
2026-06-06 13:56:18,374 - INFO -    ✅ 42CB10939 | page 3
2026-06-06 13:56:18,374 - INFO - [WBC] 📄 Page 4: https://www.webuycars.co.za/buy-a-car?Year=[2019,2026]&BodyType=["Hatchback"]&InspectionCondition=["Certified"]&page=4
2026-06-06 13:56:41,269 - INFO - [WBC] 🔎 Detail: https://www.webuycars.co.za/buy-a-car/Hyundai/i10-Grand-I10-10-Motion/75AC00608
2026-06-06 13:56:44,491 - INFO -    ✅ 75AC00608 | page 4
2026-06-06 13:56:45,394 - INFO - ✅ Saved 10 car(s) to Firestore.
2026-06-06 13:56:45,394 - INFO - [WBC] 🔎 Detail: https://www.webuycars.co.za/buy-a-car/Toyota/Etios-Cross-15-XS-5-Door/7F5B05089
2026-06-06 13:56:48,219 - INFO -    ✅ 7F5B05089 | page 4
2026-06-06 13:56:48,219 - INFO - [WBC] 🔎 Detail: https://www.webuycars.co.za/buy-a-car/Hyundai/i10-Grand-I10-125-Fluid-Auto/9A4614178
2026-06-06 13:56:51,205 - INFO -    ✅ 9A4614178 | page 4
2026-06-06 13:56:51,206 - INFO - [WBC] 🔎 Detail: https://www.webuycars.co.za/buy-a-car/Suzuki/Swift-12-GLX/E60512619
2026-06-06 13:56:56,061 - INFO -    ✅ E60512619 | page 4
2026-06-06 13:56:56,061 - INFO - [WBC] 🔎 Detail: https://www.webuycars.co.za/buy-a-car/Hyundai/Atos-Atoz-11-Motion/0CD503281
2026-06-06 13:56:59,123 - INFO -    ✅ 0CD503281 | page 4
2026-06-06 13:56:59,123 - INFO - [WBC] 🔎 Detail: https://www.webuycars.co.za/buy-a-car/Suzuki/Swift-12-GL/76EE01863
2026-06-06 13:57:01,879 - INFO -    ✅ 76EE01863 | page 4
2026-06-06 13:57:01,880 - INFO - [WBC] 🔎 Detail: https://www.webuycars.co.za/buy-a-car/Volkswagen/Polo-Vivo-16-Comfortline-TIP-5dr/93B801797
2026-06-06 13:57:06,250 - INFO -    ✅ 93B801797 | page 4
2026-06-06 13:57:06,251 - INFO - [WBC] 🔎 Detail: https://www.webuycars.co.za/buy-a-car/Fiat/Panda-900t-Lounge/B93F10007
2026-06-06 13:57:09,821 - INFO -    ✅ B93F10007 | page 4
2026-06-06 13:57:09,821 - INFO - [WBC] 🔎 Detail: https://www.webuycars.co.za/buy-a-car/Hyundai/i10-Grand-I10-10-Motion/BD0315765
2026-06-06 13:57:12,591 - INFO -    ✅ BD0315765 | page 4
2026-06-06 13:57:12,591 - INFO - [WBC] 🔎 Detail: https://www.webuycars.co.za/buy-a-car/Citroen/C3-12-MAX-61-KW/081E16544
2026-06-06 13:57:15,429 - INFO -    ✅ 081E16544 | page 4
2026-06-06 13:57:15,430 - INFO - [WBC] 🔎 Detail: https://www.webuycars.co.za/buy-a-car/KIA/Picanto-12-X-Line-Auto/501914463
2026-06-06 13:57:18,237 - INFO -    ✅ 501914463 | page 4
2026-06-06 13:57:19,222 - INFO - ✅ Saved 10 car(s) to Firestore.
2026-06-06 13:57:19,222 - INFO - [WBC] 🔎 Detail: https://www.webuycars.co.za/buy-a-car/Hyundai/Atos-Atoz-11-Motion/47E912510
2026-06-06 13:57:22,133 - INFO -    ✅ 47E912510 | page 4
2026-06-06 13:57:22,134 - INFO - [WBC] 🔎 Detail: https://www.webuycars.co.za/buy-a-car/Suzuki/Swift-12-GL/7E6604296
2026-06-06 13:57:24,887 - INFO -    ✅ 7E6604296 | page 4
2026-06-06 13:57:24,887 - INFO - [WBC] 🔎 Detail: https://www.webuycars.co.za/buy-a-car/Renault/Kwid-10-Climber-5-Door/A95502764
2026-06-06 13:57:27,867 - INFO -    ✅ A95502764 | page 4
2026-06-06 13:57:27,868 - INFO - [WBC] 🔎 Detail: https://www.webuycars.co.za/buy-a-car/Volkswagen/Polo-10-TSI-Life/9C1304563
2026-06-06 13:57:30,506 - INFO -    ✅ 9C1304563 | page 4
2026-06-06 13:57:30,506 - INFO - [WBC] 🔎 Detail: https://www.webuycars.co.za/buy-a-car/Volkswagen/Polo-Vivo-16-Life-TIP-5dr/9F0B04170
2026-06-06 13:57:33,205 - INFO -    ✅ 9F0B04170 | page 4
2026-06-06 13:57:33,205 - INFO - [WBC] 🔎 Detail: https://www.webuycars.co.za/buy-a-car/Renault/Triber-10-Prestige---Intens-AMT/A58202177
2026-06-06 13:57:36,181 - INFO -    ✅ A58202177 | page 4
2026-06-06 13:57:36,181 - INFO - [WBC] 🔎 Detail: https://www.webuycars.co.za/buy-a-car/Suzuki/Swift-12-GL/C2D814724
2026-06-06 13:57:38,937 - INFO -    ✅ C2D814724 | page 4
2026-06-06 13:57:38,938 - INFO - [WBC] 🔎 Detail: https://www.webuycars.co.za/buy-a-car/Volkswagen/Polo-Vivo-16-Comfortline-TIP-5dr/EA0D11931
2026-06-06 13:57:42,075 - INFO -    ✅ EA0D11931 | page 4
2026-06-06 13:57:42,076 - INFO - [WBC] 🔎 Detail: https://www.webuycars.co.za/buy-a-car/Suzuki/Swift-12-GL/FD3014437
2026-06-06 13:57:45,034 - INFO -    ✅ FD3014437 | page 4
2026-06-06 13:57:45,034 - INFO - [WBC] 🔎 Detail: https://www.webuycars.co.za/buy-a-car/Nissan/Micra-900t-Acenta-Plus/804E16727
2026-06-06 13:57:47,812 - INFO -    ✅ 804E16727 | page 4
2026-06-06 13:57:48,815 - INFO - ✅ Saved 10 car(s) to Firestore.
2026-06-06 13:57:48,815 - INFO - [WBC] 🔎 Detail: https://www.webuycars.co.za/buy-a-car/Volkswagen/Polo-Vivo-14-Comfortline-5dr/71B008852
2026-06-06 13:57:51,678 - INFO -    ✅ 71B008852 | page 4
2026-06-06 13:57:51,679 - INFO - [WBC] 🔎 Detail: https://www.webuycars.co.za/buy-a-car/Hyundai/Atos-Atoz-11-Motion/D02704244
2026-06-06 13:57:54,568 - INFO -    ✅ D02704244 | page 4
2026-06-06 13:57:54,569 - INFO - [WBC] 📄 Page 5: https://www.webuycars.co.za/buy-a-car?Year=[2019,2026]&BodyType=["Hatchback"]&InspectionCondition=["Certified"]&page=5
2026-06-06 13:58:17,496 - INFO - [WBC] 🔎 Detail: https://www.webuycars.co.za/buy-a-car/Toyota/Starlet-15-XR/B46704937
2026-06-06 13:58:20,552 - INFO -    ✅ B46704937 | page 5
2026-06-06 13:58:20,553 - INFO - [WBC] 🔎 Detail: https://www.webuycars.co.za/buy-a-car/Toyota/Starlet-15-XR-Auto/B9CA02140
2026-06-06 13:58:23,633 - INFO -    ✅ B9CA02140 | page 5
2026-06-06 13:58:23,633 - INFO - [WBC] 🔎 Detail: https://www.webuycars.co.za/buy-a-car/Hyundai/i10-Grand-I10-10-Motion/DF1801564
2026-06-06 13:58:26,388 - INFO -    ✅ DF1801564 | page 5
2026-06-06 13:58:26,389 - INFO - [WBC] 🔎 Detail: https://www.webuycars.co.za/buy-a-car/Suzuki/Baleno-15-GL/E9FF14865
2026-06-06 13:58:29,030 - INFO -    ✅ E9FF14865 | page 5
2026-06-06 13:58:29,030 - INFO - [WBC] 🔎 Detail: https://www.webuycars.co.za/buy-a-car/Suzuki/Swift-12-GL/F61A16260
2026-06-06 13:58:32,212 - INFO -    ✅ F61A16260 | page 5
2026-06-06 13:58:32,213 - INFO - [WBC] 🔎 Detail: https://www.webuycars.co.za/buy-a-car/Hyundai/Atos-Atoz-11-Motion/716910262
2026-06-06 13:58:35,162 - INFO -    ✅ 716910262 | page 5
2026-06-06 13:58:35,162 - INFO - [WBC] 🔎 Detail: https://www.webuycars.co.za/buy-a-car/Hyundai/i10-Grand-I10-10-Motion/71D308229
2026-06-06 13:58:37,835 - INFO -    ✅ 71D308229 | page 5
2026-06-06 13:58:37,836 - INFO - [WBC] 🔎 Detail: https://www.webuycars.co.za/buy-a-car/Hyundai/i10-Grand-I10-10-Fluid/76C812342
2026-06-06 13:58:40,589 - INFO -    ✅ 76C812342 | page 5
2026-06-06 13:58:41,681 - INFO - ✅ Saved 10 car(s) to Firestore.
2026-06-06 13:58:41,682 - INFO - [WBC] 🔎 Detail: https://www.webuycars.co.za/buy-a-car/Volkswagen/Polo-10-TSI-Life/989D00412
2026-06-06 13:58:44,836 - INFO -    ✅ 989D00412 | page 5
2026-06-06 13:58:44,836 - INFO - [WBC] 🔎 Detail: https://www.webuycars.co.za/buy-a-car/KIA/Picanto-10-Street-Auto/B2A112159
2026-06-06 13:58:47,878 - INFO -    ✅ B2A112159 | page 5
2026-06-06 13:58:47,879 - INFO - [WBC] 🔎 Detail: https://www.webuycars.co.za/buy-a-car/Suzuki/Swift-12-GL/C63509521
2026-06-06 13:58:53,521 - INFO -    ✅ C63509521 | page 5
2026-06-06 13:58:53,521 - INFO - [WBC] 🔎 Detail: https://www.webuycars.co.za/buy-a-car/Volkswagen/Polo-Vivo-16-Life-TIP-5dr/2F7F09010
2026-06-06 13:58:56,777 - INFO -    ✅ 2F7F09010 | page 5
2026-06-06 13:58:56,777 - INFO - [WBC] 🔎 Detail: https://www.webuycars.co.za/buy-a-car/Citroen/C3-12-Feel---Plus-61-KW/374506413
2026-06-06 13:58:59,819 - INFO -    ✅ 374506413 | page 5
2026-06-06 13:58:59,820 - INFO - [WBC] 🔎 Detail: https://www.webuycars.co.za/buy-a-car/Toyota/Agya-10-Auto/602101766
2026-06-06 13:59:02,540 - INFO -    ✅ 602101766 | page 5
2026-06-06 13:59:02,540 - INFO - [WBC] 🔎 Detail: https://www.webuycars.co.za/buy-a-car/Citroen/C3-12-Puretech-Feel-60-KW/6E3603098
2026-06-06 13:59:05,255 - INFO -    ✅ 6E3603098 | page 5
2026-06-06 13:59:05,255 - INFO - [WBC] 🔎 Detail: https://www.webuycars.co.za/buy-a-car/Volkswagen/Polo-10-TSI/CADD13934
2026-06-06 13:59:08,098 - INFO -    ✅ CADD13934 | page 5
2026-06-06 13:59:08,098 - INFO - [WBC] 🔎 Detail: https://www.webuycars.co.za/buy-a-car/Toyota/Agya-10/0DBD12522
2026-06-06 13:59:10,992 - INFO -    ✅ 0DBD12522 | page 5
2026-06-06 13:59:10,992 - INFO - [WBC] 🔎 Detail: https://www.webuycars.co.za/buy-a-car/Fiat/500-900t-Club-Auto/274211215
2026-06-06 13:59:13,797 - INFO -    ✅ 274211215 | page 5
2026-06-06 13:59:14,862 - INFO - ✅ Saved 10 car(s) to Firestore.
2026-06-06 13:59:14,862 - INFO - [WBC] 🔎 Detail: https://www.webuycars.co.za/buy-a-car/Mazda/Mazda-2-15-Dynamic-Auto-5-Door/46EE10732
2026-06-06 13:59:17,751 - INFO -    ✅ 46EE10732 | page 5
2026-06-06 13:59:17,751 - INFO - [WBC] 🔎 Detail: https://www.webuycars.co.za/buy-a-car/Volkswagen/Polo-Vivo-10-TSI-GT-5dr/5E7902131
2026-06-06 13:59:25,817 - INFO -    ✅ 5E7902131 | page 5
2026-06-06 13:59:25,817 - INFO - [WBC] 🔎 Detail: https://www.webuycars.co.za/buy-a-car/Volkswagen/Polo-10-TSI-Life-DSG/4B1F01064
2026-06-06 13:59:28,545 - INFO -    ✅ 4B1F01064 | page 5
2026-06-06 13:59:28,545 - INFO - [WBC] 🔎 Detail: https://www.webuycars.co.za/buy-a-car/Renault/Sandero-900-T-Expression/4C5509552
2026-06-06 13:59:32,056 - INFO -    ✅ 4C5509552 | page 5
2026-06-06 13:59:32,056 - INFO - [WBC] 🔎 Detail: https://www.webuycars.co.za/buy-a-car/Hyundai/i20-14-Premium-Auto/4F4D07116
2026-06-06 13:59:34,524 - INFO -    ✅ 4F4D07116 | page 5
2026-06-06 13:59:34,524 - INFO - [WBC] 📄 Page 6: https://www.webuycars.co.za/buy-a-car?Year=[2019,2026]&BodyType=["Hatchback"]&InspectionCondition=["Certified"]&page=6
2026-06-06 13:59:57,227 - INFO - [WBC] 🔎 Detail: https://www.webuycars.co.za/buy-a-car/Hyundai/Atos-Atoz-11-Motion/592514710
2026-06-06 14:00:00,073 - INFO -    ✅ 592514710 | page 6
2026-06-06 14:00:00,074 - INFO - [WBC] 🔎 Detail: https://www.webuycars.co.za/buy-a-car/Toyota/Starlet-14-XI/63DB13770
2026-06-06 14:00:02,756 - INFO -    ✅ 63DB13770 | page 6
2026-06-06 14:00:02,757 - INFO - [WBC] 🔎 Detail: https://www.webuycars.co.za/buy-a-car/Suzuki/Swift-12-GLX/93ED07751
2026-06-06 14:00:06,188 - INFO -    ✅ 93ED07751 | page 6
2026-06-06 14:00:06,188 - INFO - [WBC] 🔎 Detail: https://www.webuycars.co.za/buy-a-car/Hyundai/i10-Grand-I10-10-Motion-premium/AF8504556
2026-06-06 14:00:09,761 - INFO -    ✅ AF8504556 | page 6
2026-06-06 14:00:09,762 - INFO - [WBC] 🔎 Detail: https://www.webuycars.co.za/buy-a-car/Hyundai/i10-Grand-I10-10-Motion-premium/CE4709545
2026-06-06 14:00:12,586 - INFO -    ✅ CE4709545 | page 6
2026-06-06 14:00:13,494 - INFO - ✅ Saved 10 car(s) to Firestore.
2026-06-06 14:00:13,495 - INFO - [WBC] 🔎 Detail: https://www.webuycars.co.za/buy-a-car/Renault/Triber-10-Expression---Life/DFC900184
2026-06-06 14:00:17,342 - INFO -    ✅ DFC900184 | page 6
2026-06-06 14:00:17,343 - INFO - [WBC] 🔎 Detail: https://www.webuycars.co.za/buy-a-car/Hyundai/i10-Grand-I10-10-Motion-Auto/496412545
2026-06-06 14:00:20,156 - INFO -    ✅ 496412545 | page 6
2026-06-06 14:00:20,157 - INFO - [WBC] 🔎 Detail: https://www.webuycars.co.za/buy-a-car/Ford/Figo-15ti-VCT-Trend-5dr/6BA904697
2026-06-06 14:00:23,160 - INFO -    ✅ 6BA904697 | page 6
2026-06-06 14:00:23,161 - INFO - [WBC] 🔎 Detail: https://www.webuycars.co.za/buy-a-car/Volkswagen/Polo-Vivo-14-5dr/59B712192
2026-06-06 14:00:25,948 - INFO -    ✅ 59B712192 | page 6
2026-06-06 14:00:25,948 - INFO - [WBC] 🔎 Detail: https://www.webuycars.co.za/buy-a-car/Volkswagen/Polo-10-TSI-Comfortline-DSG/7EF411479
2026-06-06 14:00:28,782 - INFO -    ✅ 7EF411479 | page 6
2026-06-06 14:00:28,782 - INFO - [WBC] 🔎 Detail: https://www.webuycars.co.za/buy-a-car/Hyundai/i10-Grand-I10-10-Fluid/890814837
2026-06-06 14:00:31,968 - INFO -    ✅ 890814837 | page 6
2026-06-06 14:00:31,969 - INFO - [WBC] 🔎 Detail: https://www.webuycars.co.za/buy-a-car/Hyundai/i10-Grand-I10-10-Motion/90F101537
2026-06-06 14:00:34,771 - INFO -    ✅ 90F101537 | page 6
2026-06-06 14:00:34,771 - INFO - [WBC] 🔎 Detail: https://www.webuycars.co.za/buy-a-car/Mini/Cooper-Auto/E20F06032
2026-06-06 14:00:37,672 - INFO -    ✅ E20F06032 | page 6
2026-06-06 14:00:37,672 - INFO - [WBC] 🔎 Detail: https://www.webuycars.co.za/buy-a-car/Renault/Sandero-900t-Stepway-Expression/1FE712111
2026-06-06 14:00:41,325 - INFO -    ✅ 1FE712111 | page 6
2026-06-06 14:00:41,326 - INFO - [WBC] 🔎 Detail: https://www.webuycars.co.za/buy-a-car/Suzuki/Swift-14T-Sport/102E09934
2026-06-06 14:00:44,235 - INFO -    ✅ 102E09934 | page 6
2026-06-06 14:00:45,196 - INFO - ✅ Saved 10 car(s) to Firestore.
2026-06-06 14:00:45,197 - INFO - [WBC] 🔎 Detail: https://www.webuycars.co.za/buy-a-car/Suzuki/Swift-12-GL-AMT/2FAA09108
2026-06-06 14:00:47,953 - INFO -    ✅ 2FAA09108 | page 6
2026-06-06 14:00:47,953 - INFO - [WBC] 🔎 Detail: https://www.webuycars.co.za/buy-a-car/Fiat/Tipo-16-City-Life-Auto-5-Door/716304146
2026-06-06 14:00:50,976 - INFO -    ✅ 716304146 | page 6
2026-06-06 14:00:50,977 - INFO - [WBC] 🔎 Detail: https://www.webuycars.co.za/buy-a-car/Volkswagen/Polo-10-TSI/FD0A09908
2026-06-06 14:00:53,814 - INFO -    ✅ FD0A09908 | page 6
2026-06-06 14:00:53,815 - INFO - [WBC] 🔎 Detail: https://www.webuycars.co.za/buy-a-car/Fiat/500-900t-Twinair-POP-Star-Base/FE7315013
2026-06-06 14:00:56,590 - INFO -    ✅ FE7315013 | page 6
2026-06-06 14:00:56,591 - INFO - [WBC] 🔎 Detail: https://www.webuycars.co.za/buy-a-car/Volkswagen/Golf-14-TSI-Life-Tiptronic-110-KW/1F8B15525
2026-06-06 14:00:59,443 - INFO -    ✅ 1F8B15525 | page 6
2026-06-06 14:00:59,444 - INFO - [WBC] 🔎 Detail: https://www.webuycars.co.za/buy-a-car/Toyota/Yaris-15-XS-CVT-5-Door/4BB112788
2026-06-06 14:01:02,336 - INFO -    ✅ 4BB112788 | page 6
2026-06-06 14:01:02,336 - INFO - [WBC] 🔎 Detail: https://www.webuycars.co.za/buy-a-car/Renault/Sandero-900t-Stepway-Expression/9A4010999
2026-06-06 14:01:05,257 - INFO -    ✅ 9A4010999 | page 6
2026-06-06 14:01:05,257 - INFO - [WBC] 🔎 Detail: https://www.webuycars.co.za/buy-a-car/Volkswagen/Polo-Vivo-16-Style-5dr/BBF604018
2026-06-06 14:01:08,041 - INFO -    ✅ BBF604018 | page 6
2026-06-06 14:01:08,041 - INFO - [WBC] 📄 Page 7: https://www.webuycars.co.za/buy-a-car?Year=[2019,2026]&BodyType=["Hatchback"]&InspectionCondition=["Certified"]&page=7
2026-06-06 14:01:30,908 - INFO - [WBC] 🔎 Detail: https://www.webuycars.co.za/buy-a-car/Volkswagen/Polo-10-TSI/AE4407321
2026-06-06 14:01:34,165 - INFO -    ✅ AE4407321 | page 7
2026-06-06 14:01:34,166 - INFO - [WBC] 🔎 Detail: https://www.webuycars.co.za/buy-a-car/Ford/Figo-15ti-VCT-Ambiente-5dr/216211082
2026-06-06 14:01:43,231 - INFO -    ✅ 216211082 | page 7
2026-06-06 14:01:44,208 - INFO - ✅ Saved 10 car(s) to Firestore.
2026-06-06 14:01:44,208 - INFO - [WBC] 🔎 Detail: https://www.webuycars.co.za/buy-a-car/Renault/Triber-10-Prestige---Intens/322811842
2026-06-06 14:01:47,250 - INFO -    ✅ 322811842 | page 7
2026-06-06 14:01:47,250 - INFO - [WBC] 🔎 Detail: https://www.webuycars.co.za/buy-a-car/BMW/1-Series-118-M-Sport-Auto-F70/557D14279
2026-06-06 14:01:50,066 - INFO -    ✅ 557D14279 | page 7
2026-06-06 14:01:50,067 - INFO - [WBC] 🔎 Detail: https://www.webuycars.co.za/buy-a-car/Volkswagen/Polo-Vivo-16-Comfortline-TIP-5dr/740401977
2026-06-06 14:01:52,847 - INFO -    ✅ 740401977 | page 7
2026-06-06 14:01:52,848 - INFO - [WBC] 🔎 Detail: https://www.webuycars.co.za/buy-a-car/Ford/Fiesta-10-EcoBoost-Trend-5-Door/8EB112572
2026-06-06 14:01:55,870 - INFO -    ✅ 8EB112572 | page 7
2026-06-06 14:01:55,870 - INFO - [WBC] 🔎 Detail: https://www.webuycars.co.za/buy-a-car/Volkswagen/Polo-Vivo-16-Comfortline-TIP-5dr/BB5906600
2026-06-06 14:01:59,067 - INFO -    ✅ BB5906600 | page 7
2026-06-06 14:01:59,067 - INFO - [WBC] 🔎 Detail: https://www.webuycars.co.za/buy-a-car/Suzuki/Swift-12-GL/E68312523
2026-06-06 14:02:02,111 - INFO -    ✅ E68312523 | page 7
2026-06-06 14:02:02,111 - INFO - [WBC] 🔎 Detail: https://www.webuycars.co.za/buy-a-car/Toyota/Starlet-15-XS/5EF515637
2026-06-06 14:02:05,323 - INFO -    ✅ 5EF515637 | page 7
2026-06-06 14:02:05,323 - INFO - [WBC] 🔎 Detail: https://www.webuycars.co.za/buy-a-car/Hyundai/Atos-Atoz-11-Motion/9AEE15360
2026-06-06 14:02:09,070 - INFO -    ✅ 9AEE15360 | page 7
2026-06-06 14:02:09,070 - INFO - [WBC] 🔎 Detail: https://www.webuycars.co.za/buy-a-car/Volkswagen/Polo-Vivo-14-5dr/C0DB00721
2026-06-06 14:02:11,916 - INFO -    ✅ C0DB00721 | page 7
2026-06-06 14:02:11,916 - INFO - [WBC] 🔎 Detail: https://www.webuycars.co.za/buy-a-car/KIA/RIO-12-LS-5-Door/61B013994
2026-06-06 14:02:14,652 - INFO -    ✅ 61B013994 | page 7
2026-06-06 14:02:15,642 - INFO - ✅ Saved 10 car(s) to Firestore.
2026-06-06 14:02:15,642 - INFO - [WBC] 🔎 Detail: https://www.webuycars.co.za/buy-a-car/Suzuki/Swift-12-GLX-AMT/658803000
2026-06-06 14:02:18,391 - INFO -    ✅ 658803000 | page 7
2026-06-06 14:02:18,391 - INFO - [WBC] 🔎 Detail: https://www.webuycars.co.za/buy-a-car/Hyundai/i10-Grand-I10-12-Motion-premium-Auto/688214018
2026-06-06 14:02:21,082 - INFO -    ✅ 688214018 | page 7
2026-06-06 14:02:21,082 - INFO - [WBC] 🔎 Detail: https://www.webuycars.co.za/buy-a-car/KIA/Picanto-12-Smart-Auto/94A412942
2026-06-06 14:02:23,949 - INFO -    ✅ 94A412942 | page 7
2026-06-06 14:02:23,949 - INFO - [WBC] 🔎 Detail: https://www.webuycars.co.za/buy-a-car/Suzuki/Swift-12-GL/AFF104358
2026-06-06 14:02:33,068 - INFO -    ✅ AFF104358 | page 7
2026-06-06 14:02:33,069 - INFO - [WBC] 🔎 Detail: https://www.webuycars.co.za/buy-a-car/Suzuki/Swift-12-GA/C47E08354
2026-06-06 14:02:36,239 - INFO -    ✅ C47E08354 | page 7
2026-06-06 14:02:36,239 - INFO - [WBC] 🔎 Detail: https://www.webuycars.co.za/buy-a-car/Hyundai/i10-Grand-I10-10-Fluid-executive/2D7707050
2026-06-06 14:02:39,124 - INFO -    ✅ 2D7707050 | page 7
2026-06-06 14:02:39,124 - INFO - [WBC] 🔎 Detail: https://www.webuycars.co.za/buy-a-car/Toyota/Yaris-15-XS-CVT-5-Door/414408945
2026-06-06 14:02:41,792 - INFO -    ✅ 414408945 | page 7
2026-06-06 14:02:41,792 - INFO - [WBC] 🔎 Detail: https://www.webuycars.co.za/buy-a-car/Suzuki/Swift-12-GL-Auto/844213177
2026-06-06 14:02:45,165 - INFO -    ✅ 844213177 | page 7
2026-06-06 14:02:45,165 - INFO - [WBC] 🔎 Detail: https://www.webuycars.co.za/buy-a-car/Volkswagen/Golf-8-GTI-20-TSI-DSG/BC7C05844
2026-06-06 14:02:48,028 - INFO -    ✅ BC7C05844 | page 7
2026-06-06 14:02:48,028 - INFO - [WBC] 🔎 Detail: https://www.webuycars.co.za/buy-a-car/Toyota/Starlet-14-XR-Auto/E61B15425
2026-06-06 14:02:50,894 - INFO -    ✅ E61B15425 | page 7
2026-06-06 14:02:51,911 - INFO - ✅ Saved 10 car(s) to Firestore.
2026-06-06 14:02:51,911 - INFO - [WBC] 🔎 Detail: https://www.webuycars.co.za/buy-a-car/Hyundai/Atos-Atoz-11-Motion/C46B11372
2026-06-06 14:02:54,596 - INFO -    ✅ C46B11372 | page 7
2026-06-06 14:02:54,596 - INFO - [WBC] 📄 Page 8: https://www.webuycars.co.za/buy-a-car?Year=[2019,2026]&BodyType=["Hatchback"]&InspectionCondition=["Certified"]&page=8
2026-06-06 14:03:17,593 - INFO - [WBC] 🔎 Detail: https://www.webuycars.co.za/buy-a-car/Peugeot/2008-12T-Active-Auto/532102551
2026-06-06 14:03:21,201 - INFO -    ✅ 532102551 | page 8
2026-06-06 14:03:21,202 - INFO - [WBC] 🔎 Detail: https://www.webuycars.co.za/buy-a-car/Hyundai/i20-12-Motion/864215705
2026-06-06 14:03:23,956 - INFO -    ✅ 864215705 | page 8
2026-06-06 14:03:23,957 - INFO - [WBC] 🔎 Detail: https://www.webuycars.co.za/buy-a-car/Volkswagen/Polo-Vivo-16-Comfortline-TIP-5dr/BE6810897
2026-06-06 14:03:26,661 - INFO -    ✅ BE6810897 | page 8
2026-06-06 14:03:26,662 - INFO - [WBC] 🔎 Detail: https://www.webuycars.co.za/buy-a-car/Suzuki/Swift-12-GL/CCA909950
2026-06-06 14:03:29,400 - INFO -    ✅ CCA909950 | page 8
2026-06-06 14:03:29,401 - INFO - [WBC] 🔎 Detail: https://www.webuycars.co.za/buy-a-car/KIA/Picanto-12-Street/D82109246
2026-06-06 14:03:32,612 - INFO -    ✅ D82109246 | page 8
2026-06-06 14:03:32,613 - INFO - [WBC] 🔎 Detail: https://www.webuycars.co.za/buy-a-car/Volkswagen/Polo-Vivo-14-Comfortline-5dr/EFDB14647
2026-06-06 14:03:35,479 - INFO -    ✅ EFDB14647 | page 8
2026-06-06 14:03:35,479 - INFO - [WBC] 🔎 Detail: https://www.webuycars.co.za/buy-a-car/Renault/Sandero-900t-Stepway-Expression/049716372
2026-06-06 14:03:38,186 - INFO -    ✅ 049716372 | page 8
2026-06-06 14:03:38,186 - INFO - [WBC] 🔎 Detail: https://www.webuycars.co.za/buy-a-car/Toyota/Etios-15-Xs-sprint-5-Door/258A00220
2026-06-06 14:03:41,030 - INFO -    ✅ 258A00220 | page 8
2026-06-06 14:03:41,030 - INFO - [WBC] 🔎 Detail: https://www.webuycars.co.za/buy-a-car/Volkswagen/Polo-Vivo-14-5dr/3BC012916
2026-06-06 14:03:43,828 - INFO -    ✅ 3BC012916 | page 8
2026-06-06 14:03:44,877 - INFO - ✅ Saved 10 car(s) to Firestore.
2026-06-06 14:03:44,878 - INFO - [WBC] 🔎 Detail: https://www.webuycars.co.za/buy-a-car/Audi/A1-Sportback-30-TFSI-S-Tronic/629704999
2026-06-06 14:03:47,639 - INFO -    ✅ 629704999 | page 8
2026-06-06 14:03:47,640 - INFO - [WBC] 🔎 Detail: https://www.webuycars.co.za/buy-a-car/Hyundai/i10-Grand-I10-10-Motion-premium/6DE203271
2026-06-06 14:03:50,458 - INFO -    ✅ 6DE203271 | page 8
2026-06-06 14:03:50,458 - INFO - [WBC] 🔎 Detail: https://www.webuycars.co.za/buy-a-car/Hyundai/Atos-Atoz-11-Motion/EAE403611
2026-06-06 14:03:53,201 - INFO -    ✅ EAE403611 | page 8
2026-06-06 14:03:53,202 - INFO - [WBC] 🔎 Detail: https://www.webuycars.co.za/buy-a-car/Volkswagen/Polo-Vivo-14-Comfortline-5dr/EB9808902
2026-06-06 14:03:56,376 - INFO -    ✅ EB9808902 | page 8
2026-06-06 14:03:56,376 - INFO - [WBC] 🔎 Detail: https://www.webuycars.co.za/buy-a-car/Renault/Triber-10-Prestige---Intens-AMT/0F3703907
2026-06-06 14:03:59,530 - INFO -    ✅ 0F3703907 | page 8
2026-06-06 14:03:59,530 - INFO - [WBC] 🔎 Detail: https://www.webuycars.co.za/buy-a-car/Suzuki/Swift-12-GL-CVT/659114982
2026-06-06 14:04:02,392 - INFO -    ✅ 659114982 | page 8
2026-06-06 14:04:02,393 - INFO - [WBC] 🔎 Detail: https://www.webuycars.co.za/buy-a-car/Suzuki/Baleno-15-GL/72AB05302
2026-06-06 14:04:05,153 - INFO -    ✅ 72AB05302 | page 8
2026-06-06 14:04:05,154 - INFO - [WBC] 🔎 Detail: https://www.webuycars.co.za/buy-a-car/Toyota/Yaris-15-XS-CVT-5-Door/896711908
2026-06-06 14:04:07,978 - INFO -    ✅ 896711908 | page 8
2026-06-06 14:04:07,979 - INFO - [WBC] 🔎 Detail: https://www.webuycars.co.za/buy-a-car/Mazda/Mazda-3-15-Active-5-Door/AE4407812
2026-06-06 14:04:10,783 - INFO -    ✅ AE4407812 | page 8
2026-06-06 14:04:10,784 - INFO - [WBC] 🔎 Detail: https://www.webuycars.co.za/buy-a-car/Mazda/Mazda-2-15-Dynamic-5-Door/B01004261
2026-06-06 14:04:13,675 - INFO -    ✅ B01004261 | page 8
2026-06-06 14:04:14,624 - INFO - ✅ Saved 10 car(s) to Firestore.
2026-06-06 14:04:14,624 - INFO - [WBC] 🔎 Detail: https://www.webuycars.co.za/buy-a-car/Suzuki/Swift-14T-Sport/E39709208
2026-06-06 14:04:17,416 - INFO -    ✅ E39709208 | page 8
2026-06-06 14:04:17,417 - INFO - [WBC] 🔎 Detail: https://www.webuycars.co.za/buy-a-car/Hyundai/i10-Grand-I10-10-Motion-premium/E7F600687
2026-06-06 14:04:20,207 - INFO -    ✅ E7F600687 | page 8
2026-06-06 14:04:20,208 - INFO - [WBC] 🔎 Detail: https://www.webuycars.co.za/buy-a-car/Ford/Figo-15ti-VCT-Ambiente-5dr/EB2202211
2026-06-06 14:04:22,985 - INFO -    ✅ EB2202211 | page 8
2026-06-06 14:04:22,986 - INFO - [WBC] 🔎 Detail: https://www.webuycars.co.za/buy-a-car/Hyundai/i20-12-Motion/0AB114037
2026-06-06 14:04:25,771 - INFO -    ✅ 0AB114037 | page 8
2026-06-06 14:04:25,771 - INFO - [WBC] 📄 Page 9: https://www.webuycars.co.za/buy-a-car?Year=[2019,2026]&BodyType=["Hatchback"]&InspectionCondition=["Certified"]&page=9
2026-06-06 14:04:49,808 - INFO - [WBC] 🔎 Detail: https://www.webuycars.co.za/buy-a-car/KIA/Picanto-12-X-Line/1A2608927
2026-06-06 14:04:52,892 - INFO -    ✅ 1A2608927 | page 9
2026-06-06 14:04:52,893 - INFO - [WBC] 🔎 Detail: https://www.webuycars.co.za/buy-a-car/Volkswagen/Polo-10-TSI/4B2B10171
2026-06-06 14:04:55,846 - INFO -    ✅ 4B2B10171 | page 9
2026-06-06 14:04:55,846 - INFO - [WBC] 🔎 Detail: https://www.webuycars.co.za/buy-a-car/Hyundai/i20-12-Fluid/5E0F01951
2026-06-06 14:04:58,901 - INFO -    ✅ 5E0F01951 | page 9
2026-06-06 14:04:58,902 - INFO - [WBC] 🔎 Detail: https://www.webuycars.co.za/buy-a-car/Mazda/Mazda-2-15-Dynamic-5-Door/94BD14900
2026-06-06 14:05:08,549 - INFO -    ✅ 94BD14900 | page 9
2026-06-06 14:05:08,549 - INFO - [WBC] 🔎 Detail: https://www.webuycars.co.za/buy-a-car/Mazda/Mazda-2-15-Individual-5-Door/96E910438
2026-06-06 14:05:11,494 - INFO -    ✅ 96E910438 | page 9
2026-06-06 14:05:11,494 - INFO - [WBC] 🔎 Detail: https://www.webuycars.co.za/buy-a-car/Toyota/Starlet-15-XR-Auto/720202235
2026-06-06 14:05:15,107 - INFO -    ✅ 720202235 | page 9
2026-06-06 14:05:16,108 - INFO - ✅ Saved 10 car(s) to Firestore.
2026-06-06 14:05:16,108 - INFO - [WBC] 🔎 Detail: https://www.webuycars.co.za/buy-a-car/Ford/Fiesta-10-EcoBoost-Ambiente-5-Door/B65207216
2026-06-06 14:05:19,167 - INFO -    ✅ B65207216 | page 9
2026-06-06 14:05:19,167 - INFO - [WBC] 🔎 Detail: https://www.webuycars.co.za/buy-a-car/Volkswagen/Polo-10-TSI-Comfortline/CDB008875
2026-06-06 14:05:24,630 - INFO -    ✅ CDB008875 | page 9
2026-06-06 14:05:24,631 - INFO - [WBC] 🔎 Detail: https://www.webuycars.co.za/buy-a-car/Hyundai/i20-10tgdi-N-Line-DCT/EE5614126
2026-06-06 14:05:28,666 - INFO -    ✅ EE5614126 | page 9
2026-06-06 14:05:28,666 - INFO - [WBC] 🔎 Detail: https://www.webuycars.co.za/buy-a-car/Volkswagen/Polo-Vivo-16-Maxx-5dr/FFE415169
2026-06-06 14:05:32,006 - INFO -    ✅ FFE415169 | page 9
2026-06-06 14:05:32,007 - INFO - [WBC] 🔎 Detail: https://www.webuycars.co.za/buy-a-car/KIA/Picanto-10-Street/2ED201072
2026-06-06 14:05:34,778 - INFO -    ✅ 2ED201072 | page 9
2026-06-06 14:05:34,778 - INFO - [WBC] 🔎 Detail: https://www.webuycars.co.za/buy-a-car/Ford/Fiesta-10-EcoBoost-Titanium-5-Door/9FAF10482
2026-06-06 14:05:37,866 - INFO -    ✅ 9FAF10482 | page 9
2026-06-06 14:05:37,867 - INFO - [WBC] 🔎 Detail: https://www.webuycars.co.za/buy-a-car/Volkswagen/Polo-10-TSI-Life-DSG/B00415841
2026-06-06 14:05:40,683 - INFO -    ✅ B00415841 | page 9
2026-06-06 14:05:40,683 - INFO - [WBC] 🔎 Detail: https://www.webuycars.co.za/buy-a-car/Citroen/C3-12-Feel---Plus-61-KW/E09903104
2026-06-06 14:05:43,547 - INFO -    ✅ E09903104 | page 9
2026-06-06 14:05:43,548 - INFO - [WBC] 🔎 Detail: https://www.webuycars.co.za/buy-a-car/Suzuki/Swift-12-GLX-AMT/DB0412120
2026-06-06 14:05:46,399 - INFO -    ✅ DB0412120 | page 9
2026-06-06 14:05:46,399 - INFO - [WBC] 🔎 Detail: https://www.webuycars.co.za/buy-a-car/Hyundai/i20-12-Motion/F7E608497
2026-06-06 14:05:49,164 - INFO -    ✅ F7E608497 | page 9
2026-06-06 14:05:50,104 - INFO - ✅ Saved 10 car(s) to Firestore.
2026-06-06 14:05:50,105 - INFO - [WBC] 🔎 Detail: https://www.webuycars.co.za/buy-a-car/KIA/Picanto-10-Start/49A115487
2026-06-06 14:05:52,913 - INFO -    ✅ 49A115487 | page 9
2026-06-06 14:05:52,913 - INFO - [WBC] 🔎 Detail: https://www.webuycars.co.za/buy-a-car/Toyota/Starlet-14-XI/6CB113151
2026-06-06 14:05:55,925 - INFO -    ✅ 6CB113151 | page 9
2026-06-06 14:05:55,925 - INFO - [WBC] 🔎 Detail: https://www.webuycars.co.za/buy-a-car/Volkswagen/Polo-Vivo-14-Comfortline-5dr/D39E15977
2026-06-06 14:05:58,681 - INFO -    ✅ D39E15977 | page 9
2026-06-06 14:05:58,682 - INFO - [WBC] 🔎 Detail: https://www.webuycars.co.za/buy-a-car/Suzuki/Swift-12-GL-AMT/1DF315354
2026-06-06 14:06:01,799 - INFO -    ✅ 1DF315354 | page 9
2026-06-06 14:06:01,799 - INFO - [WBC] 🔎 Detail: https://www.webuycars.co.za/buy-a-car/Hyundai/i20-12-Motion/6C9600732
2026-06-06 14:06:05,192 - INFO -    ✅ 6C9600732 | page 9
2026-06-06 14:06:05,192 - INFO - [WBC] 🔎 Detail: https://www.webuycars.co.za/buy-a-car/KIA/RIO-14-TEC-5-Door/89A311521
2026-06-06 14:06:08,189 - INFO -    ✅ 89A311521 | page 9
2026-06-06 14:06:08,189 - INFO - [WBC] 🔎 Detail: https://www.webuycars.co.za/buy-a-car/KIA/Picanto-10-Start/946107145
2026-06-06 14:06:10,942 - INFO -    ✅ 946107145 | page 9
2026-06-06 14:06:10,943 - INFO - [WBC] 🔎 Detail: https://www.webuycars.co.za/buy-a-car/Suzuki/Baleno-15-GL/324206043
2026-06-06 14:06:13,765 - INFO -    ✅ 324206043 | page 9
2026-06-06 14:06:13,765 - INFO - [WBC] 📄 Page 10: https://www.webuycars.co.za/buy-a-car?Year=[2019,2026]&BodyType=["Hatchback"]&InspectionCondition=["Certified"]&page=10
2026-06-06 14:06:37,251 - INFO - [WBC] 🔎 Detail: https://www.webuycars.co.za/buy-a-car/KIA/Picanto-12-Smart/34FE10878
2026-06-06 14:06:40,428 - INFO -    ✅ 34FE10878 | page 10
2026-06-06 14:06:40,428 - INFO - [WBC] 🔎 Detail: https://www.webuycars.co.za/buy-a-car/Suzuki/Swift-12-GL/922815668
2026-06-06 14:06:43,814 - INFO -    ✅ 922815668 | page 10
2026-06-06 14:06:46,013 - INFO - ✅ Saved 10 car(s) to Firestore.
2026-06-06 14:06:46,013 - INFO - [WBC] 🔎 Detail: https://www.webuycars.co.za/buy-a-car/Audi/A5-Sportback-40-TDI-quattro-S-tronic-S-Line/CE3415662
2026-06-06 14:06:49,258 - INFO -    ✅ CE3415662 | page 10
2026-06-06 14:06:49,259 - INFO - [WBC] 🔎 Detail: https://www.webuycars.co.za/buy-a-car/KIA/Picanto-12-X-Line/022F13833
2026-06-06 14:06:52,092 - INFO -    ✅ 022F13833 | page 10
2026-06-06 14:06:52,093 - INFO - [WBC] 🔎 Detail: https://www.webuycars.co.za/buy-a-car/Toyota/Yaris-15-XS-CVT-5-Door/09C203326
2026-06-06 14:06:54,852 - INFO -    ✅ 09C203326 | page 10
2026-06-06 14:06:54,853 - INFO - [WBC] 🔎 Detail: https://www.webuycars.co.za/buy-a-car/Volkswagen/Polo-10-TSI/2F5512109
2026-06-06 14:06:57,732 - INFO -    ✅ 2F5512109 | page 10
2026-06-06 14:06:57,732 - INFO - [WBC] 🔎 Detail: https://www.webuycars.co.za/buy-a-car/Volkswagen/Polo-10-TSI-Comfortline-DSG/62A106661
2026-06-06 14:07:00,563 - INFO -    ✅ 62A106661 | page 10
2026-06-06 14:07:00,563 - INFO - [WBC] 🔎 Detail: https://www.webuycars.co.za/buy-a-car/Citroen/C3-12-Puretech-Shine-81-KW/A1EB11048
2026-06-06 14:07:03,558 - INFO -    ✅ A1EB11048 | page 10
2026-06-06 14:07:03,558 - INFO - [WBC] 🔎 Detail: https://www.webuycars.co.za/buy-a-car/Volkswagen/Polo-20-GTI-DSG-147-KW/ADAB14682
2026-06-06 14:07:06,359 - INFO -    ✅ ADAB14682 | page 10
2026-06-06 14:07:06,359 - INFO - [WBC] 🔎 Detail: https://www.webuycars.co.za/buy-a-car/Fiat/500-900t-Sport/E3E311077
2026-06-06 14:07:09,175 - INFO -    ✅ E3E311077 | page 10
2026-06-06 14:07:09,175 - INFO - [WBC] 🔎 Detail: https://www.webuycars.co.za/buy-a-car/Toyota/Yaris-15-XS-5-Door/19C708587
2026-06-06 14:07:12,049 - INFO -    ✅ 19C708587 | page 10
2026-06-06 14:07:12,050 - INFO - [WBC] 🔎 Detail: https://www.webuycars.co.za/buy-a-car/Suzuki/Swift-12-GL/1B8915843
2026-06-06 14:07:15,347 - INFO -    ✅ 1B8915843 | page 10
2026-06-06 14:07:16,339 - INFO - ✅ Saved 10 car(s) to Firestore.
2026-06-06 14:07:16,340 - INFO - [WBC] 🔎 Detail: https://www.webuycars.co.za/buy-a-car/Toyota/Starlet-15-XS-Auto/6B5B11467
2026-06-06 14:07:19,208 - INFO -    ✅ 6B5B11467 | page 10
2026-06-06 14:07:19,208 - INFO - [WBC] 🔎 Detail: https://www.webuycars.co.za/buy-a-car/Volkswagen/Polo-Vivo-14-Comfortline-5dr/532D09818
2026-06-06 14:07:21,998 - INFO -    ✅ 532D09818 | page 10
2026-06-06 14:07:21,999 - INFO - [WBC] 🔎 Detail: https://www.webuycars.co.za/buy-a-car/Toyota/Starlet-15-XI/A65E14826
2026-06-06 14:07:24,750 - INFO -    ✅ A65E14826 | page 10
2026-06-06 14:07:24,750 - INFO - [WBC] 🔎 Detail: https://www.webuycars.co.za/buy-a-car/Ford/Fiesta-10-EcoBoost-Trend-5-Door/7E5513991
2026-06-06 14:07:27,572 - INFO -    ✅ 7E5513991 | page 10
2026-06-06 14:07:27,572 - INFO - [WBC] 🔎 Detail: https://www.webuycars.co.za/buy-a-car/Ford/Fiesta-10-EcoBoost-Trend-5-Door/993000902
2026-06-06 14:07:30,548 - INFO -    ✅ 993000902 | page 10
2026-06-06 14:07:30,548 - INFO - [WBC] 🔎 Detail: https://www.webuycars.co.za/buy-a-car/Ford/Figo-15ti-VCT-Trend-Auto-5dr/D08D02026
2026-06-06 14:07:33,412 - INFO -    ✅ D08D02026 | page 10
2026-06-06 14:07:33,413 - INFO - [WBC] 🔎 Detail: https://www.webuycars.co.za/buy-a-car/KIA/Picanto-12-X-Line-Auto/753214878
2026-06-06 14:07:36,291 - INFO -    ✅ 753214878 | page 10
2026-06-06 14:07:36,291 - INFO - [WBC] 🔎 Detail: https://www.webuycars.co.za/buy-a-car/Opel/Astra-10T-Essentia-5dr/991809792
2026-06-06 14:07:39,140 - INFO -    ✅ 991809792 | page 10
2026-06-06 14:07:39,141 - INFO - [WBC] 🔎 Detail: https://www.webuycars.co.za/buy-a-car/Volkswagen/Polo-Vivo-14-Trendline-5dr/F5F111635
2026-06-06 14:07:41,991 - INFO -    ✅ F5F111635 | page 10
2026-06-06 14:07:41,992 - INFO - [WBC] 🔎 Detail: https://www.webuycars.co.za/buy-a-car/Hyundai/i20-12-Motion/035401063
2026-06-06 14:07:45,022 - INFO -    ✅ 035401063 | page 10
2026-06-06 14:07:45,975 - INFO - ✅ Saved 10 car(s) to Firestore.
2026-06-06 14:07:45,975 - INFO - [WBC] 🔎 Detail: https://www.webuycars.co.za/buy-a-car/KIA/RIO-14-EX-5-Door/B1FD14282
2026-06-06 14:07:49,270 - INFO -    ✅ B1FD14282 | page 10
2026-06-06 14:07:49,270 - INFO - [WBC] 🔎 Detail: https://www.webuycars.co.za/buy-a-car/Suzuki/Baleno-15-GLX-Auto/127501587
2026-06-06 14:07:51,966 - INFO -    ✅ 127501587 | page 10
2026-06-06 14:07:51,966 - INFO - [WBC] 📄 Page 11: https://www.webuycars.co.za/buy-a-car?Year=[2019,2026]&BodyType=["Hatchback"]&InspectionCondition=["Certified"]&page=11
2026-06-06 14:08:15,420 - INFO - [WBC] 🔎 Detail: https://www.webuycars.co.za/buy-a-car/Toyota/Starlet-15-XS-Auto/512E09121
2026-06-06 14:08:18,236 - INFO -    ✅ 512E09121 | page 11
2026-06-06 14:08:18,236 - INFO - [WBC] 🔎 Detail: https://www.webuycars.co.za/buy-a-car/Volkswagen/Polo-10-TSI-Comfortline/88E611186
2026-06-06 14:08:21,058 - INFO -    ✅ 88E611186 | page 11
2026-06-06 14:08:21,058 - INFO - [WBC] 🔎 Detail: https://www.webuycars.co.za/buy-a-car/Ford/Figo-15ti-VCT-Trend-Auto-5dr/C31615464
2026-06-06 14:08:24,375 - INFO -    ✅ C31615464 | page 11
2026-06-06 14:08:24,375 - INFO - [WBC] 🔎 Detail: https://www.webuycars.co.za/buy-a-car/KIA/Picanto-10-Street/FC0402770
2026-06-06 14:08:27,606 - INFO -    ✅ FC0402770 | page 11
2026-06-06 14:08:27,606 - INFO - [WBC] 🔎 Detail: https://www.webuycars.co.za/buy-a-car/Renault/Sandero-900t-Stepway-Plus-techroad/230112289
2026-06-06 14:08:30,409 - INFO -    ✅ 230112289 | page 11
2026-06-06 14:08:30,409 - INFO - [WBC] 🔎 Detail: https://www.webuycars.co.za/buy-a-car/Toyota/Starlet-15-XS/46D115885
2026-06-06 14:08:33,185 - INFO -    ✅ 46D115885 | page 11
2026-06-06 14:08:33,185 - INFO - [WBC] 🔎 Detail: https://www.webuycars.co.za/buy-a-car/Volkswagen/Polo-10-TSI/97F306361
2026-06-06 14:08:36,079 - INFO -    ✅ 97F306361 | page 11
2026-06-06 14:08:36,079 - INFO - [WBC] 🔎 Detail: https://www.webuycars.co.za/buy-a-car/KIA/Picanto-12-X-Line-Auto/9D4B12400
2026-06-06 14:08:38,983 - INFO -    ✅ 9D4B12400 | page 11
2026-06-06 14:08:39,903 - INFO - ✅ Saved 10 car(s) to Firestore.
2026-06-06 14:08:39,904 - INFO - [WBC] 🔎 Detail: https://www.webuycars.co.za/buy-a-car/Hyundai/i10-Grand-I10-10-Motion-Auto/A05309298
2026-06-06 14:08:42,667 - INFO -    ✅ A05309298 | page 11
2026-06-06 14:08:42,668 - INFO - [WBC] 🔎 Detail: https://www.webuycars.co.za/buy-a-car/Hyundai/i10-Grand-I10-10-Motion/554809755
2026-06-06 14:08:45,505 - INFO -    ✅ 554809755 | page 11
2026-06-06 14:08:45,505 - INFO - [WBC] 🔎 Detail: https://www.webuycars.co.za/buy-a-car/Suzuki/Swift-14T-Sport-Auto/910417745
2026-06-06 14:08:48,344 - INFO -    ✅ 910417745 | page 11
2026-06-06 14:08:48,344 - INFO - [WBC] 🔎 Detail: https://www.webuycars.co.za/buy-a-car/Volkswagen/Polo-10-TSI/BC8B16088
2026-06-06 14:08:51,015 - INFO -    ✅ BC8B16088 | page 11
2026-06-06 14:08:51,015 - INFO - [WBC] 🔎 Detail: https://www.webuycars.co.za/buy-a-car/Suzuki/Swift-12-GA/E1FB07983
2026-06-06 14:08:54,088 - INFO -    ✅ E1FB07983 | page 11
2026-06-06 14:08:54,089 - INFO - [WBC] 🔎 Detail: https://www.webuycars.co.za/buy-a-car/Peugeot/2008-12T-Puretech-Allure-Auto/EB4D06438
2026-06-06 14:08:56,942 - INFO -    ✅ EB4D06438 | page 11
2026-06-06 14:08:56,942 - INFO - [WBC] 🔎 Detail: https://www.webuycars.co.za/buy-a-car/Renault/Triber-10-Prestige---Intens-AMT/FACF16486
2026-06-06 14:09:00,077 - INFO -    ✅ FACF16486 | page 11
2026-06-06 14:09:00,077 - INFO - [WBC] 🔎 Detail: https://www.webuycars.co.za/buy-a-car/Hyundai/i20-12-Motion/FF1009099
2026-06-06 14:09:03,087 - INFO -    ✅ FF1009099 | page 11
2026-06-06 14:09:03,087 - INFO - [WBC] 🔎 Detail: https://www.webuycars.co.za/buy-a-car/Mini/Mini-ONE-15T-Auto/52D007511
2026-06-06 14:09:05,813 - INFO -    ✅ 52D007511 | page 11
2026-06-06 14:09:05,814 - INFO - [WBC] 🔎 Detail: https://www.webuycars.co.za/buy-a-car/Toyota/Starlet-15-XS/8C7602046
2026-06-06 14:09:08,734 - INFO -    ✅ 8C7602046 | page 11
2026-06-06 14:09:09,769 - INFO - ✅ Saved 10 car(s) to Firestore.
2026-06-06 14:09:09,769 - INFO - [WBC] 🔎 Detail: https://www.webuycars.co.za/buy-a-car/Volkswagen/Polo-10-TSI/E86C13727
2026-06-06 14:09:12,608 - INFO -    ✅ E86C13727 | page 11
2026-06-06 14:09:12,608 - INFO - [WBC] 🔎 Detail: https://www.webuycars.co.za/buy-a-car/Honda/FIT-15-Elegance-CVT/23C100754
2026-06-06 14:09:15,569 - INFO -    ✅ 23C100754 | page 11
2026-06-06 14:09:15,569 - INFO - [WBC] 🔎 Detail: https://www.webuycars.co.za/buy-a-car/Volkswagen/Polo-Vivo-16-Highline-5dr/46ED11440
2026-06-06 14:09:18,435 - INFO -    ✅ 46ED11440 | page 11
2026-06-06 14:09:18,435 - INFO - [WBC] 🔎 Detail: https://www.webuycars.co.za/buy-a-car/Volkswagen/Polo-Vivo-14-5dr/67D113524
2026-06-06 14:09:21,302 - INFO -    ✅ 67D113524 | page 11
2026-06-06 14:09:21,303 - INFO - [WBC] 🔎 Detail: https://www.webuycars.co.za/buy-a-car/Toyota/Starlet-15-XS-Auto/778706566
2026-06-06 14:09:24,370 - INFO -    ✅ 778706566 | page 11
2026-06-06 14:09:24,370 - INFO - [WBC] 🔎 Detail: https://www.webuycars.co.za/buy-a-car/BMW/1-Series-f40-118i-M-Sport-Auto-F40/804613406
2026-06-06 14:09:27,279 - INFO -    ✅ 804613406 | page 11
2026-06-06 14:09:27,280 - INFO - [WBC] 📄 Page 12: https://www.webuycars.co.za/buy-a-car?Year=[2019,2026]&BodyType=["Hatchback"]&InspectionCondition=["Certified"]&page=12
2026-06-06 14:09:52,173 - INFO - [WBC] 🔎 Detail: https://www.webuycars.co.za/buy-a-car/KIA/Picanto-12-EX-Auto/813C16011
2026-06-06 14:09:55,488 - INFO -    ✅ 813C16011 | page 12
2026-06-06 14:09:55,489 - INFO - [WBC] 🔎 Detail: https://www.webuycars.co.za/buy-a-car/Ford/Figo-15ti-VCT-Trend-5dr/AFF111557
2026-06-06 14:09:58,469 - INFO -    ✅ AFF111557 | page 12
2026-06-06 14:09:58,469 - INFO - [WBC] 🔎 Detail: https://www.webuycars.co.za/buy-a-car/KIA/Picanto-12-X-Line/D11813817
2026-06-06 14:10:01,285 - INFO -    ✅ D11813817 | page 12
2026-06-06 14:10:01,286 - INFO - [WBC] 🔎 Detail: https://www.webuycars.co.za/buy-a-car/Volkswagen/Polo-10-TSI/E90203617
2026-06-06 14:10:04,110 - INFO -    ✅ E90203617 | page 12
2026-06-06 14:10:05,114 - INFO - ✅ Saved 10 car(s) to Firestore.
2026-06-06 14:10:05,114 - INFO - [WBC] 🔎 Detail: https://www.webuycars.co.za/buy-a-car/Toyota/Starlet-15-XI/14AD00993
2026-06-06 14:10:07,866 - INFO -    ✅ 14AD00993 | page 12
2026-06-06 14:10:07,867 - INFO - [WBC] 🔎 Detail: https://www.webuycars.co.za/buy-a-car/Hyundai/i20-10-Tgdi-Fluid/349500225
2026-06-06 14:10:10,609 - INFO -    ✅ 349500225 | page 12
2026-06-06 14:10:10,610 - INFO - [WBC] 🔎 Detail: https://www.webuycars.co.za/buy-a-car/Suzuki/Baleno-14-GL-5-Door/42CD11198
2026-06-06 14:10:13,344 - INFO -    ✅ 42CD11198 | page 12
2026-06-06 14:10:13,344 - INFO - [WBC] 🔎 Detail: https://www.webuycars.co.za/buy-a-car/KIA/Picanto-12-X-Line/BAB613516
2026-06-06 14:10:16,295 - INFO -    ✅ BAB613516 | page 12
2026-06-06 14:10:16,295 - INFO - [WBC] 🔎 Detail: https://www.webuycars.co.za/buy-a-car/Peugeot/208-12T-GT-Auto/6B6300746
2026-06-06 14:10:19,619 - INFO -    ✅ 6B6300746 | page 12
2026-06-06 14:10:19,620 - INFO - [WBC] 🔎 Detail: https://www.webuycars.co.za/buy-a-car/Ford/Fiesta-10-EcoBoost-Trend-5-Door/AD7E09459
2026-06-06 14:10:22,381 - INFO -    ✅ AD7E09459 | page 12
2026-06-06 14:10:22,381 - INFO - [WBC] 🔎 Detail: https://www.webuycars.co.za/buy-a-car/Hyundai/i20-12-Motion/967601947
2026-06-06 14:10:25,147 - INFO -    ✅ 967601947 | page 12
2026-06-06 14:10:25,147 - INFO - [WBC] 🔎 Detail: https://www.webuycars.co.za/buy-a-car/Hyundai/i20-14-Motion-Auto/A15611168
2026-06-06 14:10:27,834 - INFO -    ✅ A15611168 | page 12
2026-06-06 14:10:27,835 - INFO - [WBC] 🔎 Detail: https://www.webuycars.co.za/buy-a-car/KIA/RIO-14-TEC-5-Door/B17908504
2026-06-06 14:10:31,182 - INFO -    ✅ B17908504 | page 12
2026-06-06 14:10:31,183 - INFO - [WBC] 🔎 Detail: https://www.webuycars.co.za/buy-a-car/Mini/Cooper-S-Auto/C4F007440
2026-06-06 14:10:34,341 - INFO -    ✅ C4F007440 | page 12
2026-06-06 14:10:35,340 - INFO - ✅ Saved 10 car(s) to Firestore.
2026-06-06 14:10:35,341 - INFO - [WBC] 🔎 Detail: https://www.webuycars.co.za/buy-a-car/Toyota/Yaris-15-Sport-5-Door/0C9900515
2026-06-06 14:10:38,391 - INFO -    ✅ 0C9900515 | page 12
2026-06-06 14:10:38,392 - INFO - [WBC] 🔎 Detail: https://www.webuycars.co.za/buy-a-car/Nissan/Micra-10T-Tekna-84-KW/365F14889
2026-06-06 14:10:41,216 - INFO -    ✅ 365F14889 | page 12
2026-06-06 14:10:41,216 - INFO - [WBC] 🔎 Detail: https://www.webuycars.co.za/buy-a-car/Toyota/Yaris-15-XS-5-Door/482703612
2026-06-06 14:10:43,964 - INFO -    ✅ 482703612 | page 12
2026-06-06 14:10:43,965 - INFO - [WBC] 🔎 Detail: https://www.webuycars.co.za/buy-a-car/Hyundai/i10-Grand-I10-10-Motion/3C9715945
2026-06-06 14:10:46,688 - INFO -    ✅ 3C9715945 | page 12
2026-06-06 14:10:46,688 - INFO - [WBC] 🔎 Detail: https://www.webuycars.co.za/buy-a-car/Volkswagen/Polo-Vivo-14-Comfortline-5dr/9E1215314
2026-06-06 14:10:49,710 - INFO -    ✅ 9E1215314 | page 12
2026-06-06 14:10:49,711 - INFO - [WBC] 🔎 Detail: https://www.webuycars.co.za/buy-a-car/Hyundai/i20-14-Motion-Auto/CB2E09832
2026-06-06 14:10:52,307 - INFO -    ✅ CB2E09832 | page 12
2026-06-06 14:10:52,307 - INFO - [WBC] 🔎 Detail: https://www.webuycars.co.za/buy-a-car/Mazda/Mazda-2-15-Dynamic-5-Door/FA5609513
2026-06-06 14:10:55,268 - INFO -    ✅ FA5609513 | page 12
2026-06-06 14:10:55,268 - INFO - [WBC] 🔎 Detail: https://www.webuycars.co.za/buy-a-car/Suzuki/Baleno-15-GL/01FF06546
2026-06-06 14:10:58,045 - INFO -    ✅ 01FF06546 | page 12
2026-06-06 14:10:58,046 - INFO - [WBC] 🔎 Detail: https://www.webuycars.co.za/buy-a-car/Volkswagen/Polo-10-TSI-R-Line-DSG/145D10772
2026-06-06 14:11:00,876 - INFO -    ✅ 145D10772 | page 12
2026-06-06 14:11:00,876 - INFO - [WBC] 🔎 Detail: https://www.webuycars.co.za/buy-a-car/Volkswagen/Polo-10-TSI-Life-DSG/8A1106343
2026-06-06 14:11:04,554 - INFO -    ✅ 8A1106343 | page 12
2026-06-06 14:11:05,504 - INFO - ✅ Saved 10 car(s) to Firestore.
2026-06-06 14:11:05,504 - INFO - [WBC] 📄 Page 13: https://www.webuycars.co.za/buy-a-car?Year=[2019,2026]&BodyType=["Hatchback"]&InspectionCondition=["Certified"]&page=13
2026-06-06 14:11:28,946 - INFO - [WBC] 🔎 Detail: https://www.webuycars.co.za/buy-a-car/Ford/Fiesta-10-EcoBoost-Trend-5-Door/3FC708889
2026-06-06 14:11:31,740 - INFO -    ✅ 3FC708889 | page 13
2026-06-06 14:11:31,740 - INFO - [WBC] 🔎 Detail: https://www.webuycars.co.za/buy-a-car/Nissan/Micra-10T-Tekna-Plus-84-KW/5E7606641
2026-06-06 14:11:34,495 - INFO -    ✅ 5E7606641 | page 13
2026-06-06 14:11:34,495 - INFO - [WBC] 🔎 Detail: https://www.webuycars.co.za/buy-a-car/Ford/Fiesta-10-EcoBoost-Trend-5-Door/CF3112868
2026-06-06 14:11:37,836 - INFO -    ✅ CF3112868 | page 13
2026-06-06 14:11:37,837 - INFO - [WBC] 🔎 Detail: https://www.webuycars.co.za/buy-a-car/Volkswagen/Polo-Vivo-14-Trendline-5dr/DEBA01395
2026-06-06 14:11:41,261 - INFO -    ✅ DEBA01395 | page 13
2026-06-06 14:11:41,261 - INFO - [WBC] 🔎 Detail: https://www.webuycars.co.za/buy-a-car/Volkswagen/Polo-10-TSI-Trendline/107714016
2026-06-06 14:11:44,035 - INFO -    ✅ 107714016 | page 13
2026-06-06 14:11:44,035 - INFO - [WBC] 🔎 Detail: https://www.webuycars.co.za/buy-a-car/Ford/Fiesta-10-EcoBoost-Titanium-5-Door/270D00475
2026-06-06 14:11:46,911 - INFO -    ✅ 270D00475 | page 13
2026-06-06 14:11:46,911 - INFO - [WBC] 🔎 Detail: https://www.webuycars.co.za/buy-a-car/Volkswagen/Polo-10-TSI-Comfortline/454301736
2026-06-06 14:11:49,616 - INFO -    ✅ 454301736 | page 13
2026-06-06 14:11:49,617 - INFO - [WBC] 🔎 Detail: https://www.webuycars.co.za/buy-a-car/Suzuki/Swift-12-GL/BB8C12634
2026-06-06 14:11:52,520 - INFO -    ✅ BB8C12634 | page 13
2026-06-06 14:11:52,520 - INFO - [WBC] 🔎 Detail: https://www.webuycars.co.za/buy-a-car/Volkswagen/Polo-10-TSI-Comfortline-DSG/0BFD09394
2026-06-06 14:11:55,566 - INFO -    ✅ 0BFD09394 | page 13
2026-06-06 14:11:55,567 - INFO - [WBC] 🔎 Detail: https://www.webuycars.co.za/buy-a-car/Audi/A1-Sportback-35-TFSI-S-Tronic/6B8C14711
2026-06-06 14:11:58,372 - INFO -    ✅ 6B8C14711 | page 13
2026-06-06 14:11:59,299 - INFO - ✅ Saved 10 car(s) to Firestore.
2026-06-06 14:11:59,300 - INFO - [WBC] 🔎 Detail: https://www.webuycars.co.za/buy-a-car/Mini/Mini-ONE-15T/BDBE15012
2026-06-06 14:12:02,139 - INFO -    ✅ BDBE15012 | page 13
2026-06-06 14:12:02,140 - INFO - [WBC] 🔎 Detail: https://www.webuycars.co.za/buy-a-car/Nissan/Micra-900t-Acenta/E55909503
2026-06-06 14:12:04,884 - INFO -    ✅ E55909503 | page 13
2026-06-06 14:12:04,884 - INFO - [WBC] 🔎 Detail: https://www.webuycars.co.za/buy-a-car/Volkswagen/Polo-10-TSI-Life-DSG/ECA714309
2026-06-06 14:12:08,120 - INFO -    ✅ ECA714309 | page 13
2026-06-06 14:12:08,120 - INFO - [WBC] 🔎 Detail: https://www.webuycars.co.za/buy-a-car/Volkswagen/Polo-Vivo-14-Comfortline-5dr/253306350
2026-06-06 14:12:11,866 - INFO -    ✅ 253306350 | page 13
2026-06-06 14:12:11,866 - INFO - [WBC] 🔎 Detail: https://www.webuycars.co.za/buy-a-car/Suzuki/Swift-12-GLX/0B9015471
2026-06-06 14:12:14,758 - INFO -    ✅ 0B9015471 | page 13
2026-06-06 14:12:14,759 - INFO - [WBC] 🔎 Detail: https://www.webuycars.co.za/buy-a-car/Volkswagen/Polo-Vivo-14-Comfortline-5dr/70A814790
2026-06-06 14:12:17,495 - INFO -    ✅ 70A814790 | page 13
2026-06-06 14:12:17,496 - INFO - [WBC] 🔎 Detail: https://www.webuycars.co.za/buy-a-car/KIA/RIO-14-TEC-5-Door/7EAA11531
2026-06-06 14:12:20,512 - INFO -    ✅ 7EAA11531 | page 13
2026-06-06 14:12:20,513 - INFO - [WBC] 🔎 Detail: https://www.webuycars.co.za/buy-a-car/Volkswagen/Polo-10-TSI/89A211449
2026-06-06 14:12:23,385 - INFO -    ✅ 89A211449 | page 13
2026-06-06 14:12:23,385 - INFO - [WBC] 🔎 Detail: https://www.webuycars.co.za/buy-a-car/Nissan/Micra-10T-Tekna-84-KW/8A6611458
2026-06-06 14:12:26,186 - INFO -    ✅ 8A6611458 | page 13
2026-06-06 14:12:26,187 - INFO - [WBC] 🔎 Detail: https://www.webuycars.co.za/buy-a-car/Ford/Figo-15ti-VCT-Ambiente-5dr/35AA13256
2026-06-06 14:12:30,971 - INFO -    ✅ 35AA13256 | page 13
2026-06-06 14:12:31,935 - INFO - ✅ Saved 10 car(s) to Firestore.
2026-06-06 14:12:31,935 - INFO - [WBC] 🔎 Detail: https://www.webuycars.co.za/buy-a-car/Suzuki/Swift-12-GL/474803017
2026-06-06 14:12:35,008 - INFO -    ✅ 474803017 | page 13
2026-06-06 14:12:35,009 - INFO - [WBC] 🔎 Detail: https://www.webuycars.co.za/buy-a-car/Renault/Sandero-900t-Stepway-Dynamique/96C606461
2026-06-06 14:12:37,768 - INFO -    ✅ 96C606461 | page 13
2026-06-06 14:12:37,768 - INFO - [WBC] 🔎 Detail: https://www.webuycars.co.za/buy-a-car/KIA/Picanto-10-LX/D13904308
2026-06-06 14:12:40,496 - INFO -    ✅ D13904308 | page 13
2026-06-06 14:12:40,496 - INFO - [WBC] 🔎 Detail: https://www.webuycars.co.za/buy-a-car/Volkswagen/Polo-10-TSI-Comfortline/12C002188
2026-06-06 14:12:43,344 - INFO -    ✅ 12C002188 | page 13
2026-06-06 14:12:43,344 - INFO - [WBC] 📄 Page 14: https://www.webuycars.co.za/buy-a-car?Year=[2019,2026]&BodyType=["Hatchback"]&InspectionCondition=["Certified"]&page=14
2026-06-06 14:13:07,587 - INFO - [WBC] 🔎 Detail: https://www.webuycars.co.za/buy-a-car/Renault/Sandero-900t-Stepway-Dynamique/96C606461
2026-06-06 14:13:10,297 - INFO -    ✅ 96C606461 | page 14
2026-06-06 14:13:10,297 - INFO - [WBC] 🔎 Detail: https://www.webuycars.co.za/buy-a-car/KIA/Picanto-10-LX/D13904308
2026-06-06 14:13:13,013 - INFO -    ✅ D13904308 | page 14
2026-06-06 14:13:13,013 - INFO - [WBC] 🔎 Detail: https://www.webuycars.co.za/buy-a-car/Volkswagen/Polo-10-TSI-Comfortline/12C002188
2026-06-06 14:13:15,642 - INFO -    ✅ 12C002188 | page 14
2026-06-06 14:13:15,642 - INFO - [WBC] 🔎 Detail: https://www.webuycars.co.za/buy-a-car/Volkswagen/Polo-10-TSI/284605531
2026-06-06 14:13:18,395 - INFO -    ✅ 284605531 | page 14
2026-06-06 14:13:18,395 - INFO - [WBC] 🔎 Detail: https://www.webuycars.co.za/buy-a-car/Volkswagen/Polo-10-TSI-Life-DSG/506113236
2026-06-06 14:13:22,056 - INFO -    ✅ 506113236 | page 14
2026-06-06 14:13:22,057 - INFO - [WBC] 🔎 Detail: https://www.webuycars.co.za/buy-a-car/Toyota/Corolla-12T-XR-CVT-5dr/BF8A10028
2026-06-06 14:13:24,802 - INFO -    ✅ BF8A10028 | page 14
2026-06-06 14:13:25,756 - INFO - ✅ Saved 10 car(s) to Firestore.
2026-06-06 14:13:25,756 - INFO - [WBC] 🔎 Detail: https://www.webuycars.co.za/buy-a-car/Toyota/Starlet-15-XS-Auto/E54908050
2026-06-06 14:13:28,539 - INFO -    ✅ E54908050 | page 14
2026-06-06 14:13:28,539 - INFO - [WBC] 🔎 Detail: https://www.webuycars.co.za/buy-a-car/Renault/Sandero-900t-Stepway-Plus-techroad/132800170
2026-06-06 14:13:31,209 - INFO -    ✅ 132800170 | page 14
2026-06-06 14:13:31,209 - INFO - [WBC] 🔎 Detail: https://www.webuycars.co.za/buy-a-car/Ford/Figo-15ti-VCT-Titanium-5dr/5FEE00649
2026-06-06 14:13:34,102 - INFO -    ✅ 5FEE00649 | page 14
2026-06-06 14:13:34,102 - INFO - [WBC] 🔎 Detail: https://www.webuycars.co.za/buy-a-car/Suzuki/Swift-14T-Sport-Auto/770901849
2026-06-06 14:13:37,088 - INFO -    ✅ 770901849 | page 14
2026-06-06 14:13:37,089 - INFO - [WBC] 🔎 Detail: https://www.webuycars.co.za/buy-a-car/Ford/Fiesta-10-EcoBoost-Trend-5-Door/89B717084
2026-06-06 14:13:39,941 - INFO -    ✅ 89B717084 | page 14
2026-06-06 14:13:39,941 - INFO - [WBC] 🔎 Detail: https://www.webuycars.co.za/buy-a-car/Volkswagen/Polo-Vivo-16-Comfortline-TIP-5dr/DB0A00854
2026-06-06 14:13:42,699 - INFO -    ✅ DB0A00854 | page 14
2026-06-06 14:13:42,699 - INFO - [WBC] 🔎 Detail: https://www.webuycars.co.za/buy-a-car/Mini/Cooper-Auto/253412879
2026-06-06 14:13:45,743 - INFO -    ✅ 253412879 | page 14
2026-06-06 14:13:45,743 - INFO - [WBC] 🔎 Detail: https://www.webuycars.co.za/buy-a-car/Audi/A1-Sportback-35-TFSI-S-Tronic/B38B04164
2026-06-06 14:13:48,584 - INFO -    ✅ B38B04164 | page 14
2026-06-06 14:13:48,585 - INFO - [WBC] 🔎 Detail: https://www.webuycars.co.za/buy-a-car/Hyundai/i20-10-Tgdi-Fluid/C7F105585
2026-06-06 14:13:51,517 - INFO -    ✅ C7F105585 | page 14
2026-06-06 14:13:51,517 - INFO - [WBC] 🔎 Detail: https://www.webuycars.co.za/buy-a-car/Mini/Mini-ONE-12T/639514230
2026-06-06 14:13:54,338 - INFO -    ✅ 639514230 | page 14
2026-06-06 14:13:55,585 - INFO - ✅ Saved 10 car(s) to Firestore.
2026-06-06 14:13:55,586 - INFO - [WBC] 🔎 Detail: https://www.webuycars.co.za/buy-a-car/Suzuki/Baleno-15-GLX/EFDF15738
2026-06-06 14:13:58,684 - INFO -    ✅ EFDF15738 | page 14
2026-06-06 14:13:58,684 - INFO - [WBC] 🔎 Detail: https://www.webuycars.co.za/buy-a-car/Volkswagen/Polo-10-TSI-Life/FD1205799
2026-06-06 14:14:01,615 - INFO -    ✅ FD1205799 | page 14
2026-06-06 14:14:01,616 - INFO - [WBC] 🔎 Detail: https://www.webuycars.co.za/buy-a-car/Volkswagen/Polo-10-TSI-Life-DSG/371614690
2026-06-06 14:14:04,952 - INFO -    ✅ 371614690 | page 14
2026-06-06 14:14:04,952 - INFO - [WBC] 🔎 Detail: https://www.webuycars.co.za/buy-a-car/Volkswagen/Polo-10-TSI-Highline-DSG-85-KW/EADD02918
2026-06-06 14:14:07,979 - INFO -    ✅ EADD02918 | page 14
2026-06-06 14:14:07,979 - INFO - [WBC] 🔎 Detail: https://www.webuycars.co.za/buy-a-car/Toyota/Starlet-15-XS/4AD807797
2026-06-06 14:14:10,889 - INFO -    ✅ 4AD807797 | page 14
2026-06-06 14:14:10,889 - INFO - [WBC] 🔎 Detail: https://www.webuycars.co.za/buy-a-car/Volkswagen/Polo-10-TSI-Life-DSG/73DD11321
2026-06-06 14:14:13,753 - INFO -    ✅ 73DD11321 | page 14
2026-06-06 14:14:13,753 - INFO - [WBC] 🔎 Detail: https://www.webuycars.co.za/buy-a-car/Volkswagen/Polo-Vivo-16-Comfortline-TIP-5dr/75D605206
2026-06-06 14:14:16,627 - INFO -    ✅ 75D605206 | page 14
2026-06-06 14:14:16,627 - INFO - [WBC] 🔎 Detail: https://www.webuycars.co.za/buy-a-car/Volkswagen/Polo-10-TSI-Comfortline/C75608453
2026-06-06 14:14:19,591 - INFO -    ✅ C75608453 | page 14
2026-06-06 14:14:19,592 - INFO - [WBC] 📄 Page 15: https://www.webuycars.co.za/buy-a-car?Year=[2019,2026]&BodyType=["Hatchback"]&InspectionCondition=["Certified"]&page=15
2026-06-06 14:14:43,160 - INFO - [WBC] 🔎 Detail: https://www.webuycars.co.za/buy-a-car/KIA/Picanto-10-Style/2A9505502
2026-06-06 14:14:46,433 - INFO -    ✅ 2A9505502 | page 15
2026-06-06 14:14:46,433 - INFO - [WBC] 🔎 Detail: https://www.webuycars.co.za/buy-a-car/Volkswagen/Polo-10-TSI-Life-DSG/9D3414375
2026-06-06 14:14:49,634 - INFO -    ✅ 9D3414375 | page 15
2026-06-06 14:14:50,668 - INFO - ✅ Saved 10 car(s) to Firestore.
2026-06-06 14:14:50,668 - INFO - [WBC] 🔎 Detail: https://www.webuycars.co.za/buy-a-car/Mini/Cooper-Countryman-Auto/9F8A07312
2026-06-06 14:14:53,567 - INFO -    ✅ 9F8A07312 | page 15
2026-06-06 14:14:53,567 - INFO - [WBC] 🔎 Detail: https://www.webuycars.co.za/buy-a-car/Volkswagen/Polo-20-GTI-DSG-147-KW/F0B416198
2026-06-06 14:14:56,631 - INFO -    ✅ F0B416198 | page 15
2026-06-06 14:14:56,631 - INFO - [WBC] 🔎 Detail: https://www.webuycars.co.za/buy-a-car/Ford/Fiesta-10-EcoBoost-Titanium-Auto-5-Door/413C13858
2026-06-06 14:14:59,489 - INFO -    ✅ 413C13858 | page 15
2026-06-06 14:14:59,489 - INFO - [WBC] 🔎 Detail: https://www.webuycars.co.za/buy-a-car/Toyota/Etios-15-Xs-sprint-5-Door/94EC08196
2026-06-06 14:15:02,399 - INFO -    ✅ 94EC08196 | page 15
2026-06-06 14:15:02,399 - INFO - [WBC] 🔎 Detail: https://www.webuycars.co.za/buy-a-car/Volkswagen/Polo-10-TSI-Comfortline/AF9B14759
2026-06-06 14:15:05,194 - INFO -    ✅ AF9B14759 | page 15
2026-06-06 14:15:05,194 - INFO - [WBC] 🔎 Detail: https://www.webuycars.co.za/buy-a-car/Toyota/Yaris-15-XS-5-Door/029E03443
2026-06-06 14:15:07,911 - INFO -    ✅ 029E03443 | page 15
2026-06-06 14:15:07,912 - INFO - [WBC] 🔎 Detail: https://www.webuycars.co.za/buy-a-car/Hyundai/i20-10-Tgdi-Fluid/530413217
2026-06-06 14:15:11,536 - INFO -    ✅ 530413217 | page 15
2026-06-06 14:15:11,537 - INFO - [WBC] 🔎 Detail: https://www.webuycars.co.za/buy-a-car/KIA/RIO-14-LX-Auto-5-Door/B6CE00397
2026-06-06 14:15:14,340 - INFO -    ✅ B6CE00397 | page 15
2026-06-06 14:15:14,340 - INFO - [WBC] 🔎 Detail: https://www.webuycars.co.za/buy-a-car/Toyota/Starlet-14-XS-Auto/066116022
2026-06-06 14:15:17,455 - INFO -    ✅ 066116022 | page 15
2026-06-06 14:15:17,455 - INFO - [WBC] 🔎 Detail: https://www.webuycars.co.za/buy-a-car/Volkswagen/Polo-10-TSI-Life-DSG/6F6A09857
2026-06-06 14:15:20,495 - INFO -    ✅ 6F6A09857 | page 15
2026-06-06 14:15:21,722 - INFO - ✅ Saved 10 car(s) to Firestore.
2026-06-06 14:15:21,723 - INFO - [WBC] 🔎 Detail: https://www.webuycars.co.za/buy-a-car/Opel/Corsa-GSI-14T-3dr/A05007664
2026-06-06 14:15:24,661 - INFO -    ✅ A05007664 | page 15
2026-06-06 14:15:24,661 - INFO - [WBC] 🔎 Detail: https://www.webuycars.co.za/buy-a-car/Mini/Cooper-Countryman-Auto/A22607971
2026-06-06 14:15:27,685 - INFO -    ✅ A22607971 | page 15
2026-06-06 14:15:27,686 - INFO - [WBC] 🔎 Detail: https://www.webuycars.co.za/buy-a-car/Peugeot/208-Active-12-Puretech-5-Door/3D4F17180
2026-06-06 14:15:30,533 - INFO -    ✅ 3D4F17180 | page 15
2026-06-06 14:15:30,533 - INFO - [WBC] 🔎 Detail: https://www.webuycars.co.za/buy-a-car/Ford/Figo-Freestyle-15ti-VCT-Titanium-5-Door/BE3A03291
2026-06-06 14:15:33,381 - INFO -    ✅ BE3A03291 | page 15
2026-06-06 14:15:33,382 - INFO - [WBC] 🔎 Detail: https://www.webuycars.co.za/buy-a-car/Audi/A1-Sportback-10T-FSI-SE-Stronic-25-TFSI/C40F15677
2026-06-06 14:15:36,308 - INFO -    ✅ C40F15677 | page 15
2026-06-06 14:15:36,309 - INFO - [WBC] 🔎 Detail: https://www.webuycars.co.za/buy-a-car/Audi/A3-Sportback-35-TFSI-tiptronic/513E13732
2026-06-06 14:15:39,271 - INFO -    ✅ 513E13732 | page 15
2026-06-06 14:15:39,272 - INFO - [WBC] 🔎 Detail: https://www.webuycars.co.za/buy-a-car/Mini/Cooper-S-Auto/819610318
2026-06-06 14:15:41,897 - INFO -    ✅ 819610318 | page 15
2026-06-06 14:15:41,897 - INFO - [WBC] 🔎 Detail: https://www.webuycars.co.za/buy-a-car/Ford/Fiesta-10-EcoBoost-Trend-5-Door-Auto/8AE808219
2026-06-06 14:15:44,871 - INFO -    ✅ 8AE808219 | page 15
2026-06-06 14:15:44,872 - INFO - [WBC] 🔎 Detail: https://www.webuycars.co.za/buy-a-car/Mazda/Mazda-2-15-Dynamic-Auto-5-Door/D86F14326
2026-06-06 14:15:47,724 - INFO -    ✅ D86F14326 | page 15
2026-06-06 14:15:47,724 - INFO - [WBC] 🔎 Detail: https://www.webuycars.co.za/buy-a-car/KIA/Picanto-12-X-Line-Auto/564E03723
2026-06-06 14:15:50,601 - INFO -    ✅ 564E03723 | page 15
2026-06-06 14:15:51,596 - INFO - ✅ Saved 10 car(s) to Firestore.
2026-06-06 14:15:51,597 - INFO - [WBC] 🔎 Detail: https://www.webuycars.co.za/buy-a-car/Volkswagen/Polo-Vivo-16-Comfortline-TIP-5dr/FABE13734
2026-06-06 14:15:54,859 - INFO -    ✅ FABE13734 | page 15
2026-06-06 14:15:54,859 - INFO - [WBC] 🔎 Detail: https://www.webuycars.co.za/buy-a-car/Peugeot/2008-GT-12T-Auto/223415946
2026-06-06 14:15:58,058 - INFO -    ✅ 223415946 | page 15
2026-06-06 14:15:58,059 - INFO - [WBC] 📄 Page 16: https://www.webuycars.co.za/buy-a-car?Year=[2019,2026]&BodyType=["Hatchback"]&InspectionCondition=["Certified"]&page=16
2026-06-06 14:16:21,593 - INFO - [WBC] 🔎 Detail: https://www.webuycars.co.za/buy-a-car/Ford/Fiesta-10-EcoBoost-Titanium-Auto-5-Door/4BD010368
2026-06-06 14:16:24,463 - INFO -    ✅ 4BD010368 | page 16
2026-06-06 14:16:24,463 - INFO - [WBC] 🔎 Detail: https://www.webuycars.co.za/buy-a-car/Hyundai/i20-10tgdi-N-Line-DCT/7F2102794
2026-06-06 14:16:27,323 - INFO -    ✅ 7F2102794 | page 16
2026-06-06 14:16:27,323 - INFO - [WBC] 🔎 Detail: https://www.webuycars.co.za/buy-a-car/Hyundai/i20-12-Motion/177213419
2026-06-06 14:16:30,587 - INFO -    ✅ 177213419 | page 16
2026-06-06 14:16:30,588 - INFO - [WBC] 🔎 Detail: https://www.webuycars.co.za/buy-a-car/Volkswagen/Golf-8-GTI-20-TSI-DSG/63D507131
2026-06-06 14:16:33,836 - INFO -    ✅ 63D507131 | page 16
2026-06-06 14:16:33,836 - INFO - [WBC] 🔎 Detail: https://www.webuycars.co.za/buy-a-car/Volkswagen/Golf-7-14-TSI-Comfortline-DSG/87E502038
2026-06-06 14:16:36,600 - INFO -    ✅ 87E502038 | page 16
2026-06-06 14:16:36,601 - INFO - [WBC] 🔎 Detail: https://www.webuycars.co.za/buy-a-car/Volkswagen/Polo-Vivo-16-Comfortline-TIP-5dr/AACF17005
2026-06-06 14:16:39,177 - INFO -    ✅ AACF17005 | page 16
2026-06-06 14:16:39,177 - INFO - [WBC] 🔎 Detail: https://www.webuycars.co.za/buy-a-car/Volkswagen/Polo-20-GTI-DSG-147-KW/C6A214853
2026-06-06 14:16:41,982 - INFO -    ✅ C6A214853 | page 16
2026-06-06 14:16:41,983 - INFO - [WBC] 🔎 Detail: https://www.webuycars.co.za/buy-a-car/KIA/RIO-14-TEC-5-Door/F6D016458
2026-06-06 14:16:44,840 - INFO -    ✅ F6D016458 | page 16
2026-06-06 14:16:45,864 - INFO - ✅ Saved 10 car(s) to Firestore.
2026-06-06 14:16:45,864 - INFO - [WBC] 🔎 Detail: https://www.webuycars.co.za/buy-a-car/Volvo/V40-T3-Inscription-Geartronic/0C2507175
2026-06-06 14:16:48,636 - INFO -    ✅ 0C2507175 | page 16
2026-06-06 14:16:48,637 - INFO - [WBC] 🔎 Detail: https://www.webuycars.co.za/buy-a-car/Volkswagen/Polo-10-TSI/84B205530
2026-06-06 14:16:51,498 - INFO -    ✅ 84B205530 | page 16
2026-06-06 14:16:51,499 - INFO - [WBC] 🔎 Detail: https://www.webuycars.co.za/buy-a-car/Volkswagen/Polo-10-TSI-Comfortline-DSG/76E716807
2026-06-06 14:16:54,318 - INFO -    ✅ 76E716807 | page 16
2026-06-06 14:16:54,318 - INFO - [WBC] 🔎 Detail: https://www.webuycars.co.za/buy-a-car/Audi/A1-Sportback-30-TFSI-S-Tronic/9B6406411
2026-06-06 14:16:57,122 - INFO -    ✅ 9B6406411 | page 16
2026-06-06 14:16:57,123 - INFO - [WBC] 🔎 Detail: https://www.webuycars.co.za/buy-a-car/Volkswagen/Polo-10-TSI-Highline-DSG-85-KW/AD7912482
2026-06-06 14:17:00,204 - INFO -    ✅ AD7912482 | page 16
2026-06-06 14:17:00,205 - INFO - [WBC] 🔎 Detail: https://www.webuycars.co.za/buy-a-car/Volkswagen/Polo-Vivo-14-Mswenko-5dr/E38015150
2026-06-06 14:17:02,942 - INFO -    ✅ E38015150 | page 16
2026-06-06 14:17:02,942 - INFO - [WBC] 🔎 Detail: https://www.webuycars.co.za/buy-a-car/Volkswagen/Polo-Vivo-10-TSI-GT-5dr/6AF911005
2026-06-06 14:17:05,908 - INFO -    ✅ 6AF911005 | page 16
2026-06-06 14:17:05,908 - INFO - [WBC] 🔎 Detail: https://www.webuycars.co.za/buy-a-car/Audi/A3-Sportback-10-TFSI-Stronic-30-TFSI/973211023
2026-06-06 14:17:08,786 - INFO -    ✅ 973211023 | page 16
2026-06-06 14:17:08,786 - INFO - [WBC] 🔎 Detail: https://www.webuycars.co.za/buy-a-car/Volkswagen/Polo-10-TSI-Life-DSG/E65405716
2026-06-06 14:17:11,599 - INFO -    ✅ E65405716 | page 16
2026-06-06 14:17:11,600 - INFO - [WBC] 🔎 Detail: https://www.webuycars.co.za/buy-a-car/Audi/A3-Sportback-10-TFSI-Stronic-30-TFSI/6D1714647
2026-06-06 14:17:14,632 - INFO -    ✅ 6D1714647 | page 16
2026-06-06 14:17:15,600 - INFO - ✅ Saved 10 car(s) to Firestore.
2026-06-06 14:17:15,600 - INFO - [WBC] 🔎 Detail: https://www.webuycars.co.za/buy-a-car/Volkswagen/Polo-10-TSI-Comfortline/33BE04209
2026-06-06 14:17:18,453 - INFO -    ✅ 33BE04209 | page 16
2026-06-06 14:17:18,453 - INFO - [WBC] 🔎 Detail: https://www.webuycars.co.za/buy-a-car/Hyundai/i20-10-Tgdi-Fluid/B44D16615
2026-06-06 14:17:21,272 - INFO -    ✅ B44D16615 | page 16
2026-06-06 14:17:21,273 - INFO - [WBC] 🔎 Detail: https://www.webuycars.co.za/buy-a-car/Hyundai/i20-14-Fluid/AB3316053
2026-06-06 14:17:24,163 - INFO -    ✅ AB3316053 | page 16
2026-06-06 14:17:24,163 - INFO - [WBC] 🔎 Detail: https://www.webuycars.co.za/buy-a-car/Volkswagen/Polo-10-TSI/0A2504745
2026-06-06 14:17:26,879 - INFO -    ✅ 0A2504745 | page 16
2026-06-06 14:17:26,879 - INFO - [WBC] 🔎 Detail: https://www.webuycars.co.za/buy-a-car/Suzuki/Baleno-15-GL/C4BD12340
2026-06-06 14:17:29,822 - INFO -    ✅ C4BD12340 | page 16
2026-06-06 14:17:29,822 - INFO - [WBC] 🔎 Detail: https://www.webuycars.co.za/buy-a-car/Ford/Fiesta-10-EcoBoost-Titanium-Auto-5-Door/1C5809233
2026-06-06 14:17:32,736 - INFO -    ✅ 1C5809233 | page 16
2026-06-06 14:17:32,736 - INFO - [WBC] 📄 Page 17: https://www.webuycars.co.za/buy-a-car?Year=[2019,2026]&BodyType=["Hatchback"]&InspectionCondition=["Certified"]&page=17
2026-06-06 14:17:56,722 - INFO - [WBC] 🔎 Detail: https://www.webuycars.co.za/buy-a-car/Volkswagen/Polo-10-TSI-Life-DSG/9B3104249
2026-06-06 14:18:00,102 - INFO -    ✅ 9B3104249 | page 17
2026-06-06 14:18:00,102 - INFO - [WBC] 🔎 Detail: https://www.webuycars.co.za/buy-a-car/Volkswagen/Polo-10-TSI-Life-DSG/9ACA11420
2026-06-06 14:18:02,958 - INFO -    ✅ 9ACA11420 | page 17
2026-06-06 14:18:02,958 - INFO - [WBC] 🔎 Detail: https://www.webuycars.co.za/buy-a-car/Volkswagen/Golf-8-GTI-20-TSI-DSG/FF3D14594
2026-06-06 14:18:05,743 - INFO -    ✅ FF3D14594 | page 17
2026-06-06 14:18:05,743 - INFO - [WBC] 🔎 Detail: https://www.webuycars.co.za/buy-a-car/Volkswagen/Polo-10-TSI-Comfortline/913502957
2026-06-06 14:18:08,520 - INFO -    ✅ 913502957 | page 17
2026-06-06 14:18:09,532 - INFO - ✅ Saved 10 car(s) to Firestore.
2026-06-06 14:18:09,532 - INFO - [WBC] 🔎 Detail: https://www.webuycars.co.za/buy-a-car/Hyundai/i20-14-Fluid-Auto/B09B12796
2026-06-06 14:18:12,287 - INFO -    ✅ B09B12796 | page 17
2026-06-06 14:18:12,287 - INFO - [WBC] 🔎 Detail: https://www.webuycars.co.za/buy-a-car/Audi/A3-Sportback-RS3-Sportback-quattro-S-tronic/1E4310988
2026-06-06 14:18:15,006 - INFO -    ✅ 1E4310988 | page 17
2026-06-06 14:18:15,007 - INFO - [WBC] 🔎 Detail: https://www.webuycars.co.za/buy-a-car/Volkswagen/Polo-10-TSI-Life-DSG/343710264
2026-06-06 14:18:17,809 - INFO -    ✅ 343710264 | page 17
2026-06-06 14:18:17,810 - INFO - [WBC] 🔎 Detail: https://www.webuycars.co.za/buy-a-car/Volkswagen/Polo-10-TSI-Life/F91505170
2026-06-06 14:18:20,583 - INFO -    ✅ F91505170 | page 17
2026-06-06 14:18:20,584 - INFO - [WBC] 🔎 Detail: https://www.webuycars.co.za/buy-a-car/KIA/Picanto-10-Style/A92300711
2026-06-06 14:18:23,790 - INFO -    ✅ A92300711 | page 17
2026-06-06 14:18:23,790 - INFO - [WBC] 🔎 Detail: https://www.webuycars.co.za/buy-a-car/Audi/A5-Sportback-40-TDI-quattro-S-tronic-S-Line/B72A00948
2026-06-06 14:18:26,575 - INFO -    ✅ B72A00948 | page 17
2026-06-06 14:18:26,575 - INFO - [WBC] 🔎 Detail: https://www.webuycars.co.za/buy-a-car/Audi/A1-Sportback-35-TFSI-S-Tronic/F09E00584
2026-06-06 14:18:29,397 - INFO -    ✅ F09E00584 | page 17
2026-06-06 14:18:29,398 - INFO - [WBC] 🔎 Detail: https://www.webuycars.co.za/buy-a-car/Volkswagen/Polo-10-TSI-Comfortline/404715581
2026-06-06 14:18:31,985 - INFO -    ✅ 404715581 | page 17
2026-06-06 14:18:31,985 - INFO - [WBC] 🔎 Detail: https://www.webuycars.co.za/buy-a-car/Volkswagen/Polo-10-TSI-Life-DSG/F99D09488
2026-06-06 14:18:35,063 - INFO -    ✅ F99D09488 | page 17
2026-06-06 14:18:35,063 - INFO - [WBC] 🔎 Detail: https://www.webuycars.co.za/buy-a-car/Ford/Fiesta-10-EcoBoost-Titanium-Auto-5-Door/0F2D01079
2026-06-06 14:18:38,403 - INFO -    ✅ 0F2D01079 | page 17
2026-06-06 14:18:39,348 - INFO - ✅ Saved 10 car(s) to Firestore.
2026-06-06 14:18:39,348 - INFO - [WBC] 🔎 Detail: https://www.webuycars.co.za/buy-a-car/KIA/RIO-14-TEC-Auto-5-Door/671506199
2026-06-06 14:18:42,556 - INFO -    ✅ 671506199 | page 17
2026-06-06 14:18:42,556 - INFO - [WBC] 🔎 Detail: https://www.webuycars.co.za/buy-a-car/Volkswagen/Polo-10-TSI-Comfortline-DSG/390E03467
2026-06-06 14:18:45,453 - INFO -    ✅ 390E03467 | page 17
2026-06-06 14:18:45,454 - INFO - [WBC] 🔎 Detail: https://www.webuycars.co.za/buy-a-car/Audi/A3-Sportback-35-TFSI-tiptronic/CFCF14885
2026-06-06 14:18:50,962 - INFO -    ✅ CFCF14885 | page 17
2026-06-06 14:18:50,963 - INFO - [WBC] 🔎 Detail: https://www.webuycars.co.za/buy-a-car/Volkswagen/Polo-10-TSI-Life-DSG/8B7F14075
2026-06-06 14:18:53,964 - INFO -    ✅ 8B7F14075 | page 17
2026-06-06 14:18:53,965 - INFO - [WBC] 🔎 Detail: https://www.webuycars.co.za/buy-a-car/Volkswagen/Polo-Vivo-14-Comfortline-5dr/C71013682
2026-06-06 14:18:56,656 - INFO -    ✅ C71013682 | page 17
2026-06-06 14:18:56,657 - INFO - [WBC] 🔎 Detail: https://www.webuycars.co.za/buy-a-car/Volkswagen/Polo-20-GTI-DSG-147-KW/F97305774
2026-06-06 14:18:59,565 - INFO -    ✅ F97305774 | page 17
2026-06-06 14:18:59,566 - INFO - [WBC] 🔎 Detail: https://www.webuycars.co.za/buy-a-car/Volkswagen/Golf-7-14-TSI-Comfortline-DSG/5D9E15996
2026-06-06 14:19:02,409 - INFO -    ✅ 5D9E15996 | page 17
2026-06-06 14:19:02,410 - INFO - [WBC] 🔎 Detail: https://www.webuycars.co.za/buy-a-car/Volkswagen/Polo-Vivo-14-Comfortline-5dr/63E514321
2026-06-06 14:19:05,274 - INFO -    ✅ 63E514321 | page 17
2026-06-06 14:19:05,274 - INFO - [WBC] 🔎 Detail: https://www.webuycars.co.za/buy-a-car/Mini/Clubman-Cooper-Clubman-Auto/CB3F01705
2026-06-06 14:19:08,881 - INFO -    ✅ CB3F01705 | page 17
2026-06-06 14:19:08,881 - INFO - [WBC] 🔎 Detail: https://www.webuycars.co.za/buy-a-car/Renault/Kwid-10-Dynamique---ZEN---Techno-5-Door-AMT/300B04925
2026-06-06 14:19:11,635 - INFO -    ✅ 300B04925 | page 17
2026-06-06 14:19:12,624 - INFO - ✅ Saved 10 car(s) to Firestore.
2026-06-06 14:19:12,624 - INFO - [WBC] 📄 Page 18: https://www.webuycars.co.za/buy-a-car?Year=[2019,2026]&BodyType=["Hatchback"]&InspectionCondition=["Certified"]&page=18
2026-06-06 14:19:36,352 - INFO - [WBC] 🔎 Detail: https://www.webuycars.co.za/buy-a-car/Renault/Kwid-10-Climber-5-Door/3F7C15343
2026-06-06 14:19:39,358 - INFO -    ✅ 3F7C15343 | page 18
2026-06-06 14:19:39,358 - INFO - [WBC] 🔎 Detail: https://www.webuycars.co.za/buy-a-car/Volkswagen/Polo-10-TSI-Life/56B400644
2026-06-06 14:19:41,670 - INFO -    ✅ 56B400644 | page 18
2026-06-06 14:19:41,670 - INFO - [WBC] 🔎 Detail: https://www.webuycars.co.za/buy-a-car/Renault/Kwid-10-Dynamique---ZEN---Techno-5-Door/6D7002016
2026-06-06 14:19:46,241 - INFO -    ✅ 6D7002016 | page 18
2026-06-06 14:19:46,242 - INFO - [WBC] 🔎 Detail: https://www.webuycars.co.za/buy-a-car/Volkswagen/Polo-10-TSI-Comfortline/9ECB04915
2026-06-06 14:19:49,548 - INFO -    ✅ 9ECB04915 | page 18
2026-06-06 14:19:49,548 - INFO - [WBC] 🔎 Detail: https://www.webuycars.co.za/buy-a-car/Volkswagen/Golf-8-GTI-20-TSI-DSG/E72201140
2026-06-06 14:19:52,360 - INFO -    ✅ E72201140 | page 18
2026-06-06 14:19:52,360 - INFO - [WBC] 🔎 Detail: https://www.webuycars.co.za/buy-a-car/Hyundai/i20-12-Motion/FBAD08846
2026-06-06 14:19:55,131 - INFO -    ✅ FBAD08846 | page 18
2026-06-06 14:19:55,131 - INFO - [WBC] 🔎 Detail: https://www.webuycars.co.za/buy-a-car/Mercedes-Benz/A-Class-A-200-Auto/3EA205912
2026-06-06 14:19:57,893 - INFO -    ✅ 3EA205912 | page 18
2026-06-06 14:19:57,894 - INFO - [WBC] 🔎 Detail: https://www.webuycars.co.za/buy-a-car/Volkswagen/Polo-Vivo-14-Trendline-5dr/65AD15661
2026-06-06 14:20:00,606 - INFO -    ✅ 65AD15661 | page 18
2026-06-06 14:20:00,606 - INFO - [WBC] 🔎 Detail: https://www.webuycars.co.za/buy-a-car/Suzuki/Swift-12-GA/73B605324
2026-06-06 14:20:03,708 - INFO -    ✅ 73B605324 | page 18
2026-06-06 14:20:03,709 - INFO - [WBC] 🔎 Detail: https://www.webuycars.co.za/buy-a-car/Renault/Kwid-10-Dynamique---ZEN---Techno-5-Door/B80803073
2026-06-06 14:20:06,452 - INFO -    ✅ B80803073 | page 18
2026-06-06 14:20:07,422 - INFO - ✅ Saved 10 car(s) to Firestore.
2026-06-06 14:20:07,423 - INFO - [WBC] 🔎 Detail: https://www.webuycars.co.za/buy-a-car/Volkswagen/Golf-8-GTI-20-TSI-DSG/60DD08620
2026-06-06 14:20:10,308 - INFO -    ✅ 60DD08620 | page 18
2026-06-06 14:20:10,308 - INFO - [WBC] 🔎 Detail: https://www.webuycars.co.za/buy-a-car/KIA/Picanto-10-Style-Auto/348D02772
2026-06-06 14:20:13,032 - INFO -    ✅ 348D02772 | page 18
2026-06-06 14:20:13,032 - INFO - [WBC] 🔎 Detail: https://www.webuycars.co.za/buy-a-car/KIA/RIO-14-EX-5-Door/6DBA09261
2026-06-06 14:20:15,804 - INFO -    ✅ 6DBA09261 | page 18
2026-06-06 14:20:15,804 - INFO - [WBC] 🔎 Detail: https://www.webuycars.co.za/buy-a-car/Suzuki/Celerio-10-GL-AMT/064104912
2026-06-06 14:20:19,171 - INFO -    ✅ 064104912 | page 18
2026-06-06 14:20:19,172 - INFO - [WBC] 🔎 Detail: https://www.webuycars.co.za/buy-a-car/Volkswagen/Polo-Vivo-14-Comfortline-5dr/339516034
2026-06-06 14:20:22,096 - INFO -    ✅ 339516034 | page 18
2026-06-06 14:20:22,096 - INFO - [WBC] 🔎 Detail: https://www.webuycars.co.za/buy-a-car/Toyota/Yaris-15-XS-CVT-5-Door/7EBF14702
2026-06-06 14:20:25,354 - INFO -    ✅ 7EBF14702 | page 18
2026-06-06 14:20:25,354 - INFO - [WBC] 🔎 Detail: https://www.webuycars.co.za/buy-a-car/KIA/RIO-14-TEC-Auto-5-Door/D02907168
2026-06-06 14:20:28,615 - INFO -    ✅ D02907168 | page 18
2026-06-06 14:20:28,615 - INFO - [WBC] 🔎 Detail: https://www.webuycars.co.za/buy-a-car/KIA/RIO-14-TEC-Auto-5-Door/D9FD14955
2026-06-06 14:20:31,511 - INFO -    ✅ D9FD14955 | page 18
2026-06-06 14:20:31,511 - INFO - [WBC] 🔎 Detail: https://www.webuycars.co.za/buy-a-car/Hyundai/Atos-Atoz-11-Motion-AMT/6F6D15069
2026-06-06 14:20:34,188 - INFO -    ✅ 6F6D15069 | page 18
2026-06-06 14:20:34,188 - INFO - [WBC] 🔎 Detail: https://www.webuycars.co.za/buy-a-car/Mazda/Mazda-2-15-Dynamic-Auto-5-Door/7FE902712
2026-06-06 14:20:36,984 - INFO -    ✅ 7FE902712 | page 18
2026-06-06 14:20:37,957 - INFO - ✅ Saved 10 car(s) to Firestore.
2026-06-06 14:20:37,958 - INFO - [WBC] 🔎 Detail: https://www.webuycars.co.za/buy-a-car/Hyundai/Atos-Atoz-11-Motion/926C13731
2026-06-06 14:20:40,870 - INFO -    ✅ 926C13731 | page 18
2026-06-06 14:20:40,870 - INFO - [WBC] 🔎 Detail: https://www.webuycars.co.za/buy-a-car/Volkswagen/Polo-10-TSI-Life/AFCB07920
2026-06-06 14:20:43,728 - INFO -    ✅ AFCB07920 | page 18
2026-06-06 14:20:43,729 - INFO - [WBC] 🔎 Detail: https://www.webuycars.co.za/buy-a-car/Citroen/C3-12-Puretech-Feel-60-KW/804501432
2026-06-06 14:20:46,501 - INFO -    ✅ 804501432 | page 18
2026-06-06 14:20:46,501 - INFO - [WBC] 🔎 Detail: https://www.webuycars.co.za/buy-a-car/Mini/Cooper-Countryman-Cooper-D-Countryman-Auto/E86105942
2026-06-06 14:20:49,813 - INFO -    ✅ E86105942 | page 18
2026-06-06 14:20:49,813 - INFO - [WBC] 📄 Page 19: https://www.webuycars.co.za/buy-a-car?Year=[2019,2026]&BodyType=["Hatchback"]&InspectionCondition=["Certified"]&page=19
2026-06-06 14:21:13,401 - INFO - [WBC] 🔎 Detail: https://www.webuycars.co.za/buy-a-car/Citroen/C3-12-Feel---Plus-61-KW/2DFD06688
2026-06-06 14:21:16,180 - INFO -    ✅ 2DFD06688 | page 19
2026-06-06 14:21:16,180 - INFO - [WBC] 🔎 Detail: https://www.webuycars.co.za/buy-a-car/Toyota/Starlet-14-XS-Auto/381608897
2026-06-06 14:21:19,051 - INFO -    ✅ 381608897 | page 19
2026-06-06 14:21:19,051 - INFO - [WBC] 🔎 Detail: https://www.webuycars.co.za/buy-a-car/Citroen/C3-12-Feel---Plus-61-KW/4A9507494
2026-06-06 14:21:21,941 - INFO -    ✅ 4A9507494 | page 19
2026-06-06 14:21:21,942 - INFO - [WBC] 🔎 Detail: https://www.webuycars.co.za/buy-a-car/Volkswagen/Polo-Vivo-14-Trendline-5dr/A34100120
2026-06-06 14:21:24,836 - INFO -    ✅ A34100120 | page 19
2026-06-06 14:21:24,836 - INFO - [WBC] 🔎 Detail: https://www.webuycars.co.za/buy-a-car/BMW/1-Series-118i-5-Door-Auto-F20/DF1110022
2026-06-06 14:21:29,399 - INFO -    ✅ DF1110022 | page 19
2026-06-06 14:21:29,399 - INFO - [WBC] 🔎 Detail: https://www.webuycars.co.za/buy-a-car/Peugeot/208-12-Active/043709716
2026-06-06 14:21:32,033 - INFO -    ✅ 043709716 | page 19
2026-06-06 14:21:32,975 - INFO - ✅ Saved 10 car(s) to Firestore.
2026-06-06 14:21:32,975 - INFO - [WBC] 🔎 Detail: https://www.webuycars.co.za/buy-a-car/Volkswagen/Polo-10-TSI/288101743
2026-06-06 14:21:35,740 - INFO -    ✅ 288101743 | page 19
2026-06-06 14:21:35,740 - INFO - [WBC] 🔎 Detail: https://www.webuycars.co.za/buy-a-car/Suzuki/Swift-12-GL/3E6C13475
2026-06-06 14:21:38,420 - INFO -    ✅ 3E6C13475 | page 19
2026-06-06 14:21:38,421 - INFO - [WBC] 🔎 Detail: https://www.webuycars.co.za/buy-a-car/Citroen/C3-12-Feel---Plus-61-KW/411006111
2026-06-06 14:21:45,202 - INFO -    ✅ 411006111 | page 19
2026-06-06 14:21:45,202 - INFO - [WBC] 🔎 Detail: https://www.webuycars.co.za/buy-a-car/Volkswagen/Polo-10-TSI-Life/5D7914359
2026-06-06 14:21:48,081 - INFO -    ✅ 5D7914359 | page 19
2026-06-06 14:21:48,082 - INFO - [WBC] 🔎 Detail: https://www.webuycars.co.za/buy-a-car/Toyota/Yaris-13-XS-CVT-5-Door/736111369
2026-06-06 14:21:50,816 - INFO -    ✅ 736111369 | page 19
2026-06-06 14:21:50,816 - INFO - [WBC] 🔎 Detail: https://www.webuycars.co.za/buy-a-car/Honda/Brio-12-Comfort-5-Door-Auto/7C2D13896
2026-06-06 14:21:53,564 - INFO -    ✅ 7C2D13896 | page 19
2026-06-06 14:21:53,564 - INFO - [WBC] 🔎 Detail: https://www.webuycars.co.za/buy-a-car/Volkswagen/Polo-10-TSI-Trendline/D0A413451
2026-06-06 14:21:56,427 - INFO -    ✅ D0A413451 | page 19
2026-06-06 14:21:56,427 - INFO - [WBC] 🔎 Detail: https://www.webuycars.co.za/buy-a-car/Renault/Kwid-10-Climber-5-Door/E51A08914
2026-06-06 14:21:59,805 - INFO -    ✅ E51A08914 | page 19
2026-06-06 14:21:59,806 - INFO - [WBC] 🔎 Detail: https://www.webuycars.co.za/buy-a-car/Audi/A3-Sportback-20-TFSI-Stronic-40-TFSI/05EE07894
2026-06-06 14:22:02,648 - INFO -    ✅ 05EE07894 | page 19
2026-06-06 14:22:02,648 - INFO - [WBC] 🔎 Detail: https://www.webuycars.co.za/buy-a-car/Volkswagen/Polo-Vivo-14-Comfortline-5dr/42FF13751
2026-06-06 14:22:05,456 - INFO -    ✅ 42FF13751 | page 19
2026-06-06 14:22:06,357 - INFO - ✅ Saved 10 car(s) to Firestore.
2026-06-06 14:22:06,358 - INFO - [WBC] 🔎 Detail: https://www.webuycars.co.za/buy-a-car/Hyundai/i10-Grand-I10-10-Motion-Auto/2DBC13181
2026-06-06 14:22:09,109 - INFO -    ✅ 2DBC13181 | page 19
2026-06-06 14:22:09,110 - INFO - [WBC] 🔎 Detail: https://www.webuycars.co.za/buy-a-car/Renault/Kwid-10-Climber-5-Door/37E710468
2026-06-06 14:22:11,988 - INFO -    ✅ 37E710468 | page 19
2026-06-06 14:22:11,988 - INFO - [WBC] 🔎 Detail: https://www.webuycars.co.za/buy-a-car/Volkswagen/Polo-10-TSI-Life/3B6112068
2026-06-06 14:22:14,724 - INFO -    ✅ 3B6112068 | page 19
2026-06-06 14:22:14,724 - INFO - [WBC] 🔎 Detail: https://www.webuycars.co.za/buy-a-car/Volkswagen/Polo-10-TSI-Life-DSG/7F5710347
2026-06-06 14:22:17,566 - INFO -    ✅ 7F5710347 | page 19
2026-06-06 14:22:17,566 - INFO - [WBC] 🔎 Detail: https://www.webuycars.co.za/buy-a-car/Peugeot/2008-12T-Active/632F02138
2026-06-06 14:22:20,390 - INFO -    ✅ 632F02138 | page 19
2026-06-06 14:22:20,391 - INFO - [WBC] 🔎 Detail: https://www.webuycars.co.za/buy-a-car/Volkswagen/Polo-10-TSI-Life-DSG/C1D300717
2026-06-06 14:22:23,182 - INFO -    ✅ C1D300717 | page 19
2026-06-06 14:22:23,182 - INFO - [WBC] 🔎 Detail: https://www.webuycars.co.za/buy-a-car/Hyundai/i10-Grand-I10-10-Motion-premium/E0ED13659
2026-06-06 14:22:26,076 - INFO -    ✅ E0ED13659 | page 19
2026-06-06 14:22:26,077 - INFO - [WBC] 🔎 Detail: https://www.webuycars.co.za/buy-a-car/Renault/Triber-10-Prestige---Intens-AMT/0E3904268
2026-06-06 14:22:28,908 - INFO -    ✅ 0E3904268 | page 19
2026-06-06 14:22:28,908 - INFO - [WBC] 📄 Page 20: https://www.webuycars.co.za/buy-a-car?Year=[2019,2026]&BodyType=["Hatchback"]&InspectionCondition=["Certified"]&page=20
2026-06-06 14:22:52,205 - INFO - [WBC] 🔎 Detail: https://www.webuycars.co.za/buy-a-car/Volkswagen/Polo-10-TSI-Trendline/BD2802622
2026-06-06 14:22:55,819 - INFO -    ✅ BD2802622 | page 20
2026-06-06 14:22:55,820 - INFO - [WBC] 🔎 Detail: https://www.webuycars.co.za/buy-a-car/Volkswagen/Golf-7-14-TSI-Comfortline-DSG/53CD02200
2026-06-06 14:22:58,649 - INFO -    ✅ 53CD02200 | page 20
2026-06-06 14:22:59,611 - INFO - ✅ Saved 10 car(s) to Firestore.
2026-06-06 14:22:59,612 - INFO - [WBC] 🔎 Detail: https://www.webuycars.co.za/buy-a-car/Toyota/Agya-10/C20602806
2026-06-06 14:23:02,406 - INFO -    ✅ C20602806 | page 20
2026-06-06 14:23:02,407 - INFO - [WBC] 🔎 Detail: https://www.webuycars.co.za/buy-a-car/Hyundai/Atos-Atoz-11-Motion/B0EF10472
2026-06-06 14:23:05,441 - INFO -    ✅ B0EF10472 | page 20
2026-06-06 14:23:05,441 - INFO - [WBC] 🔎 Detail: https://www.webuycars.co.za/buy-a-car/KIA/Picanto-10-Start-Auto/C8A810926
2026-06-06 14:23:08,260 - INFO -    ✅ C8A810926 | page 20
2026-06-06 14:23:08,261 - INFO - [WBC] 🔎 Detail: https://www.webuycars.co.za/buy-a-car/KIA/Picanto-12-Smart/A67E00027
2026-06-06 14:23:11,074 - INFO -    ✅ A67E00027 | page 20
2026-06-06 14:23:11,075 - INFO - [WBC] 🔎 Detail: https://www.webuycars.co.za/buy-a-car/Audi/A1-Sportback-10T-FSI-S-Stronic-25-TFSI/DD1900067
2026-06-06 14:23:13,833 - INFO -    ✅ DD1900067 | page 20
2026-06-06 14:23:13,833 - INFO - [WBC] 🔎 Detail: https://www.webuycars.co.za/buy-a-car/Renault/Kwid-10-Climber-5-Door/EE2D11213
2026-06-06 14:23:16,534 - INFO -    ✅ EE2D11213 | page 20
2026-06-06 14:23:16,535 - INFO - [WBC] 🔎 Detail: https://www.webuycars.co.za/buy-a-car/Volkswagen/Polo-Vivo-14-Comfortline-5dr/1A1807917
2026-06-06 14:23:19,391 - INFO -    ✅ 1A1807917 | page 20
2026-06-06 14:23:19,391 - INFO - [WBC] 🔎 Detail: https://www.webuycars.co.za/buy-a-car/Hyundai/i10-Grand-I10-12-Fluid/32F813158
2026-06-06 14:23:22,054 - INFO -    ✅ 32F813158 | page 20
2026-06-06 14:23:22,055 - INFO - [WBC] 🔎 Detail: https://www.webuycars.co.za/buy-a-car/Audi/A3-Sportback-10-TFSI-Stronic-30-TFSI/2ABF10166
2026-06-06 14:23:25,213 - INFO -    ✅ 2ABF10166 | page 20
2026-06-06 14:23:25,214 - INFO - [WBC] 🔎 Detail: https://www.webuycars.co.za/buy-a-car/Mercedes-Benz/A-Class-AMG-A45-S-4matic/2F8C11251
2026-06-06 14:23:28,659 - INFO -    ✅ 2F8C11251 | page 20
2026-06-06 14:23:29,630 - INFO - ✅ Saved 10 car(s) to Firestore.
2026-06-06 14:23:29,630 - INFO - [WBC] 🔎 Detail: https://www.webuycars.co.za/buy-a-car/Suzuki/Swift-12-GLX/6B0815611
2026-06-06 14:23:32,642 - INFO -    ✅ 6B0815611 | page 20
2026-06-06 14:23:32,643 - INFO - [WBC] 🔎 Detail: https://www.webuycars.co.za/buy-a-car/Suzuki/Baleno-15-GL/714307713
2026-06-06 14:23:35,568 - INFO -    ✅ 714307713 | page 20
2026-06-06 14:23:35,568 - INFO - [WBC] 🔎 Detail: https://www.webuycars.co.za/buy-a-car/Volkswagen/Polo-10-TSI-Comfortline/FFAD07393
2026-06-06 14:23:38,516 - INFO -    ✅ FFAD07393 | page 20
2026-06-06 14:23:38,516 - INFO - [WBC] 🔎 Detail: https://www.webuycars.co.za/buy-a-car/Ford/Fiesta-10-EcoBoost-Titanium-Auto-5-Door/2BBF10763
2026-06-06 14:23:41,484 - INFO -    ✅ 2BBF10763 | page 20
2026-06-06 14:23:41,485 - INFO - [WBC] 🔎 Detail: https://www.webuycars.co.za/buy-a-car/KIA/Picanto-12-X-Line/4F2808677
2026-06-06 14:23:44,669 - INFO -    ✅ 4F2808677 | page 20
2026-06-06 14:23:44,669 - INFO - [WBC] 🔎 Detail: https://www.webuycars.co.za/buy-a-car/Renault/Triber-10-Prestige---Intens-AMT/4EC611662
2026-06-06 14:23:47,603 - INFO -    ✅ 4EC611662 | page 20
2026-06-06 14:23:47,604 - INFO - [WBC] 🔎 Detail: https://www.webuycars.co.za/buy-a-car/KIA/Picanto-12-Smart-Auto/7F1906270
2026-06-06 14:23:50,426 - INFO -    ✅ 7F1906270 | page 20
2026-06-06 14:23:50,427 - INFO - [WBC] 🔎 Detail: https://www.webuycars.co.za/buy-a-car/Suzuki/Swift-12-GLX-AMT/A35002547
2026-06-06 14:23:53,183 - INFO -    ✅ A35002547 | page 20
2026-06-06 14:23:53,183 - INFO - [WBC] 🔎 Detail: https://www.webuycars.co.za/buy-a-car/Suzuki/Swift-12-GA/E92716658
2026-06-06 14:23:55,998 - INFO -    ✅ E92716658 | page 20
2026-06-06 14:23:55,999 - INFO - [WBC] 🔎 Detail: https://www.webuycars.co.za/buy-a-car/Volkswagen/Polo-10-TSI-Life/221208957
2026-06-06 14:24:08,497 - WARNING - [WBC] ⚠️ Detail timeout for 221208957
2026-06-06 14:24:08,706 - INFO -    ✅ 221208957 | page 20
2026-06-06 14:24:09,722 - INFO - ✅ Saved 10 car(s) to Firestore.
2026-06-06 14:24:09,722 - INFO - [WBC] 🔎 Detail: https://www.webuycars.co.za/buy-a-car/Toyota/Starlet-15-XR-Auto/274215274
2026-06-06 14:24:21,537 - WARNING - [WBC] ⚠️ Detail timeout for 274215274
2026-06-06 14:24:21,748 - INFO -    ✅ 274215274 | page 20
2026-06-06 14:24:21,748 - INFO - [WBC] 🔎 Detail: https://www.webuycars.co.za/buy-a-car/Nissan/Micra-12-Active-Visia/278913938
2026-06-06 14:24:33,347 - WARNING - [WBC] ⚠️ Detail timeout for 278913938
2026-06-06 14:24:33,557 - INFO -    ✅ 278913938 | page 20
2026-06-06 14:24:33,980 - INFO - ✅ Saved 2 car(s) to Firestore.
2026-06-06 14:24:35,043 - INFO - 📌 Progress: 'Hatchbacks only' | lastPage=20 | exhausted=False
2026-06-06 14:24:35,043 - INFO -    ✔ Done | cars=472 | lastPage=20 | exhausted=False
2026-06-06 14:24:35,045 - INFO - ----------------------------------------------------------------------
2026-06-06 14:24:35,046 - INFO - 🎯 TARGET: 'Double Cabs only' | site=webuycars | maxPages=20
2026-06-06 14:24:35,454 - INFO -    Pages    : 1–20
2026-06-06 14:24:35,454 - INFO - [WBC] 📄 Page 1: https://www.webuycars.co.za/buy-a-car?Year=[2019,2026]&BodyType=["Double%20Cab","D/C%20%E2%80%93%20Double%20Cab"]&InspectionCondition=["Certified"]
2026-06-06 14:24:58,679 - INFO - [WBC] 🔎 Detail: https://www.webuycars.co.za/buy-a-car/GWM/P-Series-P300-24td-LS-Auto-Double-Cab-Pick-Up/85B715525
2026-06-06 14:25:11,308 - WARNING - [WBC] ⚠️ Detail timeout for 85B715525
2026-06-06 14:25:11,515 - INFO -    ✅ 85B715525 | page 1
2026-06-06 14:25:11,516 - INFO - [WBC] 🔎 Detail: https://www.webuycars.co.za/buy-a-car/Isuzu/D-MAX-30-DDI-HR-LSE-n-r-Auto-Double-Cab-Pick-Up/82CD15809
2026-06-06 14:25:23,778 - WARNING - [WBC] ⚠️ Detail timeout for 82CD15809
2026-06-06 14:25:24,011 - INFO -    ✅ 82CD15809 | page 1
2026-06-06 14:25:24,012 - INFO - [WBC] 🔎 Detail: https://www.webuycars.co.za/buy-a-car/Toyota/Hilux-28-Gd-6-RB-Raider-Auto-Pick-Up-Double-Cab/4C2E11409
2026-06-06 14:25:35,758 - WARNING - [WBC] ⚠️ Detail timeout for 4C2E11409
2026-06-06 14:25:35,996 - INFO -    ✅ 4C2E11409 | page 1
2026-06-06 14:25:35,997 - INFO - [WBC] 🔎 Detail: https://www.webuycars.co.za/buy-a-car/GWM/Steed-5-20-SX-Double-Cab-Pick-Up/3AEC09725
2026-06-06 14:25:47,793 - WARNING - [WBC] ⚠️ Detail timeout for 3AEC09725
2026-06-06 14:25:48,001 - INFO -    ✅ 3AEC09725 | page 1
2026-06-06 14:25:48,002 - INFO - [WBC] 🔎 Detail: https://www.webuycars.co.za/buy-a-car/Mahindra/PIK-UP-22-Mhawk-S11-4x4-Auto-Pick-Up-Double-Cab/B51F15018
2026-06-06 14:26:00,322 - WARNING - [WBC] ⚠️ Detail timeout for B51F15018
2026-06-06 14:26:00,532 - INFO -    ✅ B51F15018 | page 1
2026-06-06 14:26:00,532 - INFO - [WBC] 🔎 Detail: https://www.webuycars.co.za/buy-a-car/Peugeot/Landtrek-19d-Allure-Pick-Up-Double-Cab-Auto/CECF05158
2026-06-06 14:26:12,840 - WARNING - [WBC] ⚠️ Detail timeout for CECF05158
2026-06-06 14:26:13,051 - INFO -    ✅ CECF05158 | page 1
2026-06-06 14:26:13,052 - INFO - [WBC] 🔎 Detail: https://www.webuycars.co.za/buy-a-car/Nissan/Hardbody-Np300-25-TDI-4x4-Pick-Up-Double-Cab/B61112717
2026-06-06 14:26:25,098 - WARNING - [WBC] ⚠️ Detail timeout for B61112717
2026-06-06 14:26:25,304 - INFO -    ✅ B61112717 | page 1
2026-06-06 14:26:25,304 - INFO - [WBC] 🔎 Detail: https://www.webuycars.co.za/buy-a-car/Ford/Ranger-22tdci-Pick-Up-Double-Cab/0A4E15634
2026-06-06 14:26:40,843 - WARNING - [WBC] ⚠️ Detail timeout for 0A4E15634
2026-06-06 14:26:41,051 - INFO -    ✅ 0A4E15634 | page 1
2026-06-06 14:26:41,051 - INFO - [WBC] 🔎 Detail: https://www.webuycars.co.za/buy-a-car/Mahindra/PIK-UP-22-Mhawk-S6-Karoo-Auto-Pick-Up-Double-Cab/593115646
2026-06-06 14:26:53,593 - WARNING - [WBC] ⚠️ Detail timeout for 593115646
2026-06-06 14:26:53,807 - INFO -    ✅ 593115646 | page 1
2026-06-06 14:26:53,834 - INFO - [WBC] 🔎 Detail: https://www.webuycars.co.za/buy-a-car/Mahindra/PIK-UP-22-Mhawk-S6-4x4-Pick-Up-Double-Cab/824514836
2026-06-06 14:27:06,106 - WARNING - [WBC] ⚠️ Detail timeout for 824514836
2026-06-06 14:27:06,317 - INFO -    ✅ 824514836 | page 1
2026-06-06 14:27:07,259 - INFO - ✅ Saved 10 car(s) to Firestore.
2026-06-06 14:27:07,259 - INFO - [WBC] 🔎 Detail: https://www.webuycars.co.za/buy-a-car/Ford/Ranger-22tdci-XL-Pick-Up-Double-Cab/A0C411849
2026-06-06 14:27:19,512 - WARNING - [WBC] ⚠️ Detail timeout for A0C411849
2026-06-06 14:27:19,720 - INFO -    ✅ A0C411849 | page 1
2026-06-06 14:27:19,720 - INFO - [WBC] 🔎 Detail: https://www.webuycars.co.za/buy-a-car/Ford/Ranger-22tdci-XL-Pick-Up-Double-Cab/08A501337
2026-06-06 14:27:32,391 - WARNING - [WBC] ⚠️ Detail timeout for 08A501337
2026-06-06 14:27:32,599 - INFO -    ✅ 08A501337 | page 1
2026-06-06 14:27:32,599 - INFO - [WBC] 🔎 Detail: https://www.webuycars.co.za/buy-a-car/Nissan/Hardbody-Np300-25-TDI-4x4-Pick-Up-Double-Cab/134212706
2026-06-06 14:27:44,650 - WARNING - [WBC] ⚠️ Detail timeout for 134212706
2026-06-06 14:27:44,896 - INFO -    ✅ 134212706 | page 1
2026-06-06 14:27:44,896 - INFO - [WBC] 🔎 Detail: https://www.webuycars.co.za/buy-a-car/Mahindra/PIK-UP-22-Mhawk-S6-4x4-Pick-Up-Double-Cab/D20B10789
2026-06-06 14:27:56,847 - WARNING - [WBC] ⚠️ Detail timeout for D20B10789
2026-06-06 14:27:57,070 - INFO -    ✅ D20B10789 | page 1
2026-06-06 14:27:57,070 - INFO - [WBC] 🔎 Detail: https://www.webuycars.co.za/buy-a-car/Mazda/BT-50-Series-BT-50-22TDI-SLX-Pick-Up-Double-Cab/48D108747
2026-06-06 14:28:15,696 - WARNING - [WBC] ⚠️ Detail timeout for 48D108747
2026-06-06 14:28:15,909 - INFO -    ✅ 48D108747 | page 1
2026-06-06 14:28:15,910 - INFO - [WBC] 🔎 Detail: https://www.webuycars.co.za/buy-a-car/Ford/Ranger-22tdci-XL-Pick-Up-Double-Cab/759A07227
2026-06-06 14:28:28,117 - WARNING - [WBC] ⚠️ Detail timeout for 759A07227
2026-06-06 14:28:28,327 - INFO -    ✅ 759A07227 | page 1
2026-06-06 14:28:28,328 - INFO - [WBC] 🔎 Detail: https://www.webuycars.co.za/buy-a-car/Ford/Ranger-22tdci-XLT-Pick-Up-Double-Cab/788111692
2026-06-06 14:28:39,817 - WARNING - [WBC] ⚠️ Detail timeout for 788111692
2026-06-06 14:28:40,028 - INFO -    ✅ 788111692 | page 1
2026-06-06 14:28:40,029 - INFO - [WBC] 🔎 Detail: https://www.webuycars.co.za/buy-a-car/Mahindra/PIK-UP-22-Mhawk-S6-Karoo-Auto-Pick-Up-Double-Cab/828913685
2026-06-06 14:28:52,310 - WARNING - [WBC] ⚠️ Detail timeout for 828913685
2026-06-06 14:28:52,521 - INFO -    ✅ 828913685 | page 1
2026-06-06 14:28:52,521 - INFO - [WBC] 🔎 Detail: https://www.webuycars.co.za/buy-a-car/JAC/T6-28TDI-E2-Pick-Up-Double-Cab/B33F09380
2026-06-06 14:29:04,872 - WARNING - [WBC] ⚠️ Detail timeout for B33F09380
2026-06-06 14:29:05,080 - INFO -    ✅ B33F09380 | page 1
2026-06-06 14:29:05,080 - INFO - [WBC] 🔎 Detail: https://www.webuycars.co.za/buy-a-car/Isuzu/D-MAX-250-HO-Hi-Ride-Double-Cab-Pick-Up/7F6D13720
2026-06-06 14:29:17,103 - WARNING - [WBC] ⚠️ Detail timeout for 7F6D13720
2026-06-06 14:29:17,331 - INFO -    ✅ 7F6D13720 | page 1
2026-06-06 14:29:18,371 - INFO - ✅ Saved 10 car(s) to Firestore.
2026-06-06 14:29:18,372 - INFO - [WBC] 🔎 Detail: https://www.webuycars.co.za/buy-a-car/Ford/Ranger-22tdci-XL-Pick-Up-Double-Cab/81C106223
2026-06-06 14:29:30,849 - WARNING - [WBC] ⚠️ Detail timeout for 81C106223
2026-06-06 14:29:31,136 - INFO -    ✅ 81C106223 | page 1
2026-06-06 14:29:31,257 - INFO - [WBC] 🔎 Detail: https://www.webuycars.co.za/buy-a-car/Mahindra/PIK-UP-22-Mhawk-S10-Pick-Up-Double-Cab/9A6013421
2026-06-06 14:29:43,452 - WARNING - [WBC] ⚠️ Detail timeout for 9A6013421
2026-06-06 14:29:43,689 - INFO -    ✅ 9A6013421 | page 1
2026-06-06 14:29:43,689 - INFO - [WBC] 🔎 Detail: https://www.webuycars.co.za/buy-a-car/Ford/Ranger-22tdci-XL-Auto-Pick-Up-Double-Cab/EE4515053
2026-06-06 14:29:55,691 - WARNING - [WBC] ⚠️ Detail timeout for EE4515053
2026-06-06 14:29:55,917 - INFO -    ✅ EE4515053 | page 1
2026-06-06 14:29:55,918 - INFO - [WBC] 📄 Page 2: https://www.webuycars.co.za/buy-a-car?Year=[2019,2026]&BodyType=["Double%20Cab","D/C%20%E2%80%93%20Double%20Cab"]&InspectionCondition=["Certified"]&page=2
2026-06-06 14:30:19,174 - INFO - [WBC] 🔎 Detail: https://www.webuycars.co.za/buy-a-car/Isuzu/D-MAX-250-HO-Hi-Ride-Double-Cab-Pick-Up/298610643
2026-06-06 14:30:30,937 - WARNING - [WBC] ⚠️ Detail timeout for 298610643
2026-06-06 14:30:31,151 - INFO -    ✅ 298610643 | page 2
2026-06-06 14:30:31,151 - INFO - [WBC] 🔎 Detail: https://www.webuycars.co.za/buy-a-car/GWM/P-Series-20td-DLX-4x4-Auto-Double-Cab-Pick-Up/2C9909140
2026-06-06 14:30:42,783 - WARNING - [WBC] ⚠️ Detail timeout for 2C9909140
2026-06-06 14:30:42,999 - INFO -    ✅ 2C9909140 | page 2
2026-06-06 14:30:42,999 - INFO - [WBC] 🔎 Detail: https://www.webuycars.co.za/buy-a-car/Ford/Ranger-22tdci-XL-Pick-Up-Double-Cab/869E15414
2026-06-06 14:30:55,773 - WARNING - [WBC] ⚠️ Detail timeout for 869E15414
2026-06-06 14:30:55,973 - INFO -    ✅ 869E15414 | page 2
2026-06-06 14:30:56,080 - INFO - [WBC] 🔎 Detail: https://www.webuycars.co.za/buy-a-car/Ford/Ranger-22tdci-XL-Auto-Pick-Up-Double-Cab/8BD514994
2026-06-06 14:31:07,982 - WARNING - [WBC] ⚠️ Detail timeout for 8BD514994
2026-06-06 14:31:08,195 - INFO -    ✅ 8BD514994 | page 2
2026-06-06 14:31:08,196 - INFO - [WBC] 🔎 Detail: https://www.webuycars.co.za/buy-a-car/Nissan/Hardbody-Np300-25-TDI-4x4-Pick-Up-Double-Cab/9E3A12702
2026-06-06 14:31:20,782 - WARNING - [WBC] ⚠️ Detail timeout for 9E3A12702
2026-06-06 14:31:20,993 - INFO -    ✅ 9E3A12702 | page 2
2026-06-06 14:31:20,993 - INFO - [WBC] 🔎 Detail: https://www.webuycars.co.za/buy-a-car/Ford/Ranger-22tdci-XL-Pick-Up-Double-Cab/9E5D10515
2026-06-06 14:31:33,131 - WARNING - [WBC] ⚠️ Detail timeout for 9E5D10515
2026-06-06 14:31:33,357 - INFO -    ✅ 9E5D10515 | page 2
2026-06-06 14:31:33,357 - INFO - [WBC] 🔎 Detail: https://www.webuycars.co.za/buy-a-car/Peugeot/Landtrek-19d-Allure-Pick-Up-Double-Cab-Auto/23C910647
2026-06-06 14:31:44,811 - WARNING - [WBC] ⚠️ Detail timeout for 23C910647
2026-06-06 14:31:45,052 - INFO -    ✅ 23C910647 | page 2
2026-06-06 14:31:46,067 - INFO - ✅ Saved 10 car(s) to Firestore.
2026-06-06 14:31:46,068 - INFO - [WBC] 🔎 Detail: https://www.webuycars.co.za/buy-a-car/Isuzu/D-MAX-250-HO-Hi-Ride-Auto-Double-Cab-Pick-Up/73D814816
2026-06-06 14:31:58,417 - WARNING - [WBC] ⚠️ Detail timeout for 73D814816
2026-06-06 14:31:58,716 - INFO -    ✅ 73D814816 | page 2
2026-06-06 14:31:58,716 - INFO - [WBC] 🔎 Detail: https://www.webuycars.co.za/buy-a-car/Ford/Ranger-22tdci-XL-Auto-Pick-Up-Double-Cab/A32E06079
2026-06-06 14:32:11,329 - WARNING - [WBC] ⚠️ Detail timeout for A32E06079
2026-06-06 14:32:11,530 - INFO -    ✅ A32E06079 | page 2
2026-06-06 14:32:11,530 - INFO - [WBC] 🔎 Detail: https://www.webuycars.co.za/buy-a-car/GWM/P-Series-20td-DLX-Double-Cab-Pick-Up/406F05409
2026-06-06 14:32:24,023 - WARNING - [WBC] ⚠️ Detail timeout for 406F05409
2026-06-06 14:32:24,238 - INFO -    ✅ 406F05409 | page 2
2026-06-06 14:32:24,238 - INFO - [WBC] 🔎 Detail: https://www.webuycars.co.za/buy-a-car/Ford/Ranger-22tdci-XL-Auto-Pick-Up-Double-Cab/88F606919
2026-06-06 14:32:40,020 - WARNING - [WBC] ⚠️ Detail timeout for 88F606919
2026-06-06 14:32:40,246 - INFO -    ✅ 88F606919 | page 2
2026-06-06 14:32:40,363 - INFO - [WBC] 🔎 Detail: https://www.webuycars.co.za/buy-a-car/Ford/Ranger-22tdci-XL-Auto-Pick-Up-Double-Cab/957013682
2026-06-06 14:33:00,084 - WARNING - [WBC] ⚠️ Detail timeout for 957013682
2026-06-06 14:33:00,374 - INFO -    ✅ 957013682 | page 2
2026-06-06 14:33:00,375 - INFO - [WBC] 🔎 Detail: https://www.webuycars.co.za/buy-a-car/Isuzu/KB-250-D-Teq-HO-HI-Rider-Pick-Up-Double-Cab/FC8113528
2026-06-06 14:33:13,422 - WARNING - [WBC] ⚠️ Detail timeout for FC8113528
2026-06-06 14:33:13,630 - INFO -    ✅ FC8113528 | page 2
2026-06-06 14:33:13,631 - INFO - [WBC] 🔎 Detail: https://www.webuycars.co.za/buy-a-car/Ford/Ranger-22tdci-XLT-Auto-Pick-Up-Double-Cab/2C9113186
2026-06-06 14:33:26,050 - WARNING - [WBC] ⚠️ Detail timeout for 2C9113186
2026-06-06 14:33:26,304 - INFO -    ✅ 2C9113186 | page 2
2026-06-06 14:33:26,351 - INFO - [WBC] 🔎 Detail: https://www.webuycars.co.za/buy-a-car/Nissan/Hardbody-Np300-25-TDI-4x4-Pick-Up-Double-Cab/38F912691
2026-06-06 14:33:44,511 - WARNING - [WBC] ⚠️ Detail timeout for 38F912691
2026-06-06 14:33:44,722 - INFO -    ✅ 38F912691 | page 2
2026-06-06 14:33:44,863 - INFO - [WBC] 🔎 Detail: https://www.webuycars.co.za/buy-a-car/Ford/Ranger-22tdci-XL-4x4-Auto-Pick-Up-Double-Cab/F05E02978
2026-06-06 14:34:00,198 - WARNING - [WBC] ⚠️ Detail timeout for F05E02978
2026-06-06 14:34:00,405 - INFO -    ✅ F05E02978 | page 2
2026-06-06 14:34:00,406 - INFO - [WBC] 🔎 Detail: https://www.webuycars.co.za/buy-a-car/Mahindra/PIK-UP-22-Mhawk-S6-4x4-Pick-Up-Double-Cab/1C5705416
2026-06-06 14:34:04,071 - INFO -    ✅ 1C5705416 | page 2
2026-06-06 14:34:05,048 - INFO - ✅ Saved 10 car(s) to Firestore.
2026-06-06 14:34:05,049 - INFO - [WBC] 🔎 Detail: https://www.webuycars.co.za/buy-a-car/Mahindra/PIK-UP-22-Mhawk-S11-4x4-Auto-Pick-Up-Double-Cab/7D3602752
2026-06-06 14:34:07,859 - INFO -    ✅ 7D3602752 | page 2
2026-06-06 14:34:07,860 - INFO - [WBC] 🔎 Detail: https://www.webuycars.co.za/buy-a-car/Mahindra/PIK-UP-22-Mhawk-S11-4x4-Auto-Pick-Up-Double-Cab/9B0001936
2026-06-06 14:34:10,895 - INFO -    ✅ 9B0001936 | page 2
2026-06-06 14:34:10,896 - INFO - [WBC] 🔎 Detail: https://www.webuycars.co.za/buy-a-car/Ford/Ranger-22tdci-XLS-Pick-Up-Double-Cab/D74606843
2026-06-06 14:34:13,986 - INFO -    ✅ D74606843 | page 2
2026-06-06 14:34:13,986 - INFO - [WBC] 🔎 Detail: https://www.webuycars.co.za/buy-a-car/Ford/Ranger-22tdci-XL-Pick-Up-Double-Cab/D8FB14729
2026-06-06 14:34:17,492 - INFO -    ✅ D8FB14729 | page 2
2026-06-06 14:34:17,493 - INFO - [WBC] 🔎 Detail: https://www.webuycars.co.za/buy-a-car/Isuzu/D-MAX-250-HO-Hi-Ride-Double-Cab-Pick-Up/64CD16194
2026-06-06 14:34:20,500 - INFO -    ✅ 64CD16194 | page 2
2026-06-06 14:34:20,500 - INFO - [WBC] 🔎 Detail: https://www.webuycars.co.za/buy-a-car/Ford/Ranger-22tdci-XL-Pick-Up-Double-Cab/759B07895
2026-06-06 14:34:23,678 - INFO -    ✅ 759B07895 | page 2
2026-06-06 14:34:23,678 - INFO - [WBC] 📄 Page 3: https://www.webuycars.co.za/buy-a-car?Year=[2019,2026]&BodyType=["Double%20Cab","D/C%20%E2%80%93%20Double%20Cab"]&InspectionCondition=["Certified"]&page=3
2026-06-06 14:34:51,597 - INFO - [WBC] 🔎 Detail: https://www.webuycars.co.za/buy-a-car/Ford/Ranger-32tdci-XLT-Auto-Pick-Up-Double-Cab/47EE15091
2026-06-06 14:34:54,244 - INFO -    ✅ 47EE15091 | page 3
2026-06-06 14:34:54,245 - INFO - [WBC] 🔎 Detail: https://www.webuycars.co.za/buy-a-car/Isuzu/D-MAX-250-HO-Double-Cab-Pick-Up/8D1D06135
2026-06-06 14:34:57,310 - INFO -    ✅ 8D1D06135 | page 3
2026-06-06 14:34:57,310 - INFO - [WBC] 🔎 Detail: https://www.webuycars.co.za/buy-a-car/Ford/Ranger-22tdci-XL-Pick-Up-Double-Cab/593017094
2026-06-06 14:34:59,967 - INFO -    ✅ 593017094 | page 3
2026-06-06 14:34:59,967 - INFO - [WBC] 🔎 Detail: https://www.webuycars.co.za/buy-a-car/Ford/Ranger-22tdci-XL-Pick-Up-Double-Cab/224509978
2026-06-06 14:35:03,309 - INFO -    ✅ 224509978 | page 3
2026-06-06 14:35:04,582 - INFO - ✅ Saved 10 car(s) to Firestore.
2026-06-06 14:35:04,582 - INFO - [WBC] 🔎 Detail: https://www.webuycars.co.za/buy-a-car/Nissan/Navara-23d-LE-4x4-Auto-Pick-Up-Double-Cab/6D2201076
2026-06-06 14:35:07,495 - INFO -    ✅ 6D2201076 | page 3
2026-06-06 14:35:07,496 - INFO - [WBC] 🔎 Detail: https://www.webuycars.co.za/buy-a-car/Ford/Ranger-32tdci-XLT-Auto-Pick-Up-Double-Cab/A72911020
2026-06-06 14:35:10,435 - INFO -    ✅ A72911020 | page 3
2026-06-06 14:35:10,436 - INFO - [WBC] 🔎 Detail: https://www.webuycars.co.za/buy-a-car/Peugeot/Landtrek-19d-Allure-Pick-Up-Double-Cab-Auto/CECF05158
2026-06-06 14:35:13,711 - INFO -    ✅ CECF05158 | page 3
2026-06-06 14:35:13,711 - INFO - [WBC] 🔎 Detail: https://www.webuycars.co.za/buy-a-car/Ford/Ranger-22tdci-XL-Auto-Pick-Up-Double-Cab/308203287
2026-06-06 14:35:17,449 - INFO -    ✅ 308203287 | page 3
2026-06-06 14:35:17,449 - INFO - [WBC] 🔎 Detail: https://www.webuycars.co.za/buy-a-car/Mahindra/PIK-UP-22-Mhawk-S11-Auto-Pick-Up-Double-Cab/4D1A01762
2026-06-06 14:35:23,647 - INFO -    ✅ 4D1A01762 | page 3
2026-06-06 14:35:23,647 - INFO - [WBC] 🔎 Detail: https://www.webuycars.co.za/buy-a-car/Mahindra/PIK-UP-22-Mhawk-S6-Pick-Up-Double-Cab/D2E101695
2026-06-06 14:35:26,683 - INFO -    ✅ D2E101695 | page 3
2026-06-06 14:35:26,684 - INFO - [WBC] 🔎 Detail: https://www.webuycars.co.za/buy-a-car/Ford/Ranger-22tdci-XL-Pick-Up-Double-Cab/04ED09115
2026-06-06 14:35:29,635 - INFO -    ✅ 04ED09115 | page 3
2026-06-06 14:35:29,635 - INFO - [WBC] 🔎 Detail: https://www.webuycars.co.za/buy-a-car/Isuzu/KB-250-D-Teq-HO-X-Rider-Pick-Up-Double-Cab/291603744
2026-06-06 14:35:32,386 - INFO -    ✅ 291603744 | page 3
2026-06-06 14:35:32,386 - INFO - [WBC] 🔎 Detail: https://www.webuycars.co.za/buy-a-car/Ford/Ranger-22tdci-XL-Auto-Pick-Up-Double-Cab/D45E10559
2026-06-06 14:35:34,864 - INFO -    ✅ D45E10559 | page 3
2026-06-06 14:35:34,865 - INFO - [WBC] 🔎 Detail: https://www.webuycars.co.za/buy-a-car/LDV/T60-MAX-PRO-160-KW-4x4-Auto-Double-Cab-Pick-Up/3BD012406
2026-06-06 14:35:39,453 - INFO -    ✅ 3BD012406 | page 3
2026-06-06 14:35:40,586 - INFO - ✅ Saved 10 car(s) to Firestore.
2026-06-06 14:35:40,586 - INFO - [WBC] 🔎 Detail: https://www.webuycars.co.za/buy-a-car/GWM/P-Series-P300-20td-SX-Auto-Double-Cab-Pick-Up/4F1512908
2026-06-06 14:35:43,371 - INFO -    ✅ 4F1512908 | page 3
2026-06-06 14:35:43,372 - INFO - [WBC] 🔎 Detail: https://www.webuycars.co.za/buy-a-car/Nissan/Navara-25ddti-Le-le-Plus-Auto-Double-Cab-Pick-Up/61A900540
2026-06-06 14:35:46,439 - INFO -    ✅ 61A900540 | page 3
2026-06-06 14:35:46,439 - INFO - [WBC] 🔎 Detail: https://www.webuycars.co.za/buy-a-car/LDV/Terron-9-25d-Flagship-4x4-Auto-Double-Cab-Pick-Up/F10407020
2026-06-06 14:35:49,075 - INFO -    ✅ F10407020 | page 3
2026-06-06 14:35:49,075 - INFO - [WBC] 🔎 Detail: https://www.webuycars.co.za/buy-a-car/Volkswagen/Amarok-20TDI-125-KW-4mot-Life-Double-Cab-Pick-Up/2B4804040
2026-06-06 14:35:51,819 - INFO -    ✅ 2B4804040 | page 3
2026-06-06 14:35:51,820 - INFO - [WBC] 🔎 Detail: https://www.webuycars.co.za/buy-a-car/Ford/Ranger-20d-XL-Auto-Double-Cab-Pick-Up/D10E06390
2026-06-06 14:35:55,625 - INFO -    ✅ D10E06390 | page 3
2026-06-06 14:35:55,625 - INFO - [WBC] 🔎 Detail: https://www.webuycars.co.za/buy-a-car/Ford/Ranger-30d-V6-Platinum-AWD-Auto-Double-Cab-Pick-Up/8BE217984
2026-06-06 14:35:59,531 - INFO -    ✅ 8BE217984 | page 3
2026-06-06 14:35:59,532 - INFO - [WBC] 🔎 Detail: https://www.webuycars.co.za/buy-a-car/Toyota/Land-Cruiser-79-28-Gd-6-Pick-Up-Double-Cab-Auto/993308409
2026-06-06 14:36:02,352 - INFO -    ✅ 993308409 | page 3
2026-06-06 14:36:02,353 - INFO - [WBC] 🔎 Detail: https://www.webuycars.co.za/buy-a-car/Isuzu/D-MAX-30-DDI-LSE-4x4-Auto-Double-Cab-Pick-Up/CE6A00874
2026-06-06 14:36:06,480 - INFO -    ✅ CE6A00874 | page 3
2026-06-06 14:36:06,480 - INFO - [WBC] 🔎 Detail: https://www.webuycars.co.za/buy-a-car/GWM/P-Series-20td-LT-4x4-Auto-Double-Cab-Pick-Up/B3B416733
2026-06-06 14:36:10,124 - INFO -    ✅ B3B416733 | page 3
2026-06-06 14:36:10,124 - INFO - [WBC] 📄 Page 4: https://www.webuycars.co.za/buy-a-car?Year=[2019,2026]&BodyType=["Double%20Cab","D/C%20%E2%80%93%20Double%20Cab"]&InspectionCondition=["Certified"]&page=4
2026-06-06 14:36:33,596 - INFO - [WBC] 🔎 Detail: https://www.webuycars.co.za/buy-a-car/Nissan/Navara-25ddti-Stealth-Auto/B69613158
2026-06-06 14:36:36,393 - INFO -    ✅ B69613158 | page 4
2026-06-06 14:36:37,332 - INFO - ✅ Saved 10 car(s) to Firestore.
2026-06-06 14:36:37,333 - INFO - [WBC] 🔎 Detail: https://www.webuycars.co.za/buy-a-car/Volkswagen/Amarok-30TDI-V6-184-KW-4mot-Aventura-Auto-Double-Cab-Pick-Up/EACF08098
2026-06-06 14:36:40,286 - INFO -    ✅ EACF08098 | page 4
2026-06-06 14:36:40,286 - INFO - [WBC] 🔎 Detail: https://www.webuycars.co.za/buy-a-car/Ford/Ranger-20d-Bi-Turbo-Wildtrak-X-AWD-Auto-Double-Cab-Pick-Up/1B3A08329
2026-06-06 14:36:43,066 - INFO -    ✅ 1B3A08329 | page 4
2026-06-06 14:36:43,067 - INFO - [WBC] 🔎 Detail: https://www.webuycars.co.za/buy-a-car/JAC/T9-20-CTI-Hunter-Pick-Up-Double-Cab-Auto/21CA08329
2026-06-06 14:36:47,343 - INFO -    ✅ 21CA08329 | page 4
2026-06-06 14:36:47,343 - INFO - [WBC] 🔎 Detail: https://www.webuycars.co.za/buy-a-car/Nissan/Navara-25ddti-Pro-4x-4x4-Auto-Double-Cab-Pick-Up/C67111645
2026-06-06 14:36:50,499 - INFO -    ✅ C67111645 | page 4
2026-06-06 14:36:50,500 - INFO - [WBC] 🔎 Detail: https://www.webuycars.co.za/buy-a-car/Nissan/Navara-25ddti-Pro-4x-4x4-Auto-Double-Cab-Pick-Up/2D2F09507
2026-06-06 14:36:53,517 - INFO -    ✅ 2D2F09507 | page 4
2026-06-06 14:36:53,518 - INFO - [WBC] 🔎 Detail: https://www.webuycars.co.za/buy-a-car/Ford/Ranger-20d-Bi-Turbo-Wildtrak-X-AWD-Auto-Double-Cab-Pick-Up/BC9901567
2026-06-06 14:36:56,639 - INFO -    ✅ BC9901567 | page 4
2026-06-06 14:36:56,639 - INFO - [WBC] 🔎 Detail: https://www.webuycars.co.za/buy-a-car/Toyota/Hilux-24-Gd-6-SR-4x4-Pick-Up-Double-Cab/E3FB13530
2026-06-06 14:36:59,937 - INFO -    ✅ E3FB13530 | page 4
2026-06-06 14:36:59,938 - INFO - [WBC] 🔎 Detail: https://www.webuycars.co.za/buy-a-car/Ford/Ranger-20d-XLT-4x4-Auto-Double-Cab-Pick-Up/D18209772
2026-06-06 14:37:03,041 - INFO -    ✅ D18209772 | page 4
2026-06-06 14:37:03,042 - INFO - [WBC] 🔎 Detail: https://www.webuycars.co.za/buy-a-car/Nissan/Navara-25ddti-Pro-4x-4x4-Auto-Double-Cab-Pick-Up/0D1414286
2026-06-06 14:37:05,797 - INFO -    ✅ 0D1414286 | page 4
2026-06-06 14:37:05,797 - INFO - [WBC] 🔎 Detail: https://www.webuycars.co.za/buy-a-car/Toyota/Hilux-24-Gd-6-RB-Raider-Auto-Pick-Up-Double-Cab/BD3F15748
2026-06-06 14:37:09,496 - INFO -    ✅ BD3F15748 | page 4
2026-06-06 14:37:10,491 - INFO - ✅ Saved 10 car(s) to Firestore.
2026-06-06 14:37:10,491 - INFO - [WBC] 🔎 Detail: https://www.webuycars.co.za/buy-a-car/Mahindra/PIK-UP-22-Mhawk-S11-4x4-Auto-Pick-Up-Double-Cab/5D0612015
2026-06-06 14:37:13,178 - INFO -    ✅ 5D0612015 | page 4
2026-06-06 14:37:13,178 - INFO - [WBC] 🔎 Detail: https://www.webuycars.co.za/buy-a-car/Volkswagen/Amarok-20TDI-125-KW-Life-Double-Cab-Pick-Up/A2A606859
2026-06-06 14:37:22,430 - INFO -    ✅ A2A606859 | page 4
2026-06-06 14:37:22,431 - INFO - [WBC] 🔎 Detail: https://www.webuycars.co.za/buy-a-car/Nissan/Navara-25d-XE-Double-Cab-Pick-Up/770113618
2026-06-06 14:37:25,666 - INFO -    ✅ 770113618 | page 4
2026-06-06 14:37:25,666 - INFO - [WBC] 🔎 Detail: https://www.webuycars.co.za/buy-a-car/Ford/Ranger-20d-XLT-HR-Auto-Double-Cab-Pick-Up/889F10898
2026-06-06 14:37:28,544 - INFO -    ✅ 889F10898 | page 4
2026-06-06 14:37:28,544 - INFO - [WBC] 🔎 Detail: https://www.webuycars.co.za/buy-a-car/Toyota/Land-Cruiser-79-45d-Pick-Up-Double-Cab/563A10741
2026-06-06 14:37:31,474 - INFO -    ✅ 563A10741 | page 4
2026-06-06 14:37:31,475 - INFO - [WBC] 🔎 Detail: https://www.webuycars.co.za/buy-a-car/Toyota/Hilux-28-Gd-6-Gr-S-4x4-Auto-Pick-Up-Double-Cab/AA9E09100
2026-06-06 14:37:34,601 - INFO -    ✅ AA9E09100 | page 4
2026-06-06 14:37:34,601 - INFO - [WBC] 🔎 Detail: https://www.webuycars.co.za/buy-a-car/Ford/Ranger-20d-XL-Auto-Double-Cab-Pick-Up/CCD305369
2026-06-06 14:37:37,774 - INFO -    ✅ CCD305369 | page 4
2026-06-06 14:37:37,774 - INFO - [WBC] 🔎 Detail: https://www.webuycars.co.za/buy-a-car/Isuzu/D-MAX-19-DDI-HR-X-Rider-Double-Cab-Pick-Up/CD4510623
2026-06-06 14:37:40,938 - INFO -    ✅ CD4510623 | page 4
2026-06-06 14:37:40,939 - INFO - [WBC] 🔎 Detail: https://www.webuycars.co.za/buy-a-car/Toyota/Hilux-28-Gd-6-RB-Legend-Auto-Pick-Up-Double-Cab/6BF503299
2026-06-06 14:37:43,851 - INFO -    ✅ 6BF503299 | page 4
2026-06-06 14:37:43,852 - INFO - [WBC] 🔎 Detail: https://www.webuycars.co.za/buy-a-car/Toyota/Hilux-28-Gd-6-Gr-S-4x4-Auto-Pick-Up-Double-Cab/CB8206785
2026-06-06 14:37:47,095 - INFO -    ✅ CB8206785 | page 4
2026-06-06 14:37:48,024 - INFO - ✅ Saved 10 car(s) to Firestore.
2026-06-06 14:37:48,024 - INFO - [WBC] 🔎 Detail: https://www.webuycars.co.za/buy-a-car/Volkswagen/Amarok-20bitdi-154-KW-4mot-Life-Auto-Double-Cab-Pick-Up/E58211043
2026-06-06 14:37:50,728 - INFO -    ✅ E58211043 | page 4
2026-06-06 14:37:50,728 - INFO - [WBC] 🔎 Detail: https://www.webuycars.co.za/buy-a-car/Ford/Ranger-20d-Bi-Turbo-Stormtrak-4x4-Auto-Pick-Up-Double-Cab/CD9001183
2026-06-06 14:37:53,883 - INFO -    ✅ CD9001183 | page 4
2026-06-06 14:37:53,883 - INFO - [WBC] 📄 Page 5: https://www.webuycars.co.za/buy-a-car?Year=[2019,2026]&BodyType=["Double%20Cab","D/C%20%E2%80%93%20Double%20Cab"]&InspectionCondition=["Certified"]&page=5
2026-06-06 14:38:17,294 - INFO - [WBC] 🔎 Detail: https://www.webuycars.co.za/buy-a-car/Foton/Tunland-20T-G7-Luxury-Auto-Pick-Up-Double-Cab/FD8B01448
2026-06-06 14:38:21,391 - INFO -    ✅ FD8B01448 | page 5
2026-06-06 14:38:21,391 - INFO - [WBC] 🔎 Detail: https://www.webuycars.co.za/buy-a-car/Ford/Ranger-20d-Bi-Turbo-Tremor-4x4-Auto-Double-Cab-Pick-Up/155112936
2026-06-06 14:38:24,252 - INFO -    ✅ 155112936 | page 5
2026-06-06 14:38:24,253 - INFO - [WBC] 🔎 Detail: https://www.webuycars.co.za/buy-a-car/Ford/Ranger-20d-Bi-Turbo-Wildtrak-4x4-Auto-Double-Cab-Pick-Up/256112146
2026-06-06 14:38:27,204 - INFO -    ✅ 256112146 | page 5
2026-06-06 14:38:27,204 - INFO - [WBC] 🔎 Detail: https://www.webuycars.co.za/buy-a-car/Mazda/BT-50-Series-BT-50-22TDI-SLE-Pick-Up-Double-Cab/387A14663
2026-06-06 14:38:30,358 - INFO -    ✅ 387A14663 | page 5
2026-06-06 14:38:30,358 - INFO - [WBC] 🔎 Detail: https://www.webuycars.co.za/buy-a-car/GWM/P-Series-20td-Ls-black-Edition-Auto-Double-Cab-Pick-Up/D2FB15095
2026-06-06 14:38:33,384 - INFO -    ✅ D2FB15095 | page 5
2026-06-06 14:38:33,384 - INFO - [WBC] 🔎 Detail: https://www.webuycars.co.za/buy-a-car/Nissan/Navara-25ddti-Pro-4x-4x4-Auto-Double-Cab-Pick-Up/5D5500798
2026-06-06 14:38:36,366 - INFO -    ✅ 5D5500798 | page 5
2026-06-06 14:38:36,366 - INFO - [WBC] 🔎 Detail: https://www.webuycars.co.za/buy-a-car/Ford/Ranger-20d-XLT-HR-Auto-Double-Cab-Pick-Up/24FF09873
2026-06-06 14:38:39,459 - INFO -    ✅ 24FF09873 | page 5
2026-06-06 14:38:39,459 - INFO - [WBC] 🔎 Detail: https://www.webuycars.co.za/buy-a-car/Toyota/Hilux-28-Gd-6-RB-Legend-RS-4x4-Auto-Pick-Up-Double-Cab/8EAB06733
2026-06-06 14:38:42,753 - INFO -    ✅ 8EAB06733 | page 5
2026-06-06 14:38:43,820 - INFO - ✅ Saved 10 car(s) to Firestore.
2026-06-06 14:38:43,820 - INFO - [WBC] 🔎 Detail: https://www.webuycars.co.za/buy-a-car/Ford/Ranger-20d-XL-4x4-Auto-Double-Cab-Pick-Up/978815386
2026-06-06 14:38:46,802 - INFO -    ✅ 978815386 | page 5
2026-06-06 14:38:46,803 - INFO - [WBC] 🔎 Detail: https://www.webuycars.co.za/buy-a-car/Toyota/Hilux-28-Gd-6-Gr-S-4x4-Auto-Pick-Up-Double-Cab/AD7E05869
2026-06-06 14:38:49,698 - INFO -    ✅ AD7E05869 | page 5
2026-06-06 14:38:49,698 - INFO - [WBC] 🔎 Detail: https://www.webuycars.co.za/buy-a-car/Mitsubishi/Triton-24-Di-Dc-Xtreme-Auto-Pick-Up-Double-Cab/1A0B06819
2026-06-06 14:38:52,826 - INFO -    ✅ 1A0B06819 | page 5
2026-06-06 14:38:52,827 - INFO - [WBC] 🔎 Detail: https://www.webuycars.co.za/buy-a-car/Toyota/Hilux-28-Gd-6-RB-Raider-Auto-Pick-Up-Double-Cab-mhev/21B611799
2026-06-06 14:38:56,779 - INFO -    ✅ 21B611799 | page 5
2026-06-06 14:38:56,779 - INFO - [WBC] 🔎 Detail: https://www.webuycars.co.za/buy-a-car/GWM/P-Series-P300-24td-LS-Auto-Double-Cab-Pick-Up/6C6206672
2026-06-06 14:38:59,649 - INFO -    ✅ 6C6206672 | page 5
2026-06-06 14:38:59,650 - INFO - [WBC] 🔎 Detail: https://www.webuycars.co.za/buy-a-car/Volkswagen/Amarok-20TDI-125-KW-4mot-Life-Double-Cab-Pick-Up/7AFC01108
2026-06-06 14:39:02,752 - INFO -    ✅ 7AFC01108 | page 5
2026-06-06 14:39:02,753 - INFO - [WBC] 🔎 Detail: https://www.webuycars.co.za/buy-a-car/Ford/Ranger-20d-Bi-Turbo-Tremor-4x4-Auto-Double-Cab-Pick-Up/DF8914419
2026-06-06 14:39:06,056 - INFO -    ✅ DF8914419 | page 5
2026-06-06 14:39:06,056 - INFO - [WBC] 🔎 Detail: https://www.webuycars.co.za/buy-a-car/Volkswagen/Amarok-20bitdi-154-KW-4mot-Life-Auto-Double-Cab-Pick-Up/87E904260
2026-06-06 14:39:08,868 - INFO -    ✅ 87E904260 | page 5
2026-06-06 14:39:08,869 - INFO - [WBC] 🔎 Detail: https://www.webuycars.co.za/buy-a-car/Ford/Ranger-20d-Bi-Turbo-Wildtrak-Auto-Double-Cab-Pick-Up/994110510
2026-06-06 14:39:11,957 - INFO -    ✅ 994110510 | page 5
2026-06-06 14:39:11,957 - INFO - [WBC] 🔎 Detail: https://www.webuycars.co.za/buy-a-car/Ford/Ranger-20d-Bi-Turbo-Wildtrak-X-AWD-Auto-Double-Cab-Pick-Up/9F2F08159
2026-06-06 14:39:14,978 - INFO -    ✅ 9F2F08159 | page 5
2026-06-06 14:39:16,079 - INFO - ✅ Saved 10 car(s) to Firestore.
2026-06-06 14:39:16,079 - INFO - [WBC] 🔎 Detail: https://www.webuycars.co.za/buy-a-car/Nissan/Navara-25ddti-Pro-2x-Auto-Double-Cab-Pick-Up/DC4814255
2026-06-06 14:39:19,756 - INFO -    ✅ DC4814255 | page 5
2026-06-06 14:39:19,756 - INFO - [WBC] 🔎 Detail: https://www.webuycars.co.za/buy-a-car/Ford/Ranger-20d-XLT-HR-Auto-Double-Cab-Pick-Up/84C804383
2026-06-06 14:39:22,714 - INFO -    ✅ 84C804383 | page 5
2026-06-06 14:39:22,714 - INFO - [WBC] 🔎 Detail: https://www.webuycars.co.za/buy-a-car/Nissan/Navara-25ddti-Pro-2x-Auto-Double-Cab-Pick-Up/9F4401286
2026-06-06 14:39:26,010 - INFO -    ✅ 9F4401286 | page 5
2026-06-06 14:39:26,010 - INFO - [WBC] 🔎 Detail: https://www.webuycars.co.za/buy-a-car/Toyota/Hilux-28-Gd-6-Gr-S-4x4-Auto-Pick-Up-Double-Cab/5A4410008
2026-06-06 14:39:29,869 - INFO -    ✅ 5A4410008 | page 5
2026-06-06 14:39:29,870 - INFO - [WBC] 🔎 Detail: https://www.webuycars.co.za/buy-a-car/Ford/Ranger-20d-Bi-Turbo-Wildtrak-Auto-Double-Cab-Pick-Up/78E200126
2026-06-06 14:39:32,837 - INFO -    ✅ 78E200126 | page 5
2026-06-06 14:39:32,837 - INFO - [WBC] 📄 Page 6: https://www.webuycars.co.za/buy-a-car?Year=[2019,2026]&BodyType=["Double%20Cab","D/C%20%E2%80%93%20Double%20Cab"]&InspectionCondition=["Certified"]&page=6
2026-06-06 14:39:55,965 - INFO - [WBC] 🔎 Detail: https://www.webuycars.co.za/buy-a-car/Ford/Ranger-30d-V6-Wildtrak-AWD-Auto-Double-Cab-Pick-Up/BAC008863
2026-06-06 14:39:58,978 - INFO -    ✅ BAC008863 | page 6
2026-06-06 14:39:58,978 - INFO - [WBC] 🔎 Detail: https://www.webuycars.co.za/buy-a-car/Ford/Ranger-20d-Bi-Turbo-Wildtrak-Auto-Double-Cab-Pick-Up/112107541
2026-06-06 14:40:01,941 - INFO -    ✅ 112107541 | page 6
2026-06-06 14:40:01,941 - INFO - [WBC] 🔎 Detail: https://www.webuycars.co.za/buy-a-car/Ford/Ranger-20d-XL-4x4-Double-Cab-Pick-Up/1EE804201
2026-06-06 14:40:05,594 - INFO -    ✅ 1EE804201 | page 6
2026-06-06 14:40:05,594 - INFO - [WBC] 🔎 Detail: https://www.webuycars.co.za/buy-a-car/Ford/Ranger-20d-Bi-Turbo-Wildtrak-Auto-Double-Cab-Pick-Up/32C401588
2026-06-06 14:40:08,624 - INFO -    ✅ 32C401588 | page 6
2026-06-06 14:40:08,625 - INFO - [WBC] 🔎 Detail: https://www.webuycars.co.za/buy-a-car/GWM/P-Series-20td-LT-4x4-Auto-Double-Cab-Pick-Up/9E0303540
2026-06-06 14:40:11,437 - INFO -    ✅ 9E0303540 | page 6
2026-06-06 14:40:12,528 - INFO - ✅ Saved 10 car(s) to Firestore.
2026-06-06 14:40:12,528 - INFO - [WBC] 🔎 Detail: https://www.webuycars.co.za/buy-a-car/Volkswagen/Amarok-20bitdi-154-KW-4mot-Panamericana-Auto-Double-Cab/E11811602
2026-06-06 14:40:15,589 - INFO -    ✅ E11811602 | page 6
2026-06-06 14:40:15,590 - INFO - [WBC] 🔎 Detail: https://www.webuycars.co.za/buy-a-car/Ford/Ranger-20d-Double-Cab-Pick-Up/FA2702169
2026-06-06 14:40:19,228 - INFO -    ✅ FA2702169 | page 6
2026-06-06 14:40:19,229 - INFO - [WBC] 🔎 Detail: https://www.webuycars.co.za/buy-a-car/Ford/Ranger-20d-Bi-Turbo-Wildtrak-Auto-Double-Cab-Pick-Up/5EBE10576
2026-06-06 14:40:22,312 - INFO -    ✅ 5EBE10576 | page 6
2026-06-06 14:40:22,312 - INFO - [WBC] 🔎 Detail: https://www.webuycars.co.za/buy-a-car/GWM/P-Series-20td-LT-4x4-Auto-Double-Cab-Pick-Up/221E11166
2026-06-06 14:40:25,352 - INFO -    ✅ 221E11166 | page 6
2026-06-06 14:40:25,352 - INFO - [WBC] 🔎 Detail: https://www.webuycars.co.za/buy-a-car/Foton/Tunland-20T-G7-Elite-Pick-Up-Double-Cab/85ED01550
2026-06-06 14:40:28,255 - INFO -    ✅ 85ED01550 | page 6
2026-06-06 14:40:28,255 - INFO - [WBC] 🔎 Detail: https://www.webuycars.co.za/buy-a-car/Nissan/Navara-25d-LE-4X2-AT-Double-Cab-Pick-Up/9B1708149
2026-06-06 14:40:31,333 - INFO -    ✅ 9B1708149 | page 6
2026-06-06 14:40:31,334 - INFO - [WBC] 🔎 Detail: https://www.webuycars.co.za/buy-a-car/Ford/Ranger-20d-Bi-Turbo-Wildtrak-X-AWD-Auto-Double-Cab-Pick-Up/AEF313470
2026-06-06 14:40:35,295 - INFO -    ✅ AEF313470 | page 6
2026-06-06 14:40:35,295 - INFO - [WBC] 🔎 Detail: https://www.webuycars.co.za/buy-a-car/Isuzu/D-MAX-19-DDI-HR-L-Double-Cab-Pick-Up/C15305917
2026-06-06 14:40:38,481 - INFO -    ✅ C15305917 | page 6
2026-06-06 14:40:38,481 - INFO - [WBC] 🔎 Detail: https://www.webuycars.co.za/buy-a-car/Volkswagen/Amarok-20TDI-125-KW-4mot-Life-Auto-Double-Cab-Pick-Up/F18C06754
2026-06-06 14:40:42,304 - INFO -    ✅ F18C06754 | page 6
2026-06-06 14:40:42,305 - INFO - [WBC] 🔎 Detail: https://www.webuycars.co.za/buy-a-car/Ford/Ranger-30d-V6-Wildtrak-AWD-Auto-Double-Cab-Pick-Up/006216000
2026-06-06 14:40:45,209 - INFO -    ✅ 006216000 | page 6
2026-06-06 14:40:46,194 - INFO - ✅ Saved 10 car(s) to Firestore.
2026-06-06 14:40:46,195 - INFO - [WBC] 🔎 Detail: https://www.webuycars.co.za/buy-a-car/Ford/Ranger-20d-Bi-Turbo-XLT-HR-Auto-Double-Cab-Pick-Up/1B8A05189
2026-06-06 14:40:49,826 - INFO -    ✅ 1B8A05189 | page 6
2026-06-06 14:40:49,826 - INFO - [WBC] 🔎 Detail: https://www.webuycars.co.za/buy-a-car/Ford/Ranger-20d-Bi-Turbo-Wildtrak-Auto-Double-Cab-Pick-Up/1FC313427
2026-06-06 14:40:52,841 - INFO -    ✅ 1FC313427 | page 6
2026-06-06 14:40:52,841 - INFO - [WBC] 🔎 Detail: https://www.webuycars.co.za/buy-a-car/Ford/Ranger-30-V6-BI-Turbo-EcoBoost-Raptor-4x4-Auto/04AB16891
2026-06-06 14:40:56,041 - INFO -    ✅ 04AB16891 | page 6
2026-06-06 14:40:56,041 - INFO - [WBC] 🔎 Detail: https://www.webuycars.co.za/buy-a-car/Isuzu/D-MAX-300-LX-Auto-Double-Cab-Pick-Up/4F7A02249
2026-06-06 14:40:59,333 - INFO -    ✅ 4F7A02249 | page 6
2026-06-06 14:40:59,333 - INFO - [WBC] 🔎 Detail: https://www.webuycars.co.za/buy-a-car/Foton/Tunland-20T-G7-Elite-Pick-Up-Double-Cab/87CC11736
2026-06-06 14:41:02,361 - INFO -    ✅ 87CC11736 | page 6
2026-06-06 14:41:02,361 - INFO - [WBC] 🔎 Detail: https://www.webuycars.co.za/buy-a-car/Ford/Ranger-20d-Bi-Turbo-Wildtrak-Auto-Double-Cab-Pick-Up/8FF614183
2026-06-06 14:41:05,302 - INFO -    ✅ 8FF614183 | page 6
2026-06-06 14:41:05,302 - INFO - [WBC] 🔎 Detail: https://www.webuycars.co.za/buy-a-car/Toyota/Hilux-28-Gd-6-RB-Raider-Auto-Pick-Up-Double-Cab/8CF508144
2026-06-06 14:41:08,254 - INFO -    ✅ 8CF508144 | page 6
2026-06-06 14:41:08,255 - INFO - [WBC] 🔎 Detail: https://www.webuycars.co.za/buy-a-car/Volkswagen/Amarok-30TDI-V6-184-KW-4mot-Style-Auto-Double-Cab-Pick-Up/E56415436
2026-06-06 14:41:11,134 - INFO -    ✅ E56415436 | page 6
2026-06-06 14:41:11,134 - INFO - [WBC] 📄 Page 7: https://www.webuycars.co.za/buy-a-car?Year=[2019,2026]&BodyType=["Double%20Cab","D/C%20%E2%80%93%20Double%20Cab"]&InspectionCondition=["Certified"]&page=7
2026-06-06 14:41:34,705 - INFO - [WBC] 🔎 Detail: https://www.webuycars.co.za/buy-a-car/Ford/Ranger-32tdci-XLT-4x4-Auto-Pick-Up-Double-Cab/2C8401526
2026-06-06 14:41:37,491 - INFO -    ✅ 2C8401526 | page 7
2026-06-06 14:41:37,492 - INFO - [WBC] 🔎 Detail: https://www.webuycars.co.za/buy-a-car/Volkswagen/Amarok-20bitdi-154-KW-4mot-Panamericana-Auto-Double-Cab/377614728
2026-06-06 14:41:40,628 - INFO -    ✅ 377614728 | page 7
2026-06-06 14:41:41,612 - INFO - ✅ Saved 10 car(s) to Firestore.
2026-06-06 14:41:41,612 - INFO - [WBC] 🔎 Detail: https://www.webuycars.co.za/buy-a-car/Nissan/Navara-25ddti-Pro-2x-Auto-Double-Cab-Pick-Up/9B7E15551
2026-06-06 14:41:44,460 - INFO -    ✅ 9B7E15551 | page 7
2026-06-06 14:41:44,461 - INFO - [WBC] 🔎 Detail: https://www.webuycars.co.za/buy-a-car/Toyota/Hilux-28-Gd-6-Raider-4x4-Auto-Pick-Up-Double-Cab/620C16412
2026-06-06 14:41:48,467 - INFO -    ✅ 620C16412 | page 7
2026-06-06 14:41:48,467 - INFO - [WBC] 🔎 Detail: https://www.webuycars.co.za/buy-a-car/Isuzu/D-MAX-19-DDI-HR-LS-Auto-Double-Cab-Pick-Up/872817455
2026-06-06 14:41:51,051 - INFO -    ✅ 872817455 | page 7
2026-06-06 14:41:51,052 - INFO - [WBC] 🔎 Detail: https://www.webuycars.co.za/buy-a-car/Ford/Ranger-20d-XL-4x4-Auto-Double-Cab-Pick-Up/714E06745
2026-06-06 14:41:53,872 - INFO -    ✅ 714E06745 | page 7
2026-06-06 14:41:53,872 - INFO - [WBC] 🔎 Detail: https://www.webuycars.co.za/buy-a-car/Nissan/Navara-25ddti-Le-le-Plus-Auto-Double-Cab-Pick-Up/10CE01237
2026-06-06 14:42:01,164 - INFO -    ✅ 10CE01237 | page 7
2026-06-06 14:42:01,165 - INFO - [WBC] 🔎 Detail: https://www.webuycars.co.za/buy-a-car/Ford/Ranger-FX4-20d-Auto-Pick-Up-Double-Cab/8ADD10806
2026-06-06 14:42:04,075 - INFO -    ✅ 8ADD10806 | page 7
2026-06-06 14:42:04,076 - INFO - [WBC] 🔎 Detail: https://www.webuycars.co.za/buy-a-car/Ford/Ranger-20d-Bi-Turbo-Wildtrak-4x4-Auto-Double-Cab-Pick-Up/85FB16779
2026-06-06 14:42:07,273 - INFO -    ✅ 85FB16779 | page 7
2026-06-06 14:42:07,274 - INFO - [WBC] 🔎 Detail: https://www.webuycars.co.za/buy-a-car/Nissan/Navara-25ddti-Pro-2x-Auto-Double-Cab-Pick-Up/BBAC07082
2026-06-06 14:42:10,168 - INFO -    ✅ BBAC07082 | page 7
2026-06-06 14:42:10,169 - INFO - [WBC] 🔎 Detail: https://www.webuycars.co.za/buy-a-car/Ford/Ranger-20d-XL-Double-Cab-Pick-Up/C23007307
2026-06-06 14:42:13,313 - INFO -    ✅ C23007307 | page 7
2026-06-06 14:42:13,314 - INFO - [WBC] 🔎 Detail: https://www.webuycars.co.za/buy-a-car/Ford/Ranger-20d-XLT-HR-Auto-Double-Cab-Pick-Up/DC7A10340
2026-06-06 14:42:17,709 - INFO -    ✅ DC7A10340 | page 7
2026-06-06 14:42:18,688 - INFO - ✅ Saved 10 car(s) to Firestore.
2026-06-06 14:42:18,689 - INFO - [WBC] 🔎 Detail: https://www.webuycars.co.za/buy-a-car/Ford/Ranger-30d-V6-Wildtrak-AWD-Auto-Double-Cab-Pick-Up/102A10726
2026-06-06 14:42:22,525 - INFO -    ✅ 102A10726 | page 7
2026-06-06 14:42:22,525 - INFO - [WBC] 🔎 Detail: https://www.webuycars.co.za/buy-a-car/Volkswagen/Amarok-20bitdi-154-KW-4mot-Style-Double-Cab-Pick-Up/D47505852
2026-06-06 14:42:25,586 - INFO -    ✅ D47505852 | page 7
2026-06-06 14:42:25,587 - INFO - [WBC] 🔎 Detail: https://www.webuycars.co.za/buy-a-car/Isuzu/D-MAX-30ddi-Arctic-4x4-Auto-Pick-Up-Double-Cab/EDD901228
2026-06-06 14:42:28,535 - INFO -    ✅ EDD901228 | page 7
2026-06-06 14:42:28,535 - INFO - [WBC] 🔎 Detail: https://www.webuycars.co.za/buy-a-car/Toyota/Land-Cruiser-79-40p-Pick-Up-Double-Cab/0C1D09267
2026-06-06 14:42:31,738 - INFO -    ✅ 0C1D09267 | page 7
2026-06-06 14:42:31,739 - INFO - [WBC] 🔎 Detail: https://www.webuycars.co.za/buy-a-car/GWM/P-Series-20td-Ls-black-Edition-Auto-Double-Cab-Pick-Up/576215696
2026-06-06 14:42:34,703 - INFO -    ✅ 576215696 | page 7
2026-06-06 14:42:34,704 - INFO - [WBC] 🔎 Detail: https://www.webuycars.co.za/buy-a-car/GWM/P-Series-20td-Ls-black-Edition-Auto-Double-Cab-Pick-Up/473E05082
2026-06-06 14:42:37,848 - INFO -    ✅ 473E05082 | page 7
2026-06-06 14:42:37,848 - INFO - [WBC] 🔎 Detail: https://www.webuycars.co.za/buy-a-car/Ford/Ranger-20d-Bi-Turbo-Thunder-4x4-Auto-Pick-Up-Double-Cab/63C904315
2026-06-06 14:42:41,098 - INFO -    ✅ 63C904315 | page 7
2026-06-06 14:42:41,099 - INFO - [WBC] 🔎 Detail: https://www.webuycars.co.za/buy-a-car/Toyota/Hilux-28-Gd-6-Gr-S-4x4-Auto-Pick-Up-Double-Cab/66F206386
2026-06-06 14:42:44,061 - INFO -    ✅ 66F206386 | page 7
2026-06-06 14:42:44,062 - INFO - [WBC] 🔎 Detail: https://www.webuycars.co.za/buy-a-car/GWM/P-Series-20td-SX-Auto-Double-Cab-Pick-Up/CB7911841
2026-06-06 14:42:46,767 - INFO -    ✅ CB7911841 | page 7
2026-06-06 14:42:46,767 - INFO - [WBC] 🔎 Detail: https://www.webuycars.co.za/buy-a-car/Mahindra/PIK-UP-22-Mhawk-S11-4x4-Auto-Pick-Up-Double-Cab/FB6812583
2026-06-06 14:42:50,071 - INFO -    ✅ FB6812583 | page 7
2026-06-06 14:42:51,060 - INFO - ✅ Saved 10 car(s) to Firestore.
2026-06-06 14:42:51,061 - INFO - [WBC] 🔎 Detail: https://www.webuycars.co.za/buy-a-car/GWM/P-Series-20td-Ls-black-Edition-Auto-Double-Cab-Pick-Up/556912377
2026-06-06 14:42:53,884 - INFO -    ✅ 556912377 | page 7
2026-06-06 14:42:53,885 - INFO - [WBC] 📄 Page 8: https://www.webuycars.co.za/buy-a-car?Year=[2019,2026]&BodyType=["Double%20Cab","D/C%20%E2%80%93%20Double%20Cab"]&InspectionCondition=["Certified"]&page=8
2026-06-06 14:43:17,481 - INFO - [WBC] 🔎 Detail: https://www.webuycars.co.za/buy-a-car/GWM/P-Series-20td-Ls-black-Edition-Auto-Double-Cab-Pick-Up/556912377
2026-06-06 14:43:20,431 - INFO -    ✅ 556912377 | page 8
2026-06-06 14:43:20,431 - INFO - [WBC] 🔎 Detail: https://www.webuycars.co.za/buy-a-car/Nissan/Navara-25ddti-Le-le-Plus-Auto-Double-Cab-Pick-Up/696602674
2026-06-06 14:43:23,149 - INFO -    ✅ 696602674 | page 8
2026-06-06 14:43:23,150 - INFO - [WBC] 🔎 Detail: https://www.webuycars.co.za/buy-a-car/Ford/Ranger-20d-Bi-Turbo-Wildtrak-4x4-Auto-Pick-Up-Double-Cab/860B11178
2026-06-06 14:43:26,082 - INFO -    ✅ 860B11178 | page 8
2026-06-06 14:43:26,083 - INFO - [WBC] 🔎 Detail: https://www.webuycars.co.za/buy-a-car/Ford/Ranger-20d-XLT-Auto-Pick-Up-Double-Cab/A46D15563
2026-06-06 14:43:28,871 - INFO -    ✅ A46D15563 | page 8
2026-06-06 14:43:28,871 - INFO - [WBC] 🔎 Detail: https://www.webuycars.co.za/buy-a-car/Toyota/Hilux-28-Gd-6-RB-Legend-RS-Auto-Pick-Up-Double-Cab/D0A504120
2026-06-06 14:43:32,494 - INFO -    ✅ D0A504120 | page 8
2026-06-06 14:43:32,494 - INFO - [WBC] 🔎 Detail: https://www.webuycars.co.za/buy-a-car/Nissan/Navara-25ddti-Pro-4x-4x4-Auto-Double-Cab-Pick-Up/FF7407924
2026-06-06 14:43:36,020 - INFO -    ✅ FF7407924 | page 8
2026-06-06 14:43:36,021 - INFO - [WBC] 🔎 Detail: https://www.webuycars.co.za/buy-a-car/Toyota/Hilux-24-Gd-6-RB-Raider-Auto-Pick-Up-Double-Cab/0A6F00973
2026-06-06 14:43:39,031 - INFO -    ✅ 0A6F00973 | page 8
2026-06-06 14:43:39,031 - INFO - [WBC] 🔎 Detail: https://www.webuycars.co.za/buy-a-car/Ford/Ranger-20d-XLT-HR-Auto-Double-Cab-Pick-Up/119911459
2026-06-06 14:43:41,879 - INFO -    ✅ 119911459 | page 8
2026-06-06 14:43:41,879 - INFO - [WBC] 🔎 Detail: https://www.webuycars.co.za/buy-a-car/Ford/Ranger-20d-Bi-Turbo-Wildtrak-4x4-Auto-Pick-Up-Double-Cab/63A710470
2026-06-06 14:43:45,385 - INFO -    ✅ 63A710470 | page 8
2026-06-06 14:43:46,449 - INFO - ✅ Saved 10 car(s) to Firestore.
2026-06-06 14:43:46,449 - INFO - [WBC] 🔎 Detail: https://www.webuycars.co.za/buy-a-car/Peugeot/Landtrek-19d-4action-Pick-Up-Double-Cab-4x4-Auto/F74D11781
2026-06-06 14:43:49,247 - INFO -    ✅ F74D11781 | page 8
2026-06-06 14:43:49,247 - INFO - [WBC] 🔎 Detail: https://www.webuycars.co.za/buy-a-car/Ford/Ranger-20d-XL-Auto-Double-Cab-Pick-Up/0DC410463
2026-06-06 14:43:52,399 - INFO -    ✅ 0DC410463 | page 8
2026-06-06 14:43:52,400 - INFO - [WBC] 🔎 Detail: https://www.webuycars.co.za/buy-a-car/Isuzu/D-MAX-250-HO-Hi-Ride-Double-Cab-Pick-Up/754807795
2026-06-06 14:43:55,746 - INFO -    ✅ 754807795 | page 8
2026-06-06 14:43:55,747 - INFO - [WBC] 🔎 Detail: https://www.webuycars.co.za/buy-a-car/GWM/P-Series-20td-LT-4x4-Auto-Double-Cab-Pick-Up/C20610879
2026-06-06 14:43:58,794 - INFO -    ✅ C20610879 | page 8
2026-06-06 14:43:58,794 - INFO - [WBC] 🔎 Detail: https://www.webuycars.co.za/buy-a-car/Toyota/Hilux-28-Gd-6-Gr-S-4x4-Auto-Pick-Up-Double-Cab/3AA508978
2026-06-06 14:44:01,996 - INFO -    ✅ 3AA508978 | page 8
2026-06-06 14:44:01,996 - INFO - [WBC] 🔎 Detail: https://www.webuycars.co.za/buy-a-car/Nissan/Navara-25ddti-Le-le-Plus-Auto-Double-Cab-Pick-Up/790A03800
2026-06-06 14:44:05,115 - INFO -    ✅ 790A03800 | page 8
2026-06-06 14:44:05,116 - INFO - [WBC] 🔎 Detail: https://www.webuycars.co.za/buy-a-car/Ford/Ranger-22tdci-XL-Auto-Pick-Up-Double-Cab/A8FE10535
2026-06-06 14:44:08,270 - INFO -    ✅ A8FE10535 | page 8
2026-06-06 14:44:08,271 - INFO - [WBC] 🔎 Detail: https://www.webuycars.co.za/buy-a-car/Ford/Ranger-30d-V6-Wildtrak-AWD-Auto-Double-Cab-Pick-Up/F30012551
2026-06-06 14:44:11,239 - INFO -    ✅ F30012551 | page 8
2026-06-06 14:44:11,239 - INFO - [WBC] 🔎 Detail: https://www.webuycars.co.za/buy-a-car/Toyota/Hilux-28-Gd-6-RB-Raider-Pick-Up-Double-Cab/F64F08918
2026-06-06 14:44:13,961 - INFO -    ✅ F64F08918 | page 8
2026-06-06 14:44:13,961 - INFO - [WBC] 🔎 Detail: https://www.webuycars.co.za/buy-a-car/LDV/T60-MAX-Luxe-160-KW-4x4-Auto-Double-Cab-Pick-Up/1ABF12280
2026-06-06 14:44:17,039 - INFO -    ✅ 1ABF12280 | page 8
2026-06-06 14:44:18,032 - INFO - ✅ Saved 10 car(s) to Firestore.
2026-06-06 14:44:18,033 - INFO - [WBC] 🔎 Detail: https://www.webuycars.co.za/buy-a-car/GWM/P-Series-20td-DLX-Double-Cab-Pick-Up/AEF210381
2026-06-06 14:44:21,150 - INFO -    ✅ AEF210381 | page 8
2026-06-06 14:44:21,150 - INFO - [WBC] 🔎 Detail: https://www.webuycars.co.za/buy-a-car/Ford/Ranger-20d-4x4-Double-Cab-Pick-Up/F07906181
2026-06-06 14:44:24,093 - INFO -    ✅ F07906181 | page 8
2026-06-06 14:44:24,094 - INFO - [WBC] 🔎 Detail: https://www.webuycars.co.za/buy-a-car/Ford/Ranger-20d-Bi-Turbo-Wildtrak-4x4-Auto-Double-Cab-Pick-Up/2DB615380
2026-06-06 14:44:27,145 - INFO -    ✅ 2DB615380 | page 8
2026-06-06 14:44:27,145 - INFO - [WBC] 🔎 Detail: https://www.webuycars.co.za/buy-a-car/Volkswagen/Amarok-20TDI-125-KW-4mot-Life-Double-Cab-Pick-Up/2E4517056
2026-06-06 14:44:30,209 - INFO -    ✅ 2E4517056 | page 8
2026-06-06 14:44:30,210 - INFO - [WBC] 📄 Page 9: https://www.webuycars.co.za/buy-a-car?Year=[2019,2026]&BodyType=["Double%20Cab","D/C%20%E2%80%93%20Double%20Cab"]&InspectionCondition=["Certified"]&page=9
2026-06-06 14:44:53,804 - INFO - [WBC] 🔎 Detail: https://www.webuycars.co.za/buy-a-car/Ford/Ranger-20d-XLT-4x4-Auto-Pick-Up-Double-Cab/BD6403261
2026-06-06 14:44:56,822 - INFO -    ✅ BD6403261 | page 9
2026-06-06 14:44:56,822 - INFO - [WBC] 🔎 Detail: https://www.webuycars.co.za/buy-a-car/Nissan/Navara-25ddti-SE-Auto-Double-Cab-Pick-Up/E38E00481
2026-06-06 14:45:00,517 - INFO -    ✅ E38E00481 | page 9
2026-06-06 14:45:00,517 - INFO - [WBC] 🔎 Detail: https://www.webuycars.co.za/buy-a-car/Ford/Ranger-20d-XL-Auto-Double-Cab-Pick-Up/E90C10104
2026-06-06 14:45:03,577 - INFO -    ✅ E90C10104 | page 9
2026-06-06 14:45:03,578 - INFO - [WBC] 🔎 Detail: https://www.webuycars.co.za/buy-a-car/Ford/Ranger-30-V6-BI-Turbo-EcoBoost-Raptor-4x4-Auto/FD9814276
2026-06-06 14:45:06,604 - INFO -    ✅ FD9814276 | page 9
2026-06-06 14:45:06,605 - INFO - [WBC] 🔎 Detail: https://www.webuycars.co.za/buy-a-car/Ford/Ranger-20d-XLT-HR-Auto-Double-Cab-Pick-Up/61BE02030
2026-06-06 14:45:10,143 - INFO -    ✅ 61BE02030 | page 9
2026-06-06 14:45:10,143 - INFO - [WBC] 🔎 Detail: https://www.webuycars.co.za/buy-a-car/Toyota/Hilux-24-Gd-6-RB-Raider-Pick-Up-Double-Cab/CBFC01798
2026-06-06 14:45:13,356 - INFO -    ✅ CBFC01798 | page 9
2026-06-06 14:45:14,417 - INFO - ✅ Saved 10 car(s) to Firestore.
2026-06-06 14:45:14,417 - INFO - [WBC] 🔎 Detail: https://www.webuycars.co.za/buy-a-car/Toyota/Hilux-24-Gd-6-RB-Raider-Auto-Pick-Up-Double-Cab/F0E705595
2026-06-06 14:45:17,594 - INFO -    ✅ F0E705595 | page 9
2026-06-06 14:45:17,595 - INFO - [WBC] 🔎 Detail: https://www.webuycars.co.za/buy-a-car/Mahindra/PIK-UP-22-Mhawk-S11-Auto-Pick-Up-Double-Cab/BFDA04336
2026-06-06 14:45:21,101 - INFO -    ✅ BFDA04336 | page 9
2026-06-06 14:45:21,101 - INFO - [WBC] 🔎 Detail: https://www.webuycars.co.za/buy-a-car/GWM/P-Series-20td-LT-4x4-Auto-Double-Cab-Pick-Up/C24901955
2026-06-06 14:45:24,056 - INFO -    ✅ C24901955 | page 9
2026-06-06 14:45:24,057 - INFO - [WBC] 🔎 Detail: https://www.webuycars.co.za/buy-a-car/Nissan/Navara-25ddti-Le-le-Plus-Auto-Double-Cab-Pick-Up/316F08881
2026-06-06 14:45:27,210 - INFO -    ✅ 316F08881 | page 9
2026-06-06 14:45:27,211 - INFO - [WBC] 🔎 Detail: https://www.webuycars.co.za/buy-a-car/Ford/Ranger-30d-V6-Wildtrak-AWD-Auto-Double-Cab-Pick-Up/9DBD11790
2026-06-06 14:45:30,631 - INFO -    ✅ 9DBD11790 | page 9
2026-06-06 14:45:30,631 - INFO - [WBC] 🔎 Detail: https://www.webuycars.co.za/buy-a-car/Nissan/Navara-25ddti-Le-le-Plus-Auto-Double-Cab-Pick-Up/D2A704560
2026-06-06 14:45:33,473 - INFO -    ✅ D2A704560 | page 9
2026-06-06 14:45:33,473 - INFO - [WBC] 🔎 Detail: https://www.webuycars.co.za/buy-a-car/GWM/P-Series-20td-LT-4x4-Auto-Double-Cab-Pick-Up/581209266
2026-06-06 14:45:36,384 - INFO -    ✅ 581209266 | page 9
2026-06-06 14:45:36,385 - INFO - [WBC] 🔎 Detail: https://www.webuycars.co.za/buy-a-car/Mahindra/PIK-UP-22-Mhawk-S11-4x4-Auto-Pick-Up-Double-Cab/5E5711763
2026-06-06 14:45:39,244 - INFO -    ✅ 5E5711763 | page 9
2026-06-06 14:45:39,244 - INFO - [WBC] 🔎 Detail: https://www.webuycars.co.za/buy-a-car/Volkswagen/Amarok-20TDI-125-KW-4mot-Life-Auto-Double-Cab-Pick-Up/60EB16106
2026-06-06 14:45:42,222 - INFO -    ✅ 60EB16106 | page 9
2026-06-06 14:45:42,223 - INFO - [WBC] 🔎 Detail: https://www.webuycars.co.za/buy-a-car/Ford/Ranger-20d-Double-Cab-Pick-Up/97BC08320
2026-06-06 14:45:45,251 - INFO -    ✅ 97BC08320 | page 9
2026-06-06 14:45:46,203 - INFO - ✅ Saved 10 car(s) to Firestore.
2026-06-06 14:45:46,203 - INFO - [WBC] 🔎 Detail: https://www.webuycars.co.za/buy-a-car/Ford/Ranger-20d-XLT-4x4-Auto-Double-Cab-Pick-Up/77A700416
2026-06-06 14:45:48,982 - INFO -    ✅ 77A700416 | page 9
2026-06-06 14:45:48,982 - INFO - [WBC] 🔎 Detail: https://www.webuycars.co.za/buy-a-car/Mahindra/PIK-UP-22-Mhawk-S11-DEW-4x4-Auto-Pick-Up-Double-Cab/B2D316332
2026-06-06 14:45:51,763 - INFO -    ✅ B2D316332 | page 9
2026-06-06 14:45:51,763 - INFO - [WBC] 🔎 Detail: https://www.webuycars.co.za/buy-a-car/JAC/T9-20-CTI-LUX-Pick-Up-Double-Cab-Auto/16A114447
2026-06-06 14:45:55,154 - INFO -    ✅ 16A114447 | page 9
2026-06-06 14:45:55,155 - INFO - [WBC] 🔎 Detail: https://www.webuycars.co.za/buy-a-car/GWM/P-Series-20td-LT-4x4-Auto-Double-Cab-Pick-Up/6EBD10573
2026-06-06 14:45:58,060 - INFO -    ✅ 6EBD10573 | page 9
2026-06-06 14:45:58,060 - INFO - [WBC] 🔎 Detail: https://www.webuycars.co.za/buy-a-car/Ford/Ranger-20d-Bi-Turbo-XLT-4x4-Auto-Double-Cab-Pick-Up/672707146
2026-06-06 14:46:01,048 - INFO -    ✅ 672707146 | page 9
2026-06-06 14:46:01,048 - INFO - [WBC] 🔎 Detail: https://www.webuycars.co.za/buy-a-car/Ford/Ranger-20d-Bi-Turbo-Wildtrak-Auto-Double-Cab-Pick-Up/96E808112
2026-06-06 14:46:04,307 - INFO -    ✅ 96E808112 | page 9
2026-06-06 14:46:04,308 - INFO - [WBC] 🔎 Detail: https://www.webuycars.co.za/buy-a-car/Nissan/Navara-25ddti-Pro-2x-Auto-Double-Cab-Pick-Up/48FD11389
2026-06-06 14:46:08,041 - INFO -    ✅ 48FD11389 | page 9
2026-06-06 14:46:08,042 - INFO - [WBC] 🔎 Detail: https://www.webuycars.co.za/buy-a-car/Toyota/Hilux-28-Gd-6-RB-Legend-Auto-Pick-Up-Double-Cab/A2B506886
2026-06-06 14:46:10,804 - INFO -    ✅ A2B506886 | page 9
2026-06-06 14:46:10,804 - INFO - [WBC] 📄 Page 10: https://www.webuycars.co.za/buy-a-car?Year=[2019,2026]&BodyType=["Double%20Cab","D/C%20%E2%80%93%20Double%20Cab"]&InspectionCondition=["Certified"]&page=10
2026-06-06 14:46:34,394 - INFO - [WBC] 🔎 Detail: https://www.webuycars.co.za/buy-a-car/GWM/P-Series-20td-Ls-black-Edition-Auto-Double-Cab-Pick-Up/081C15891
2026-06-06 14:46:38,735 - INFO -    ✅ 081C15891 | page 10
2026-06-06 14:46:38,735 - INFO - [WBC] 🔎 Detail: https://www.webuycars.co.za/buy-a-car/Volkswagen/Amarok-20TDI-125-KW-4mot-Double-Cab-Pick-Up/89AF09604
2026-06-06 14:46:41,863 - INFO -    ✅ 89AF09604 | page 10
2026-06-06 14:46:42,832 - INFO - ✅ Saved 10 car(s) to Firestore.
2026-06-06 14:46:42,832 - INFO - [WBC] 🔎 Detail: https://www.webuycars.co.za/buy-a-car/Toyota/Hilux-24-Gd-6-Raider-4x4-Auto-Pick-Up-Double-Cab/D43613116
2026-06-06 14:46:46,248 - INFO -    ✅ D43613116 | page 10
2026-06-06 14:46:46,248 - INFO - [WBC] 🔎 Detail: https://www.webuycars.co.za/buy-a-car/Isuzu/D-MAX-30-DDI-LSE-Auto-Double-Cab-Pick-Up/2CEF16668
2026-06-06 14:46:49,476 - INFO -    ✅ 2CEF16668 | page 10
2026-06-06 14:46:49,477 - INFO - [WBC] 🔎 Detail: https://www.webuycars.co.za/buy-a-car/Toyota/Hilux-24-Gd-6-RB-Raider-Auto-Pick-Up-Double-Cab/B5A008061
2026-06-06 14:46:52,118 - INFO -    ✅ B5A008061 | page 10
2026-06-06 14:46:52,119 - INFO - [WBC] 🔎 Detail: https://www.webuycars.co.za/buy-a-car/GWM/P-Series-20td-LTD-4x4-Auto-Double-Cab-Pick-Up/E75206691
2026-06-06 14:46:54,987 - INFO -    ✅ E75206691 | page 10
2026-06-06 14:46:54,987 - INFO - [WBC] 🔎 Detail: https://www.webuycars.co.za/buy-a-car/Ford/Ranger-20d-XLT-HR-Auto-Double-Cab-Pick-Up/238907246
2026-06-06 14:46:58,325 - INFO -    ✅ 238907246 | page 10
2026-06-06 14:46:58,326 - INFO - [WBC] 🔎 Detail: https://www.webuycars.co.za/buy-a-car/Peugeot/Landtrek-19d-Allure-Pick-Up-Double-Cab-Auto/EF9D02814
2026-06-06 14:47:01,182 - INFO -    ✅ EF9D02814 | page 10
2026-06-06 14:47:01,183 - INFO - [WBC] 🔎 Detail: https://www.webuycars.co.za/buy-a-car/GWM/P-Series-20td-Ls-black-Edition-Auto-Double-Cab-Pick-Up/01BA10115
2026-06-06 14:47:04,143 - INFO -    ✅ 01BA10115 | page 10
2026-06-06 14:47:04,144 - INFO - [WBC] 🔎 Detail: https://www.webuycars.co.za/buy-a-car/Ford/Ranger-20d-XL-Double-Cab-Pick-Up/4EF712606
2026-06-06 14:47:07,173 - INFO -    ✅ 4EF712606 | page 10
2026-06-06 14:47:07,173 - INFO - [WBC] 🔎 Detail: https://www.webuycars.co.za/buy-a-car/GWM/P-Series-20td-LT-Auto-Double-Cab-Pick-Up/540504441
2026-06-06 14:47:11,459 - INFO -    ✅ 540504441 | page 10
2026-06-06 14:47:11,460 - INFO - [WBC] 🔎 Detail: https://www.webuycars.co.za/buy-a-car/Volkswagen/Amarok-20bitdi-154-KW-4mot-Style-Double-Cab-Pick-Up/71EB13374
2026-06-06 14:47:14,321 - INFO -    ✅ 71EB13374 | page 10
2026-06-06 14:47:16,723 - INFO - ✅ Saved 10 car(s) to Firestore.
2026-06-06 14:47:16,724 - INFO - [WBC] 🔎 Detail: https://www.webuycars.co.za/buy-a-car/Ford/Ranger-20d-XL-Double-Cab-Pick-Up/733306717
2026-06-06 14:47:19,810 - INFO -    ✅ 733306717 | page 10
2026-06-06 14:47:19,811 - INFO - [WBC] 🔎 Detail: https://www.webuycars.co.za/buy-a-car/Toyota/Hilux-24-Gd-6-RB-Raider-Auto-Pick-Up-Double-Cab/935302633
2026-06-06 14:47:23,769 - INFO -    ✅ 935302633 | page 10
2026-06-06 14:47:23,770 - INFO - [WBC] 🔎 Detail: https://www.webuycars.co.za/buy-a-car/Mitsubishi/Triton-24-Di-Dc-4x4-Auto-Pick-Up-Double-Cab/511410601
2026-06-06 14:47:26,883 - INFO -    ✅ 511410601 | page 10
2026-06-06 14:47:26,884 - INFO - [WBC] 🔎 Detail: https://www.webuycars.co.za/buy-a-car/Toyota/Hilux-28-Gd-6-Gr-S-4x4-Auto-Pick-Up-Double-Cab/422D13892
2026-06-06 14:47:30,229 - INFO -    ✅ 422D13892 | page 10
2026-06-06 14:47:30,230 - INFO - [WBC] 🔎 Detail: https://www.webuycars.co.za/buy-a-car/Ford/Ranger-30-V6-BI-Turbo-EcoBoost-Raptor-4x4-Auto/4C9E06491
2026-06-06 14:47:33,234 - INFO -    ✅ 4C9E06491 | page 10
2026-06-06 14:47:33,234 - INFO - [WBC] 🔎 Detail: https://www.webuycars.co.za/buy-a-car/Isuzu/D-MAX-250-HO-X-Rider-Auto-Double-Cab-Pick-Up/769D09834
2026-06-06 14:47:36,362 - INFO -    ✅ 769D09834 | page 10
2026-06-06 14:47:36,362 - INFO - [WBC] 🔎 Detail: https://www.webuycars.co.za/buy-a-car/Mahindra/PIK-UP-22-Mhawk-S11-4x4-Auto-Pick-Up-Double-Cab/B5B513740
2026-06-06 14:47:39,350 - INFO -    ✅ B5B513740 | page 10
2026-06-06 14:47:39,351 - INFO - [WBC] 🔎 Detail: https://www.webuycars.co.za/buy-a-car/Ford/Ranger-20d-XLT-HR-Auto-Double-Cab-Pick-Up/58F610363
2026-06-06 14:47:42,259 - INFO -    ✅ 58F610363 | page 10
2026-06-06 14:47:42,259 - INFO - [WBC] 🔎 Detail: https://www.webuycars.co.za/buy-a-car/GWM/P-Series-20td-LT-4x4-Auto-Double-Cab-Pick-Up/DA8D07871
2026-06-06 14:47:45,289 - INFO -    ✅ DA8D07871 | page 10
2026-06-06 14:47:45,290 - INFO - [WBC] 🔎 Detail: https://www.webuycars.co.za/buy-a-car/Ford/Ranger-20d-Bi-Turbo-Wildtrak-Auto-Pick-Up-Double-Cab/DC6E11982
2026-06-06 14:47:48,077 - INFO -    ✅ DC6E11982 | page 10
2026-06-06 14:47:49,072 - INFO - ✅ Saved 10 car(s) to Firestore.
2026-06-06 14:47:49,072 - INFO - [WBC] 🔎 Detail: https://www.webuycars.co.za/buy-a-car/Ford/Ranger-20d-Bi-Turbo-Wildtrak-Auto-Double-Cab-Pick-Up/49C608039
2026-06-06 14:47:51,833 - INFO -    ✅ 49C608039 | page 10
2026-06-06 14:47:51,833 - INFO - [WBC] 🔎 Detail: https://www.webuycars.co.za/buy-a-car/Ford/Ranger-32tdci-XLT-4x4-Auto-Pick-Up-Double-Cab/591B14374
2026-06-06 14:47:55,666 - INFO -    ✅ 591B14374 | page 10
2026-06-06 14:47:55,738 - INFO - [WBC] 📄 Page 11: https://www.webuycars.co.za/buy-a-car?Year=[2019,2026]&BodyType=["Double%20Cab","D/C%20%E2%80%93%20Double%20Cab"]&InspectionCondition=["Certified"]&page=11
2026-06-06 14:48:18,969 - INFO - [WBC] 🔎 Detail: https://www.webuycars.co.za/buy-a-car/Volkswagen/Amarok-20TDI-125-KW-4mot-Life-Auto-Double-Cab-Pick-Up/6CDF13431
2026-06-06 14:48:21,900 - INFO -    ✅ 6CDF13431 | page 11
2026-06-06 14:48:21,901 - INFO - [WBC] 🔎 Detail: https://www.webuycars.co.za/buy-a-car/Ford/Ranger-30d-V6-Platinum-AWD-Auto-Double-Cab-Pick-Up/8FBC00434
2026-06-06 14:48:24,676 - INFO -    ✅ 8FBC00434 | page 11
2026-06-06 14:48:24,677 - INFO - [WBC] 🔎 Detail: https://www.webuycars.co.za/buy-a-car/Ford/Ranger-20d-XL-Auto-Double-Cab-Pick-Up/BD8C11260
2026-06-06 14:48:27,756 - INFO -    ✅ BD8C11260 | page 11
2026-06-06 14:48:27,756 - INFO - [WBC] 🔎 Detail: https://www.webuycars.co.za/buy-a-car/Volkswagen/Amarok-20TDI-125-KW-Double-Cab-Pick-Up/5A4600606
2026-06-06 14:48:31,771 - INFO -    ✅ 5A4600606 | page 11
2026-06-06 14:48:31,771 - INFO - [WBC] 🔎 Detail: https://www.webuycars.co.za/buy-a-car/Volkswagen/Amarok-30TDI-V6-184-KW-4mot-Style-Auto-Double-Cab-Pick-Up/74E503462
2026-06-06 14:48:34,824 - INFO -    ✅ 74E503462 | page 11
2026-06-06 14:48:34,825 - INFO - [WBC] 🔎 Detail: https://www.webuycars.co.za/buy-a-car/Ford/Ranger-30-V6-BI-Turbo-EcoBoost-Raptor-4x4-Auto/7F0007729
2026-06-06 14:48:37,877 - INFO -    ✅ 7F0007729 | page 11
2026-06-06 14:48:37,878 - INFO - [WBC] 🔎 Detail: https://www.webuycars.co.za/buy-a-car/Isuzu/D-MAX-19-DDI-HR-LS-Auto-Double-Cab-Pick-Up/B55C16810
2026-06-06 14:48:40,674 - INFO -    ✅ B55C16810 | page 11
2026-06-06 14:48:40,675 - INFO - [WBC] 🔎 Detail: https://www.webuycars.co.za/buy-a-car/Ford/Ranger-FX4-20d-Auto-Pick-Up-Double-Cab/298D14175
2026-06-06 14:48:44,112 - INFO -    ✅ 298D14175 | page 11
2026-06-06 14:48:45,195 - INFO - ✅ Saved 10 car(s) to Firestore.
2026-06-06 14:48:45,196 - INFO - [WBC] 🔎 Detail: https://www.webuycars.co.za/buy-a-car/Volkswagen/Amarok-30TDI-V6-184-KW-4mot-Aventura-Auto-Double-Cab-Pick-Up/4A8B05806
2026-06-06 14:48:48,490 - INFO -    ✅ 4A8B05806 | page 11
2026-06-06 14:48:48,490 - INFO - [WBC] 🔎 Detail: https://www.webuycars.co.za/buy-a-car/Mahindra/PIK-UP-22-Mhawk-S11-Dawn-4x4-Auto-Pick-Up-Double-Cab/C72813255
2026-06-06 14:48:51,427 - INFO -    ✅ C72813255 | page 11
2026-06-06 14:48:51,427 - INFO - [WBC] 🔎 Detail: https://www.webuycars.co.za/buy-a-car/Ford/Ranger-30d-V6-Platinum-AWD-Auto-Double-Cab-Pick-Up/08E711965
2026-06-06 14:48:54,494 - INFO -    ✅ 08E711965 | page 11
2026-06-06 14:48:54,494 - INFO - [WBC] 🔎 Detail: https://www.webuycars.co.za/buy-a-car/Nissan/Navara-25ddti-Le-le-Plus-4x4-Auto-Double-Cab-Pick-Up/569709956
2026-06-06 14:48:57,409 - INFO -    ✅ 569709956 | page 11
2026-06-06 14:48:57,409 - INFO - [WBC] 🔎 Detail: https://www.webuycars.co.za/buy-a-car/Mahindra/PIK-UP-22-Mhawk-S11-4x4-Auto-Pick-Up-Double-Cab/65C315050
2026-06-06 14:49:00,677 - INFO -    ✅ 65C315050 | page 11
2026-06-06 14:49:00,678 - INFO - [WBC] 🔎 Detail: https://www.webuycars.co.za/buy-a-car/GWM/P-Series-20td-Ls-black-Edition-Auto-Double-Cab-Pick-Up/92FD01943
2026-06-06 14:49:03,449 - INFO -    ✅ 92FD01943 | page 11
2026-06-06 14:49:03,449 - INFO - [WBC] 🔎 Detail: https://www.webuycars.co.za/buy-a-car/Isuzu/D-MAX-19-DDI-LS-4x4-Auto-Double-Cab-Pick-Up/9C8F04073
2026-06-06 14:49:06,919 - INFO -    ✅ 9C8F04073 | page 11
2026-06-06 14:49:06,919 - INFO - [WBC] 🔎 Detail: https://www.webuycars.co.za/buy-a-car/Ford/Ranger-20d-Bi-Turbo-Thunder-Auto-Pick-Up-Double-Cab/C47403589
2026-06-06 14:49:09,867 - INFO -    ✅ C47403589 | page 11
2026-06-06 14:49:09,867 - INFO - [WBC] 🔎 Detail: https://www.webuycars.co.za/buy-a-car/Toyota/Hilux-24-Gd-6-RB-Raider-Auto-Pick-Up-Double-Cab/C76005458
2026-06-06 14:49:13,032 - INFO -    ✅ C76005458 | page 11
2026-06-06 14:49:13,032 - INFO - [WBC] 🔎 Detail: https://www.webuycars.co.za/buy-a-car/Ford/Ranger-20d-XLT-4x4-Auto-Pick-Up-Double-Cab/060202767
2026-06-06 14:49:15,935 - INFO -    ✅ 060202767 | page 11
2026-06-06 14:49:17,277 - INFO - ✅ Saved 10 car(s) to Firestore.
2026-06-06 14:49:17,277 - INFO - [WBC] 🔎 Detail: https://www.webuycars.co.za/buy-a-car/Isuzu/D-MAX-30-DDI-LSE-Auto-Double-Cab-Pick-Up/23E609915
2026-06-06 14:49:22,716 - INFO -    ✅ 23E609915 | page 11
2026-06-06 14:49:22,716 - INFO - [WBC] 🔎 Detail: https://www.webuycars.co.za/buy-a-car/Nissan/Navara-25ddti-Pro-2x-Auto-Double-Cab-Pick-Up/7A2A16309
2026-06-06 14:49:25,782 - INFO -    ✅ 7A2A16309 | page 11
2026-06-06 14:49:25,782 - INFO - [WBC] 🔎 Detail: https://www.webuycars.co.za/buy-a-car/Ford/Ranger-20d-Bi-Turbo-Wildtrak-Auto-Double-Cab-Pick-Up/0AEA04691
2026-06-06 14:49:28,910 - INFO -    ✅ 0AEA04691 | page 11
2026-06-06 14:49:28,910 - INFO - [WBC] 🔎 Detail: https://www.webuycars.co.za/buy-a-car/Toyota/Hilux-24-Gd-6-RB-SRX-Auto-Pick-Up-Double-Cab/6AF302682
2026-06-06 14:49:31,948 - INFO -    ✅ 6AF302682 | page 11
2026-06-06 14:49:31,949 - INFO - [WBC] 🔎 Detail: https://www.webuycars.co.za/buy-a-car/Isuzu/D-MAX-30-DDI-V-Cross-HR-Auto-Double-Cab-Pick-Up/941401549
2026-06-06 14:49:35,080 - INFO -    ✅ 941401549 | page 11
2026-06-06 14:49:35,081 - INFO - [WBC] 🔎 Detail: https://www.webuycars.co.za/buy-a-car/Peugeot/Landtrek-19d-Allure-Pick-Up-Double-Cab-Auto/8CDA14252
2026-06-06 14:49:38,144 - INFO -    ✅ 8CDA14252 | page 11
2026-06-06 14:49:38,145 - INFO - [WBC] 📄 Page 12: https://www.webuycars.co.za/buy-a-car?Year=[2019,2026]&BodyType=["Double%20Cab","D/C%20%E2%80%93%20Double%20Cab"]&InspectionCondition=["Certified"]&page=12
2026-06-06 14:50:02,076 - INFO - [WBC] 🔎 Detail: https://www.webuycars.co.za/buy-a-car/Nissan/Navara-25ddti-Pro-4x-4x4-Auto-Double-Cab-Pick-Up/C4A101809
2026-06-06 14:50:05,021 - INFO -    ✅ C4A101809 | page 12
2026-06-06 14:50:05,022 - INFO - [WBC] 🔎 Detail: https://www.webuycars.co.za/buy-a-car/Toyota/Land-Cruiser-79-28-Gd-6-Pick-Up-Double-Cab-Auto/21CE14829
2026-06-06 14:50:08,046 - INFO -    ✅ 21CE14829 | page 12
2026-06-06 14:50:08,046 - INFO - [WBC] 🔎 Detail: https://www.webuycars.co.za/buy-a-car/Ford/Ranger-30d-V6-Wildtrak-AWD-Auto-Double-Cab-Pick-Up/4CD312009
2026-06-06 14:50:11,034 - INFO -    ✅ 4CD312009 | page 12
2026-06-06 14:50:11,035 - INFO - [WBC] 🔎 Detail: https://www.webuycars.co.za/buy-a-car/Ford/Ranger-20d-Bi-Turbo-Wildtrak-4x4-Auto-Double-Cab-Pick-Up/B96507811
2026-06-06 14:50:13,859 - INFO -    ✅ B96507811 | page 12
2026-06-06 14:50:14,816 - INFO - ✅ Saved 10 car(s) to Firestore.
2026-06-06 14:50:14,816 - INFO - [WBC] 🔎 Detail: https://www.webuycars.co.za/buy-a-car/Isuzu/D-MAX-300-Hi-Ride-Auto-Double-Cab-Pick-Up/C8F100747
2026-06-06 14:50:18,889 - INFO -    ✅ C8F100747 | page 12
2026-06-06 14:50:18,889 - INFO - [WBC] 🔎 Detail: https://www.webuycars.co.za/buy-a-car/Toyota/Hilux-24-Gd-6-Raider-4x4-Auto-Pick-Up-Double-Cab/DE0B06179
2026-06-06 14:50:21,719 - INFO -    ✅ DE0B06179 | page 12
2026-06-06 14:50:21,720 - INFO - [WBC] 🔎 Detail: https://www.webuycars.co.za/buy-a-car/Ford/Ranger-20d-Bi-Turbo-Stormtrak-4x4-Auto-Pick-Up-Double-Cab/A50317090
2026-06-06 14:50:24,865 - INFO -    ✅ A50317090 | page 12
2026-06-06 14:50:24,866 - INFO - [WBC] 🔎 Detail: https://www.webuycars.co.za/buy-a-car/Ford/Ranger-20d-XL-Auto-Double-Cab-Pick-Up/E47C14630
2026-06-06 14:50:28,098 - INFO -    ✅ E47C14630 | page 12
2026-06-06 14:50:28,099 - INFO - [WBC] 🔎 Detail: https://www.webuycars.co.za/buy-a-car/Ford/Ranger-20d-XLT-4x4-Auto-Pick-Up-Double-Cab/FD1616014
2026-06-06 14:50:31,035 - INFO -    ✅ FD1616014 | page 12
2026-06-06 14:50:31,035 - INFO - [WBC] 🔎 Detail: https://www.webuycars.co.za/buy-a-car/Ford/Ranger-20d-XLT-4x4-Auto-Double-Cab-Pick-Up/626912924
2026-06-06 14:50:33,937 - INFO -    ✅ 626912924 | page 12
2026-06-06 14:50:33,938 - INFO - [WBC] 🔎 Detail: https://www.webuycars.co.za/buy-a-car/Volkswagen/Amarok-30TDI-V6-184-KW-4mot-Style-Auto-Double-Cab-Pick-Up/9ADA05497
2026-06-06 14:50:37,317 - INFO -    ✅ 9ADA05497 | page 12
2026-06-06 14:50:37,317 - INFO - [WBC] 🔎 Detail: https://www.webuycars.co.za/buy-a-car/Volkswagen/Amarok-30TDI-V6-184-KW-4mot-Style-Auto-Double-Cab-Pick-Up/2E1016444
2026-06-06 14:50:40,400 - INFO -    ✅ 2E1016444 | page 12
2026-06-06 14:50:40,400 - INFO - [WBC] 🔎 Detail: https://www.webuycars.co.za/buy-a-car/Ford/Ranger-20d-XL-4x4-Auto-Double-Cab-Pick-Up/640C02855
2026-06-06 14:50:43,862 - INFO -    ✅ 640C02855 | page 12
2026-06-06 14:50:43,862 - INFO - [WBC] 🔎 Detail: https://www.webuycars.co.za/buy-a-car/Ford/Ranger-20d-XL-Auto-Double-Cab-Pick-Up/C7A101699
2026-06-06 14:50:47,035 - INFO -    ✅ C7A101699 | page 12
2026-06-06 14:50:48,039 - INFO - ✅ Saved 10 car(s) to Firestore.
2026-06-06 14:50:48,039 - INFO - [WBC] 🔎 Detail: https://www.webuycars.co.za/buy-a-car/GWM/P-Series-20td-Ls-black-Edition-Auto-Double-Cab-Pick-Up/F1B200381
2026-06-06 14:50:51,189 - INFO -    ✅ F1B200381 | page 12
2026-06-06 14:50:51,190 - INFO - [WBC] 🔎 Detail: https://www.webuycars.co.za/buy-a-car/Nissan/Navara-25ddti-SE-Plus-Double-Cab-Pick-Up/479811221
2026-06-06 14:50:54,557 - INFO -    ✅ 479811221 | page 12
2026-06-06 14:50:54,557 - INFO - [WBC] 🔎 Detail: https://www.webuycars.co.za/buy-a-car/Isuzu/D-MAX-30-DDI-LSE-4x4-Auto-Double-Cab-Pick-Up/7BB100643
2026-06-06 14:50:57,789 - INFO -    ✅ 7BB100643 | page 12
2026-06-06 14:50:57,789 - INFO - [WBC] 🔎 Detail: https://www.webuycars.co.za/buy-a-car/Ford/Ranger-20d-Bi-Turbo-Wildtrak-4x4-Auto-Pick-Up-Double-Cab/8C2104496
2026-06-06 14:51:00,689 - INFO -    ✅ 8C2104496 | page 12
2026-06-06 14:51:00,689 - INFO - [WBC] 🔎 Detail: https://www.webuycars.co.za/buy-a-car/Mitsubishi/Triton-24-Di-Dc-4x4-Auto-Pick-Up-Double-Cab/EE8514529
2026-06-06 14:51:03,937 - INFO -    ✅ EE8514529 | page 12
2026-06-06 14:51:03,937 - INFO - [WBC] 🔎 Detail: https://www.webuycars.co.za/buy-a-car/Ford/Ranger-20d-Bi-Turbo-Wildtrak-4x4-Auto-Double-Cab-Pick-Up/BDA303656
2026-06-06 14:51:06,950 - INFO -    ✅ BDA303656 | page 12
2026-06-06 14:51:06,950 - INFO - [WBC] 🔎 Detail: https://www.webuycars.co.za/buy-a-car/Nissan/Navara-25ddti-SE-Plus-Double-Cab-Pick-Up/A56302804
2026-06-06 14:51:10,327 - INFO -    ✅ A56302804 | page 12
2026-06-06 14:51:10,327 - INFO - [WBC] 🔎 Detail: https://www.webuycars.co.za/buy-a-car/Toyota/Hilux-24-Gd-6-RB-Raider-Auto-Pick-Up-Double-Cab/CCE705875
2026-06-06 14:51:13,210 - INFO -    ✅ CCE705875 | page 12
2026-06-06 14:51:13,210 - INFO - [WBC] 🔎 Detail: https://www.webuycars.co.za/buy-a-car/Ford/Ranger-Raptor-20d-Bi-Turbo-4x4-Auto-Pick-Up-Double-Cab/3F1A15750
2026-06-06 14:51:16,111 - INFO -    ✅ 3F1A15750 | page 12
2026-06-06 14:51:16,112 - INFO - [WBC] 🔎 Detail: https://www.webuycars.co.za/buy-a-car/Ford/Ranger-20d-XLT-4x4-Auto-Pick-Up-Double-Cab/C40400406
2026-06-06 14:51:19,149 - INFO -    ✅ C40400406 | page 12
2026-06-06 14:51:20,115 - INFO - ✅ Saved 10 car(s) to Firestore.
2026-06-06 14:51:20,115 - INFO - [WBC] 📄 Page 13: https://www.webuycars.co.za/buy-a-car?Year=[2019,2026]&BodyType=["Double%20Cab","D/C%20%E2%80%93%20Double%20Cab"]&InspectionCondition=["Certified"]&page=13
2026-06-06 14:51:43,638 - INFO - [WBC] 🔎 Detail: https://www.webuycars.co.za/buy-a-car/Nissan/Navara-25ddti-Pro-2x-Auto-Double-Cab-Pick-Up/1A6600455
2026-06-06 14:51:46,730 - INFO -    ✅ 1A6600455 | page 13
2026-06-06 14:51:46,730 - INFO - [WBC] 🔎 Detail: https://www.webuycars.co.za/buy-a-car/Toyota/Hilux-28-Gd-6-Gr-S-4x4-Auto-Pick-Up-Double-Cab/451709084
2026-06-06 14:51:50,331 - INFO -    ✅ 451709084 | page 13
2026-06-06 14:51:50,332 - INFO - [WBC] 🔎 Detail: https://www.webuycars.co.za/buy-a-car/Ford/Ranger-20d-Bi-Turbo-Wildtrak-4x4-Auto-Pick-Up-Double-Cab/8F1B15606
2026-06-06 14:51:53,169 - INFO -    ✅ 8F1B15606 | page 13
2026-06-06 14:51:53,170 - INFO - [WBC] 🔎 Detail: https://www.webuycars.co.za/buy-a-car/Toyota/Hilux-28-Gd-6-RB-Raider-Auto-Pick-Up-Double-Cab/F91B12476
2026-06-06 14:51:56,265 - INFO -    ✅ F91B12476 | page 13
2026-06-06 14:51:56,266 - INFO - [WBC] 🔎 Detail: https://www.webuycars.co.za/buy-a-car/Ford/Ranger-20d-XLT-HR-Auto-Double-Cab-Pick-Up/10E012242
2026-06-06 14:51:59,123 - INFO -    ✅ 10E012242 | page 13
2026-06-06 14:51:59,123 - INFO - [WBC] 🔎 Detail: https://www.webuycars.co.za/buy-a-car/Ford/Ranger-20d-Bi-Turbo-Wildtrak-Auto-Double-Cab-Pick-Up/209B00804
2026-06-06 14:52:02,060 - INFO -    ✅ 209B00804 | page 13
2026-06-06 14:52:02,060 - INFO - [WBC] 🔎 Detail: https://www.webuycars.co.za/buy-a-car/Toyota/Hilux-24-Gd-6-RB-Raider-Pick-Up-Double-Cab/364808286
2026-06-06 14:52:05,012 - INFO -    ✅ 364808286 | page 13
2026-06-06 14:52:05,012 - INFO - [WBC] 🔎 Detail: https://www.webuycars.co.za/buy-a-car/Nissan/Navara-23d-LE-4x4-Auto-Pick-Up-Double-Cab/A06800899
2026-06-06 14:52:08,348 - INFO -    ✅ A06800899 | page 13
2026-06-06 14:52:08,348 - INFO - [WBC] 🔎 Detail: https://www.webuycars.co.za/buy-a-car/Ford/Ranger-20d-Bi-Turbo-Stormtrak-Auto-Pick-Up-Double-Cab/BFB912114
2026-06-06 14:52:11,339 - INFO -    ✅ BFB912114 | page 13
2026-06-06 14:52:11,339 - INFO - [WBC] 🔎 Detail: https://www.webuycars.co.za/buy-a-car/Volkswagen/Amarok-20TDI-125-KW-4mot-Life-Double-Cab-Pick-Up/AC4614681
2026-06-06 14:52:14,271 - INFO -    ✅ AC4614681 | page 13
2026-06-06 14:52:16,916 - INFO - ✅ Saved 10 car(s) to Firestore.
2026-06-06 14:52:16,917 - INFO - [WBC] 🔎 Detail: https://www.webuycars.co.za/buy-a-car/Ford/Ranger-20d-XLT-Auto-Pick-Up-Double-Cab/571814684
2026-06-06 14:52:20,783 - INFO -    ✅ 571814684 | page 13
2026-06-06 14:52:20,784 - INFO - [WBC] 🔎 Detail: https://www.webuycars.co.za/buy-a-car/Nissan/Navara-25ddti-Pro-4x-4x4-Auto-Double-Cab-Pick-Up/900C14908
2026-06-06 14:52:23,894 - INFO -    ✅ 900C14908 | page 13
2026-06-06 14:52:23,895 - INFO - [WBC] 🔎 Detail: https://www.webuycars.co.za/buy-a-car/GWM/P-Series-20td-Ls-black-Edition-Auto-Double-Cab-Pick-Up/D10300140
2026-06-06 14:52:26,949 - INFO -    ✅ D10300140 | page 13
2026-06-06 14:52:26,949 - INFO - [WBC] 🔎 Detail: https://www.webuycars.co.za/buy-a-car/Toyota/Hilux-24-Gd-6-RB-Raider-Pick-Up-Double-Cab/6F2B13244
2026-06-06 14:52:29,998 - INFO -    ✅ 6F2B13244 | page 13
2026-06-06 14:52:29,998 - INFO - [WBC] 🔎 Detail: https://www.webuycars.co.za/buy-a-car/Ford/Ranger-30-V6-BI-Turbo-EcoBoost-Raptor-4x4-Auto/58A315180
2026-06-06 14:52:32,970 - INFO -    ✅ 58A315180 | page 13
2026-06-06 14:52:32,970 - INFO - [WBC] 🔎 Detail: https://www.webuycars.co.za/buy-a-car/Toyota/Hilux-28-Gd-6-RB-Raider-Auto-Pick-Up-Double-Cab/473801949
2026-06-06 14:52:35,919 - INFO -    ✅ 473801949 | page 13
2026-06-06 14:52:35,920 - INFO - [WBC] 🔎 Detail: https://www.webuycars.co.za/buy-a-car/Nissan/Navara-25ddti-SE-Auto-Double-Cab-Pick-Up/96FD02843
2026-06-06 14:52:38,779 - INFO -    ✅ 96FD02843 | page 13
2026-06-06 14:52:38,780 - INFO - [WBC] 🔎 Detail: https://www.webuycars.co.za/buy-a-car/Ford/Ranger-20d-XL-4x4-Auto-Double-Cab-Pick-Up/A32502929
2026-06-06 14:52:41,609 - INFO -    ✅ A32502929 | page 13
2026-06-06 14:52:41,610 - INFO - [WBC] 🔎 Detail: https://www.webuycars.co.za/buy-a-car/Isuzu/D-MAX-19-DDI-HR-LS-Auto-Double-Cab-Pick-Up/FE6900633
2026-06-06 14:52:45,041 - INFO -    ✅ FE6900633 | page 13
2026-06-06 14:52:45,042 - INFO - [WBC] 🔎 Detail: https://www.webuycars.co.za/buy-a-car/GWM/P-Series-20td-Ls-black-Edition-Auto-Double-Cab-Pick-Up/F5C207719
2026-06-06 14:52:48,283 - INFO -    ✅ F5C207719 | page 13
2026-06-06 14:52:49,297 - INFO - ✅ Saved 10 car(s) to Firestore.
2026-06-06 14:52:49,298 - INFO - [WBC] 🔎 Detail: https://www.webuycars.co.za/buy-a-car/Ford/Ranger-20d-Bi-Turbo-Wildtrak-Auto-Double-Cab-Pick-Up/282009838
2026-06-06 14:52:52,347 - INFO -    ✅ 282009838 | page 13
2026-06-06 14:52:52,348 - INFO - [WBC] 🔎 Detail: https://www.webuycars.co.za/buy-a-car/Isuzu/D-MAX-30-DDI-V-Cross-HR-Auto-Double-Cab-Pick-Up/517F13550
2026-06-06 14:52:56,398 - INFO -    ✅ 517F13550 | page 13
2026-06-06 14:52:56,399 - INFO - [WBC] 🔎 Detail: https://www.webuycars.co.za/buy-a-car/Peugeot/Landtrek-19d-Allure-Pick-Up-Double-Cab-Auto/949C10968
2026-06-06 14:53:01,339 - INFO -    ✅ 949C10968 | page 13
2026-06-06 14:53:01,339 - INFO - [WBC] 🔎 Detail: https://www.webuycars.co.za/buy-a-car/Toyota/Hilux-24-Gd-6-RB-Raider-Pick-Up-Double-Cab/D38609258
2026-06-06 14:53:04,520 - INFO -    ✅ D38609258 | page 13
2026-06-06 14:53:04,521 - INFO - [WBC] 📄 Page 14: https://www.webuycars.co.za/buy-a-car?Year=[2019,2026]&BodyType=["Double%20Cab","D/C%20%E2%80%93%20Double%20Cab"]&InspectionCondition=["Certified"]&page=14
2026-06-06 14:53:28,464 - INFO - [WBC] 🔎 Detail: https://www.webuycars.co.za/buy-a-car/Nissan/Navara-23d-Stealth-Auto-Double-Cab-Pick-Up/9CE001309
2026-06-06 14:53:31,411 - INFO -    ✅ 9CE001309 | page 14
2026-06-06 14:53:31,411 - INFO - [WBC] 🔎 Detail: https://www.webuycars.co.za/buy-a-car/Toyota/Hilux-24-Gd-6-Raider-4x4-Auto-Pick-Up-Double-Cab/1EA016149
2026-06-06 14:53:34,748 - INFO -    ✅ 1EA016149 | page 14
2026-06-06 14:53:34,748 - INFO - [WBC] 🔎 Detail: https://www.webuycars.co.za/buy-a-car/Mitsubishi/Triton-24di--DC-GL-Pick-Up-Double-Cab/3CEA00027
2026-06-06 14:53:38,070 - INFO -    ✅ 3CEA00027 | page 14
2026-06-06 14:53:38,071 - INFO - [WBC] 🔎 Detail: https://www.webuycars.co.za/buy-a-car/Ford/Ranger-30-V6-BI-Turbo-EcoBoost-Raptor-4x4-Auto/57DF05625
2026-06-06 14:53:41,193 - INFO -    ✅ 57DF05625 | page 14
2026-06-06 14:53:41,193 - INFO - [WBC] 🔎 Detail: https://www.webuycars.co.za/buy-a-car/Ford/Ranger-32tdci-Wildtrak-Auto-Pick-Up-Double-Cab/9C2B08342
2026-06-06 14:53:44,138 - INFO -    ✅ 9C2B08342 | page 14
2026-06-06 14:53:44,138 - INFO - [WBC] 🔎 Detail: https://www.webuycars.co.za/buy-a-car/Ford/Ranger-20d-Bi-Turbo-Wildtrak-Auto-Double-Cab-Pick-Up/27F006460
2026-06-06 14:53:47,106 - INFO -    ✅ 27F006460 | page 14
2026-06-06 14:53:48,330 - INFO - ✅ Saved 10 car(s) to Firestore.
2026-06-06 14:53:48,330 - INFO - [WBC] 🔎 Detail: https://www.webuycars.co.za/buy-a-car/Nissan/Navara-25ddti-Le-le-Plus-4x4-Auto-Double-Cab-Pick-Up/597A06576
2026-06-06 14:53:51,289 - INFO -    ✅ 597A06576 | page 14
2026-06-06 14:53:51,290 - INFO - [WBC] 🔎 Detail: https://www.webuycars.co.za/buy-a-car/Ford/Ranger-22tdci-XL-Auto-Pick-Up-Double-Cab/B2DA11792
2026-06-06 14:53:54,476 - INFO -    ✅ B2DA11792 | page 14
2026-06-06 14:53:54,476 - INFO - [WBC] 🔎 Detail: https://www.webuycars.co.za/buy-a-car/Toyota/Hilux-28-Gd-6-RB-Legend-Auto-Pick-Up-Double-Cab/034714259
2026-06-06 14:53:57,560 - INFO -    ✅ 034714259 | page 14
2026-06-06 14:53:57,560 - INFO - [WBC] 🔎 Detail: https://www.webuycars.co.za/buy-a-car/Toyota/Land-Cruiser-79-45d-Pick-Up-Double-Cab/26D711045
2026-06-06 14:54:00,680 - INFO -    ✅ 26D711045 | page 14
2026-06-06 14:54:00,680 - INFO - [WBC] 🔎 Detail: https://www.webuycars.co.za/buy-a-car/Nissan/Navara-25ddti-Pro-2x-Auto-Double-Cab-Pick-Up/367114146
2026-06-06 14:54:03,698 - INFO -    ✅ 367114146 | page 14
2026-06-06 14:54:03,699 - INFO - [WBC] 🔎 Detail: https://www.webuycars.co.za/buy-a-car/Toyota/Hilux-28-Gd-6-RB-Legend-RS-4x4-Auto-Pick-Up-Double-Cab/D09610518
2026-06-06 14:54:06,847 - INFO -    ✅ D09610518 | page 14
2026-06-06 14:54:06,847 - INFO - [WBC] 🔎 Detail: https://www.webuycars.co.za/buy-a-car/Toyota/Hilux-28-Gd-6-RB-Legend-Auto-Pick-Up-Double-Cab/DA2602012
2026-06-06 14:54:10,421 - INFO -    ✅ DA2602012 | page 14
2026-06-06 14:54:10,421 - INFO - [WBC] 🔎 Detail: https://www.webuycars.co.za/buy-a-car/Ford/Ranger-20d-Bi-Turbo-Wildtrak-4x4-Auto-Double-Cab-Pick-Up/0A2B08321
2026-06-06 14:54:14,401 - INFO -    ✅ 0A2B08321 | page 14
2026-06-06 14:54:14,401 - INFO - [WBC] 🔎 Detail: https://www.webuycars.co.za/buy-a-car/Ford/Ranger-20d-XL-Auto-Double-Cab-Pick-Up/1B4707765
2026-06-06 14:54:17,589 - INFO -    ✅ 1B4707765 | page 14
2026-06-06 14:54:17,590 - INFO - [WBC] 🔎 Detail: https://www.webuycars.co.za/buy-a-car/Ford/Ranger-30-V6-BI-Turbo-EcoBoost-Raptor-4x4-Auto/463904415
2026-06-06 14:54:20,954 - INFO -    ✅ 463904415 | page 14
2026-06-06 14:54:21,915 - INFO - ✅ Saved 10 car(s) to Firestore.
2026-06-06 14:54:21,915 - INFO - [WBC] 🔎 Detail: https://www.webuycars.co.za/buy-a-car/Ford/Ranger-20d-XL-Auto-Double-Cab-Pick-Up/524006331
2026-06-06 14:54:24,781 - INFO -    ✅ 524006331 | page 14
2026-06-06 14:54:24,782 - INFO - [WBC] 🔎 Detail: https://www.webuycars.co.za/buy-a-car/Ford/Ranger-20d-XL-4x4-Auto-Double-Cab-Pick-Up/0D3F07352
2026-06-06 14:54:27,673 - INFO -    ✅ 0D3F07352 | page 14
2026-06-06 14:54:27,673 - INFO - [WBC] 🔎 Detail: https://www.webuycars.co.za/buy-a-car/Ford/Ranger-20d-XLT-4x4-Auto-Pick-Up-Double-Cab/9E1F04789
2026-06-06 14:54:30,696 - INFO -    ✅ 9E1F04789 | page 14
2026-06-06 14:54:30,696 - INFO - [WBC] 🔎 Detail: https://www.webuycars.co.za/buy-a-car/Ford/Ranger-20d-Bi-Turbo-Wildtrak-X-AWD-Auto-Double-Cab-Pick-Up/EE3605111
2026-06-06 14:54:33,759 - INFO -    ✅ EE3605111 | page 14
2026-06-06 14:54:33,760 - INFO - [WBC] 🔎 Detail: https://www.webuycars.co.za/buy-a-car/Toyota/Hilux-28-Gd-6-RB-Raider-Auto-Pick-Up-Double-Cab/133612678
2026-06-06 14:54:36,557 - INFO -    ✅ 133612678 | page 14
2026-06-06 14:54:36,557 - INFO - [WBC] 🔎 Detail: https://www.webuycars.co.za/buy-a-car/Ford/Ranger-20d-XL-Double-Cab-Pick-Up/ACB205964
2026-06-06 14:54:39,656 - INFO -    ✅ ACB205964 | page 14
2026-06-06 14:54:39,657 - INFO - [WBC] 🔎 Detail: https://www.webuycars.co.za/buy-a-car/Ford/Ranger-22tdci-XL-Pick-Up-Double-Cab/D7C610852
2026-06-06 14:54:42,645 - INFO -    ✅ D7C610852 | page 14
2026-06-06 14:54:42,645 - INFO - [WBC] 🔎 Detail: https://www.webuycars.co.za/buy-a-car/Toyota/Hilux-24-Gd-6-RB-Raider-Auto-Pick-Up-Double-Cab/A9E205709
2026-06-06 14:54:46,113 - INFO -    ✅ A9E205709 | page 14
2026-06-06 14:54:46,114 - INFO - [WBC] 📄 Page 15: https://www.webuycars.co.za/buy-a-car?Year=[2019,2026]&BodyType=["Double%20Cab","D/C%20%E2%80%93%20Double%20Cab"]&InspectionCondition=["Certified"]&page=15
2026-06-06 14:55:10,236 - INFO - [WBC] 🔎 Detail: https://www.webuycars.co.za/buy-a-car/Volkswagen/Amarok-20TDI-125-KW-4mot-Life-Double-Cab-Pick-Up/304909657
2026-06-06 14:55:13,131 - INFO -    ✅ 304909657 | page 15
2026-06-06 14:55:13,131 - INFO - [WBC] 🔎 Detail: https://www.webuycars.co.za/buy-a-car/Ford/Ranger-20d-XLT-HR-Auto-Double-Cab-Pick-Up/8C4D10222
2026-06-06 14:55:15,957 - INFO -    ✅ 8C4D10222 | page 15
2026-06-06 14:55:16,961 - INFO - ✅ Saved 10 car(s) to Firestore.
2026-06-06 14:55:16,962 - INFO - [WBC] 🔎 Detail: https://www.webuycars.co.za/buy-a-car/Toyota/Hilux-24-Gd-6-RB-Raider-Auto-Pick-Up-Double-Cab/F26504795
2026-06-06 14:55:20,343 - INFO -    ✅ F26504795 | page 15
2026-06-06 14:55:20,344 - INFO - [WBC] 🔎 Detail: https://www.webuycars.co.za/buy-a-car/Toyota/Hilux-28-Gd-6-RB-Legend-4x4-Auto-Pick-Up-Double-Cab/F49809157
2026-06-06 14:55:23,699 - INFO -    ✅ F49809157 | page 15
2026-06-06 14:55:23,699 - INFO - [WBC] 🔎 Detail: https://www.webuycars.co.za/buy-a-car/Ford/Ranger-20d-Bi-Turbo-Wildtrak-Auto-Double-Cab-Pick-Up/301900999
2026-06-06 14:55:27,012 - INFO -    ✅ 301900999 | page 15
2026-06-06 14:55:27,012 - INFO - [WBC] 🔎 Detail: https://www.webuycars.co.za/buy-a-car/Toyota/Hilux-28-Gd-6-RB-Raider-Auto-Pick-Up-Double-Cab/572D06424
2026-06-06 14:55:30,234 - INFO -    ✅ 572D06424 | page 15
2026-06-06 14:55:30,234 - INFO - [WBC] 🔎 Detail: https://www.webuycars.co.za/buy-a-car/Ford/Ranger-20d-XL-Auto-Double-Cab-Pick-Up/C20911629
2026-06-06 14:55:33,676 - INFO -    ✅ C20911629 | page 15
2026-06-06 14:55:33,676 - INFO - [WBC] 🔎 Detail: https://www.webuycars.co.za/buy-a-car/Volkswagen/Amarok-20-Bitdi-Highline-132-KW-Auto-Double-Cab-Pick-Up/0CEE12114
2026-06-06 14:55:36,697 - INFO -    ✅ 0CEE12114 | page 15
2026-06-06 14:55:36,697 - INFO - [WBC] 🔎 Detail: https://www.webuycars.co.za/buy-a-car/Nissan/Navara-25ddti-Pro-4x-4x4-Auto-Double-Cab-Pick-Up/166611217
2026-06-06 14:55:39,747 - INFO -    ✅ 166611217 | page 15
2026-06-06 14:55:39,747 - INFO - [WBC] 🔎 Detail: https://www.webuycars.co.za/buy-a-car/Ford/Ranger-20d-Bi-Turbo-XLT-HR-Auto-Double-Cab-Pick-Up/2A2206329
2026-06-06 14:55:42,918 - INFO -    ✅ 2A2206329 | page 15
2026-06-06 14:55:42,919 - INFO - [WBC] 🔎 Detail: https://www.webuycars.co.za/buy-a-car/Ford/Ranger-FX4-20d-Auto-Pick-Up-Double-Cab/93EC08455
2026-06-06 14:55:45,933 - INFO -    ✅ 93EC08455 | page 15
2026-06-06 14:55:45,933 - INFO - [WBC] 🔎 Detail: https://www.webuycars.co.za/buy-a-car/Volkswagen/Amarok-30TDI-H-Line-190-KW-4mot-Auto-Double-Cab-Pick-Up/06E303027
2026-06-06 14:55:48,968 - INFO -    ✅ 06E303027 | page 15
2026-06-06 14:55:49,998 - INFO - ✅ Saved 10 car(s) to Firestore.
2026-06-06 14:55:49,998 - INFO - [WBC] 🔎 Detail: https://www.webuycars.co.za/buy-a-car/Volkswagen/Amarok-20TDI-125-KW-4mot-Life-Auto-Double-Cab-Pick-Up/431214158
2026-06-06 14:55:52,937 - INFO -    ✅ 431214158 | page 15
2026-06-06 14:55:52,938 - INFO - [WBC] 🔎 Detail: https://www.webuycars.co.za/buy-a-car/Ford/Ranger-20d-XLT-Auto-Pick-Up-Double-Cab/D7F415836
2026-06-06 14:55:56,287 - INFO -    ✅ D7F415836 | page 15
2026-06-06 14:55:56,287 - INFO - [WBC] 🔎 Detail: https://www.webuycars.co.za/buy-a-car/Ford/Ranger-20d-Bi-Turbo-Stormtrak-Auto-Pick-Up-Double-Cab/A9D715326
2026-06-06 14:56:00,675 - INFO -    ✅ A9D715326 | page 15
2026-06-06 14:56:00,676 - INFO - [WBC] 🔎 Detail: https://www.webuycars.co.za/buy-a-car/Nissan/Navara-25ddti-Le-le-Plus-Auto-Double-Cab-Pick-Up/AFCC12542
2026-06-06 14:56:03,834 - INFO -    ✅ AFCC12542 | page 15
2026-06-06 14:56:03,835 - INFO - [WBC] 🔎 Detail: https://www.webuycars.co.za/buy-a-car/Ford/Ranger-30d-V6-Wildtrak-AWD-Auto-Double-Cab-Pick-Up/01F115882
2026-06-06 14:56:06,693 - INFO -    ✅ 01F115882 | page 15
2026-06-06 14:56:06,693 - INFO - [WBC] 🔎 Detail: https://www.webuycars.co.za/buy-a-car/Ford/Ranger-FX4-20d-4x4-Auto-Pick-Up-Double-Cab/6E5007215
2026-06-06 14:56:09,787 - INFO -    ✅ 6E5007215 | page 15
2026-06-06 14:56:09,788 - INFO - [WBC] 🔎 Detail: https://www.webuycars.co.za/buy-a-car/GWM/P-Series-20td-DLX-4x4-Auto-Double-Cab-Pick-Up/8C3A14582
2026-06-06 14:56:12,810 - INFO -    ✅ 8C3A14582 | page 15
2026-06-06 14:56:12,810 - INFO - [WBC] 🔎 Detail: https://www.webuycars.co.za/buy-a-car/Toyota/Hilux-24-Gd-6-RB-Raider-Auto-Pick-Up-Double-Cab/A50B12463
2026-06-06 14:56:17,803 - INFO -    ✅ A50B12463 | page 15
2026-06-06 14:56:17,803 - INFO - [WBC] 🔎 Detail: https://www.webuycars.co.za/buy-a-car/Ford/Ranger-32tdci-Wildtrak-Auto-Pick-Up-Double-Cab/86CC14053
2026-06-06 14:56:20,941 - INFO -    ✅ 86CC14053 | page 15
2026-06-06 14:56:20,941 - INFO - [WBC] 🔎 Detail: https://www.webuycars.co.za/buy-a-car/Ford/Ranger-20d-Bi-Turbo-Wildtrak-4x4-Auto-Double-Cab-Pick-Up/9FB513617
2026-06-06 14:56:23,956 - INFO -    ✅ 9FB513617 | page 15
2026-06-06 14:56:25,200 - INFO - ✅ Saved 10 car(s) to Firestore.
2026-06-06 14:56:25,201 - INFO - [WBC] 🔎 Detail: https://www.webuycars.co.za/buy-a-car/Ford/Ranger-30-V6-BI-Turbo-EcoBoost-Raptor-4x4-Auto/A48908794
2026-06-06 14:56:28,188 - INFO -    ✅ A48908794 | page 15
2026-06-06 14:56:28,188 - INFO - [WBC] 🔎 Detail: https://www.webuycars.co.za/buy-a-car/Nissan/Navara-25ddti-SE-Plus-Auto-Double-Cab-Pick-Up/F17715521
2026-06-06 14:56:30,912 - INFO -    ✅ F17715521 | page 15
2026-06-06 14:56:30,913 - INFO - [WBC] 📄 Page 16: https://www.webuycars.co.za/buy-a-car?Year=[2019,2026]&BodyType=["Double%20Cab","D/C%20%E2%80%93%20Double%20Cab"]&InspectionCondition=["Certified"]&page=16
2026-06-06 14:56:54,233 - INFO - [WBC] 🔎 Detail: https://www.webuycars.co.za/buy-a-car/Ford/Ranger-20d-Bi-Turbo-Wildtrak-Auto-Double-Cab-Pick-Up/511002706
2026-06-06 14:56:57,122 - INFO -    ✅ 511002706 | page 16
2026-06-06 14:56:57,122 - INFO - [WBC] 🔎 Detail: https://www.webuycars.co.za/buy-a-car/Ford/Ranger-20d-XLT-4x4-Auto-Pick-Up-Double-Cab/9F8504415
2026-06-06 14:57:00,362 - INFO -    ✅ 9F8504415 | page 16
2026-06-06 14:57:00,362 - INFO - [WBC] 🔎 Detail: https://www.webuycars.co.za/buy-a-car/GWM/P-Series-20td-LT-Auto-Double-Cab-Pick-Up/B5AF03752
2026-06-06 14:57:03,384 - INFO -    ✅ B5AF03752 | page 16
2026-06-06 14:57:03,385 - INFO - [WBC] 🔎 Detail: https://www.webuycars.co.za/buy-a-car/Ford/Ranger-20d-Bi-Turbo-Wildtrak-X-AWD-Auto-Double-Cab-Pick-Up/BEEA02190
2026-06-06 14:57:06,746 - INFO -    ✅ BEEA02190 | page 16
2026-06-06 14:57:06,746 - INFO - [WBC] 🔎 Detail: https://www.webuycars.co.za/buy-a-car/Ford/Ranger-22tdci-XLS-4x4-Auto-Pick-Up-Double-Cab/8CEF08959
2026-06-06 14:57:10,342 - INFO -    ✅ 8CEF08959 | page 16
2026-06-06 14:57:10,343 - INFO - [WBC] 🔎 Detail: https://www.webuycars.co.za/buy-a-car/Toyota/Hilux-28-Gd-6-RB-Legend-4x4-Auto-Pick-Up-Double-Cab/9AD404801
2026-06-06 14:57:13,417 - INFO -    ✅ 9AD404801 | page 16
2026-06-06 14:57:13,418 - INFO - [WBC] 🔎 Detail: https://www.webuycars.co.za/buy-a-car/GWM/P-Series-20td-LT-Auto-Double-Cab-Pick-Up/C70B12809
2026-06-06 14:57:16,224 - INFO -    ✅ C70B12809 | page 16
2026-06-06 14:57:16,225 - INFO - [WBC] 🔎 Detail: https://www.webuycars.co.za/buy-a-car/Ford/Ranger-30-V6-BI-Turbo-EcoBoost-Raptor-4x4-Auto/376200971
2026-06-06 14:57:19,821 - INFO -    ✅ 376200971 | page 16
2026-06-06 14:57:21,054 - INFO - ✅ Saved 10 car(s) to Firestore.
2026-06-06 14:57:21,054 - INFO - [WBC] 🔎 Detail: https://www.webuycars.co.za/buy-a-car/Toyota/Hilux-28-Gd-6-Gr-S-4x4-Auto-Pick-Up-Double-Cab/328F16984
2026-06-06 14:57:24,133 - INFO -    ✅ 328F16984 | page 16
2026-06-06 14:57:24,134 - INFO - [WBC] 🔎 Detail: https://www.webuycars.co.za/buy-a-car/Isuzu/D-MAX-19-DDI-HR-LS-Double-Cab-Pick-Up/88A400142
2026-06-06 14:57:27,502 - INFO -    ✅ 88A400142 | page 16
2026-06-06 14:57:27,503 - INFO - [WBC] 🔎 Detail: https://www.webuycars.co.za/buy-a-car/Toyota/Hilux-24-Gd-6-RB-Raider-Auto-Pick-Up-Double-Cab/BACA12926
2026-06-06 14:57:30,373 - INFO -    ✅ BACA12926 | page 16
2026-06-06 14:57:30,373 - INFO - [WBC] 🔎 Detail: https://www.webuycars.co.za/buy-a-car/Ford/Ranger-20d-Bi-Turbo-Wildtrak-Auto-Double-Cab-Pick-Up/DB2601224
2026-06-06 14:57:33,368 - INFO -    ✅ DB2601224 | page 16
2026-06-06 14:57:33,368 - INFO - [WBC] 🔎 Detail: https://www.webuycars.co.za/buy-a-car/Toyota/Land-Cruiser-79-40p-Pick-Up-Double-Cab/DB8310701
2026-06-06 14:57:37,010 - INFO -    ✅ DB8310701 | page 16
2026-06-06 14:57:37,011 - INFO - [WBC] 🔎 Detail: https://www.webuycars.co.za/buy-a-car/Ford/Ranger-20d-Bi-Turbo-XLT-HR-Auto-Double-Cab-Pick-Up/92FA03375
2026-06-06 14:57:40,222 - INFO -    ✅ 92FA03375 | page 16
2026-06-06 14:57:40,222 - INFO - [WBC] 🔎 Detail: https://www.webuycars.co.za/buy-a-car/Jeep/Gladiator-Rubicon-36-4x4-Auto-Double-Cab-Pick-Up/AED202648
2026-06-06 14:57:43,710 - INFO -    ✅ AED202648 | page 16
2026-06-06 14:57:43,710 - INFO - [WBC] 🔎 Detail: https://www.webuycars.co.za/buy-a-car/Ford/Ranger-20d-XLT-HR-Auto-Double-Cab-Pick-Up/EA9F13993
2026-06-06 14:57:46,870 - INFO -    ✅ EA9F13993 | page 16
2026-06-06 14:57:46,870 - INFO - [WBC] 🔎 Detail: https://www.webuycars.co.za/buy-a-car/Volkswagen/Amarok-30TDI-V6-184-KW-4mot-Style-Auto-Double-Cab-Pick-Up/EF2710358
2026-06-06 14:57:50,173 - INFO -    ✅ EF2710358 | page 16
2026-06-06 14:57:50,174 - INFO - [WBC] 🔎 Detail: https://www.webuycars.co.za/buy-a-car/Toyota/Hilux-24-Gd-6-RB-SRX-Auto-Pick-Up-Double-Cab/07E509027
2026-06-06 14:57:53,206 - INFO -    ✅ 07E509027 | page 16
2026-06-06 14:57:54,205 - INFO - ✅ Saved 10 car(s) to Firestore.
2026-06-06 14:57:54,205 - INFO - [WBC] 🔎 Detail: https://www.webuycars.co.za/buy-a-car/Ford/Ranger-30-V6-BI-Turbo-EcoBoost-Raptor-4x4-Auto/B02113605
2026-06-06 14:57:57,171 - INFO -    ✅ B02113605 | page 16
2026-06-06 14:57:57,172 - INFO - [WBC] 🔎 Detail: https://www.webuycars.co.za/buy-a-car/Ford/Ranger-32tdci-32-Wildtrak-4x4-Auto-Pick-Up-Double-Cab/F38404346
2026-06-06 14:58:00,257 - INFO -    ✅ F38404346 | page 16
2026-06-06 14:58:00,257 - INFO - [WBC] 🔎 Detail: https://www.webuycars.co.za/buy-a-car/Isuzu/D-MAX-30-DDI-V-Cross-HR-Auto-Double-Cab-Pick-Up/372108790
2026-06-06 14:58:03,378 - INFO -    ✅ 372108790 | page 16
2026-06-06 14:58:03,378 - INFO - [WBC] 🔎 Detail: https://www.webuycars.co.za/buy-a-car/Ford/Ranger-20d-XL-4x4-Auto-Double-Cab-Pick-Up/8A8B05675
2026-06-06 14:58:06,444 - INFO -    ✅ 8A8B05675 | page 16
2026-06-06 14:58:06,444 - INFO - [WBC] 🔎 Detail: https://www.webuycars.co.za/buy-a-car/Ford/Ranger-Raptor-20d-Bi-Turbo-4x4-Auto-Pick-Up-Double-Cab/1B1004121
2026-06-06 14:58:09,268 - INFO -    ✅ 1B1004121 | page 16
2026-06-06 14:58:09,268 - INFO - [WBC] 🔎 Detail: https://www.webuycars.co.za/buy-a-car/Toyota/Hilux-24-Gd-6-RB-Raider-Auto-Pick-Up-Double-Cab/CAFF09368
2026-06-06 14:58:12,213 - INFO -    ✅ CAFF09368 | page 16
2026-06-06 14:58:12,214 - INFO - [WBC] 📄 Page 17: https://www.webuycars.co.za/buy-a-car?Year=[2019,2026]&BodyType=["Double%20Cab","D/C%20%E2%80%93%20Double%20Cab"]&InspectionCondition=["Certified"]&page=17
2026-06-06 14:58:35,698 - INFO - [WBC] 🔎 Detail: https://www.webuycars.co.za/buy-a-car/Nissan/Navara-25ddti-Pro-4x-4x4-Auto-Double-Cab-Pick-Up/F4DF16302
2026-06-06 14:58:38,974 - INFO -    ✅ F4DF16302 | page 17
2026-06-06 14:58:38,975 - INFO - [WBC] 🔎 Detail: https://www.webuycars.co.za/buy-a-car/Ford/Ranger-20d-Double-Cab-Pick-Up/285A04661
2026-06-06 14:58:42,268 - INFO -    ✅ 285A04661 | page 17
2026-06-06 14:58:42,268 - INFO - [WBC] 🔎 Detail: https://www.webuycars.co.za/buy-a-car/Ford/Ranger-22tdci-XL-4x4-Auto-Pick-Up-Double-Cab/312B00309
2026-06-06 14:58:45,469 - INFO -    ✅ 312B00309 | page 17
2026-06-06 14:58:45,470 - INFO - [WBC] 🔎 Detail: https://www.webuycars.co.za/buy-a-car/Isuzu/D-MAX-19-DDI-HR-LS-Auto-Double-Cab-Pick-Up/74A009273
2026-06-06 14:58:48,784 - INFO -    ✅ 74A009273 | page 17
2026-06-06 14:58:49,738 - INFO - ✅ Saved 10 car(s) to Firestore.
2026-06-06 14:58:49,738 - INFO - [WBC] 🔎 Detail: https://www.webuycars.co.za/buy-a-car/Ford/Ranger-20d-Bi-Turbo-Wildtrak-4x4-Auto-Pick-Up-Double-Cab/0A2908122
2026-06-06 14:58:52,792 - INFO -    ✅ 0A2908122 | page 17
2026-06-06 14:58:52,793 - INFO - [WBC] 🔎 Detail: https://www.webuycars.co.za/buy-a-car/Ford/Ranger-20d-XLT-4x4-Auto-Double-Cab-Pick-Up/197212169
2026-06-06 14:58:55,816 - INFO -    ✅ 197212169 | page 17
2026-06-06 14:58:55,816 - INFO - [WBC] 🔎 Detail: https://www.webuycars.co.za/buy-a-car/Ford/Ranger-22tdci-XL-4x4-Auto-Pick-Up-Double-Cab/B6B213816
2026-06-06 14:58:58,594 - INFO -    ✅ B6B213816 | page 17
2026-06-06 14:58:58,595 - INFO - [WBC] 🔎 Detail: https://www.webuycars.co.za/buy-a-car/Ford/Ranger-20d-Bi-Turbo-Wildtrak-Auto-Double-Cab-Pick-Up/F1F606810
2026-06-06 14:59:01,430 - INFO -    ✅ F1F606810 | page 17
2026-06-06 14:59:01,430 - INFO - [WBC] 🔎 Detail: https://www.webuycars.co.za/buy-a-car/Nissan/Navara-25ddti-Pro-4x-4x4-Auto-Double-Cab-Pick-Up/2D5C00685
2026-06-06 14:59:04,561 - INFO -    ✅ 2D5C00685 | page 17
2026-06-06 14:59:04,561 - INFO - [WBC] 🔎 Detail: https://www.webuycars.co.za/buy-a-car/Ford/Ranger-30d-V6-Wildtrak-AWD-Auto-Double-Cab-Pick-Up/417413459
2026-06-06 14:59:07,480 - INFO -    ✅ 417413459 | page 17
2026-06-06 14:59:07,480 - INFO - [WBC] 🔎 Detail: https://www.webuycars.co.za/buy-a-car/Isuzu/D-MAX-30-DDI-LSE-4x4-Auto-Double-Cab-Pick-Up/B14513131
2026-06-06 14:59:10,616 - INFO -    ✅ B14513131 | page 17
2026-06-06 14:59:10,617 - INFO - [WBC] 🔎 Detail: https://www.webuycars.co.za/buy-a-car/Ford/Ranger-32tdci-XLT-Auto-Pick-Up-Double-Cab/E84201719
2026-06-06 14:59:13,758 - INFO -    ✅ E84201719 | page 17
2026-06-06 14:59:13,758 - INFO - [WBC] 🔎 Detail: https://www.webuycars.co.za/buy-a-car/Nissan/Navara-25ddti-Pro-4x-4x4-Auto-Double-Cab-Pick-Up/4C7304348
2026-06-06 14:59:17,173 - INFO -    ✅ 4C7304348 | page 17
2026-06-06 14:59:17,173 - INFO - [WBC] 🔎 Detail: https://www.webuycars.co.za/buy-a-car/Volkswagen/Amarok-20TDI-125-KW-4mot-Double-Cab-Pick-Up/755D15336
2026-06-06 14:59:20,227 - INFO -    ✅ 755D15336 | page 17
2026-06-06 14:59:21,273 - INFO - ✅ Saved 10 car(s) to Firestore.
2026-06-06 14:59:21,273 - INFO - [WBC] 🔎 Detail: https://www.webuycars.co.za/buy-a-car/GWM/P-Series-20td-Ls-black-Edition-4x4-Auto-Double-Cab-Pick-Up/A13D10043
2026-06-06 14:59:24,377 - INFO -    ✅ A13D10043 | page 17
2026-06-06 14:59:24,377 - INFO - [WBC] 🔎 Detail: https://www.webuycars.co.za/buy-a-car/Ford/Ranger-30-V6-BI-Turbo-EcoBoost-Raptor-4x4-Auto/B36D09524
2026-06-06 14:59:27,995 - INFO -    ✅ B36D09524 | page 17
2026-06-06 14:59:27,995 - INFO - [WBC] 🔎 Detail: https://www.webuycars.co.za/buy-a-car/Toyota/Hilux-28-Gd-6-Raider-4x4-Auto-Pick-Up-Double-Cab/526305270
2026-06-06 14:59:31,028 - INFO -    ✅ 526305270 | page 17
2026-06-06 14:59:31,028 - INFO - [WBC] 🔎 Detail: https://www.webuycars.co.za/buy-a-car/Ford/Ranger-FX4-20d-Auto-Pick-Up-Double-Cab/538205737
2026-06-06 14:59:34,088 - INFO -    ✅ 538205737 | page 17
2026-06-06 14:59:34,089 - INFO - [WBC] 🔎 Detail: https://www.webuycars.co.za/buy-a-car/Toyota/Hilux-28-Gd-6-RB-Legend-4x4-Pick-Up-Double-Cab/B2F713913
2026-06-06 14:59:37,219 - INFO -    ✅ B2F713913 | page 17
2026-06-06 14:59:37,219 - INFO - [WBC] 🔎 Detail: https://www.webuycars.co.za/buy-a-car/Ford/Ranger-20d-Bi-Turbo-Wildtrak-4x4-Auto-Pick-Up-Double-Cab/A89D10704
2026-06-06 14:59:40,478 - INFO -    ✅ A89D10704 | page 17
2026-06-06 14:59:40,478 - INFO - [WBC] 🔎 Detail: https://www.webuycars.co.za/buy-a-car/Ford/Ranger-30-V6-BI-Turbo-EcoBoost-Raptor-4x4-Auto/BA1301984
2026-06-06 14:59:43,633 - INFO -    ✅ BA1301984 | page 17
2026-06-06 14:59:43,634 - INFO - [WBC] 🔎 Detail: https://www.webuycars.co.za/buy-a-car/Isuzu/D-MAX-250-HO-Hi-Ride-4x4-Double-Cab-Pick-Up/D98F10131
2026-06-06 14:59:46,980 - INFO -    ✅ D98F10131 | page 17
2026-06-06 14:59:46,981 - INFO - [WBC] 🔎 Detail: https://www.webuycars.co.za/buy-a-car/Isuzu/D-MAX-19-DDI-HR-LS-Auto-Double-Cab-Pick-Up/14F515382
2026-06-06 14:59:50,106 - INFO -    ✅ 14F515382 | page 17
2026-06-06 14:59:50,106 - INFO - [WBC] 🔎 Detail: https://www.webuycars.co.za/buy-a-car/Ford/Ranger-32tdci-32-Wildtrak-4x4-Auto-Pick-Up-Double-Cab/294905962
2026-06-06 14:59:53,344 - INFO -    ✅ 294905962 | page 17
2026-06-06 14:59:54,388 - INFO - ✅ Saved 10 car(s) to Firestore.
2026-06-06 14:59:54,389 - INFO - [WBC] 📄 Page 18: https://www.webuycars.co.za/buy-a-car?Year=[2019,2026]&BodyType=["Double%20Cab","D/C%20%E2%80%93%20Double%20Cab"]&InspectionCondition=["Certified"]&page=18
2026-06-06 15:00:17,933 - INFO - [WBC] 🔎 Detail: https://www.webuycars.co.za/buy-a-car/Isuzu/D-MAX-300-X-Rider-Auto-Double-Cab-Pick-Up/46CD01885
2026-06-06 15:00:21,498 - INFO -    ✅ 46CD01885 | page 18
2026-06-06 15:00:21,498 - INFO - [WBC] 🔎 Detail: https://www.webuycars.co.za/buy-a-car/Ford/Ranger-20d-Bi-Turbo-Wildtrak-Auto-Pick-Up-Double-Cab/CB4208570
2026-06-06 15:00:24,490 - INFO -    ✅ CB4208570 | page 18
2026-06-06 15:00:24,490 - INFO - [WBC] 🔎 Detail: https://www.webuycars.co.za/buy-a-car/Volkswagen/Amarok-20bitdi-154-KW-4mot-Life-Auto-Double-Cab-Pick-Up/EA4C08862
2026-06-06 15:00:27,533 - INFO -    ✅ EA4C08862 | page 18
2026-06-06 15:00:27,533 - INFO - [WBC] 🔎 Detail: https://www.webuycars.co.za/buy-a-car/Ford/Ranger-20d-Bi-Turbo-Wildtrak-4x4-Auto-Pick-Up-Double-Cab/1C8200260
2026-06-06 15:00:31,160 - INFO -    ✅ 1C8200260 | page 18
2026-06-06 15:00:31,161 - INFO - [WBC] 🔎 Detail: https://www.webuycars.co.za/buy-a-car/GWM/P-Series-20td-Ls-black-Edition-Auto-Double-Cab-Pick-Up/4DFD09110
2026-06-06 15:00:34,137 - INFO -    ✅ 4DFD09110 | page 18
2026-06-06 15:00:34,137 - INFO - [WBC] 🔎 Detail: https://www.webuycars.co.za/buy-a-car/Ford/Ranger-20d-XLT-HR-Auto-Double-Cab-Pick-Up/5E0415374
2026-06-06 15:00:37,339 - INFO -    ✅ 5E0415374 | page 18
2026-06-06 15:00:37,339 - INFO - [WBC] 🔎 Detail: https://www.webuycars.co.za/buy-a-car/Ford/Ranger-20d-XLT-Auto-Pick-Up-Double-Cab/79DB14852
2026-06-06 15:00:40,243 - INFO -    ✅ 79DB14852 | page 18
2026-06-06 15:00:40,243 - INFO - [WBC] 🔎 Detail: https://www.webuycars.co.za/buy-a-car/Toyota/Hilux-24-Gd-6-RB-Raider-Auto-Pick-Up-Double-Cab/155007660
2026-06-06 15:00:43,339 - INFO -    ✅ 155007660 | page 18
2026-06-06 15:00:43,340 - INFO - [WBC] 🔎 Detail: https://www.webuycars.co.za/buy-a-car/Ford/Ranger-30d-V6-Wildtrak-AWD-Auto-Double-Cab-Pick-Up/9B4012860
2026-06-06 15:00:46,744 - INFO -    ✅ 9B4012860 | page 18
2026-06-06 15:00:46,744 - INFO - [WBC] 🔎 Detail: https://www.webuycars.co.za/buy-a-car/Ford/Ranger-20d-XLT-4x4-Auto-Double-Cab-Pick-Up/A15108019
2026-06-06 15:00:49,778 - INFO -    ✅ A15108019 | page 18
2026-06-06 15:00:51,116 - INFO - ✅ Saved 10 car(s) to Firestore.
2026-06-06 15:00:51,116 - INFO - [WBC] 🔎 Detail: https://www.webuycars.co.za/buy-a-car/Toyota/Hilux-28-Gd-6-RB-Legend-4x4-Auto-Pick-Up-Double-Cab/257B15147
2026-06-06 15:00:53,928 - INFO -    ✅ 257B15147 | page 18
2026-06-06 15:00:53,929 - INFO - [WBC] 🔎 Detail: https://www.webuycars.co.za/buy-a-car/Volkswagen/Amarok-30TDI-V6-184-KW-4mot-Panamericana-Auto-Double-Cab/7C4608295
2026-06-06 15:00:57,091 - INFO -    ✅ 7C4608295 | page 18
2026-06-06 15:00:57,092 - INFO - [WBC] 🔎 Detail: https://www.webuycars.co.za/buy-a-car/Ford/Ranger-20d-XL-4x4-Auto-Double-Cab-Pick-Up/AD5902213
2026-06-06 15:01:00,476 - INFO -    ✅ AD5902213 | page 18
2026-06-06 15:01:00,477 - INFO - [WBC] 🔎 Detail: https://www.webuycars.co.za/buy-a-car/Ford/Ranger-20d-XLT-HR-Auto-Double-Cab-Pick-Up/B35C14866
2026-06-06 15:01:03,378 - INFO -    ✅ B35C14866 | page 18
2026-06-06 15:01:03,378 - INFO - [WBC] 🔎 Detail: https://www.webuycars.co.za/buy-a-car/Volkswagen/Amarok-30TDI-V6-184-KW-4mot-Aventura-Auto-Double-Cab-Pick-Up/0F9C03863
2026-06-06 15:01:06,523 - INFO -    ✅ 0F9C03863 | page 18
2026-06-06 15:01:06,523 - INFO - [WBC] 🔎 Detail: https://www.webuycars.co.za/buy-a-car/Ford/Ranger-20d-Bi-Turbo-Wildtrak-4x4-Auto-Pick-Up-Double-Cab/92AF06051
2026-06-06 15:01:10,760 - INFO -    ✅ 92AF06051 | page 18
2026-06-06 15:01:10,760 - INFO - [WBC] 🔎 Detail: https://www.webuycars.co.za/buy-a-car/Nissan/Navara-25ddti-Le-le-Plus-4x4-Auto-Double-Cab-Pick-Up/C5A200451
2026-06-06 15:01:14,471 - INFO -    ✅ C5A200451 | page 18
2026-06-06 15:01:14,472 - INFO - [WBC] 🔎 Detail: https://www.webuycars.co.za/buy-a-car/Volkswagen/Amarok-20TDI-125-KW-4mot-Life-Auto-Double-Cab-Pick-Up/C5CD15151
2026-06-06 15:01:17,414 - INFO -    ✅ C5CD15151 | page 18
2026-06-06 15:01:17,414 - INFO - [WBC] 🔎 Detail: https://www.webuycars.co.za/buy-a-car/Ford/Ranger-20d-Bi-Turbo-Wildtrak-Auto-Double-Cab-Pick-Up/9ED109784
2026-06-06 15:01:20,398 - INFO -    ✅ 9ED109784 | page 18
2026-06-06 15:01:20,398 - INFO - [WBC] 🔎 Detail: https://www.webuycars.co.za/buy-a-car/Ford/Ranger-20d-XLT-4x4-Auto-Pick-Up-Double-Cab/DF1914512
2026-06-06 15:01:23,505 - INFO -    ✅ DF1914512 | page 18
2026-06-06 15:01:25,687 - INFO - ✅ Saved 10 car(s) to Firestore.
2026-06-06 15:01:25,688 - INFO - [WBC] 🔎 Detail: https://www.webuycars.co.za/buy-a-car/GWM/P-Series-20td-LT-Auto-Double-Cab-Pick-Up/E4BA12562
2026-06-06 15:01:28,691 - INFO -    ✅ E4BA12562 | page 18
2026-06-06 15:01:28,692 - INFO - [WBC] 🔎 Detail: https://www.webuycars.co.za/buy-a-car/Peugeot/Landtrek-19d-4action-Pick-Up-Double-Cab-4x4-Auto/346115956
2026-06-06 15:01:31,923 - INFO -    ✅ 346115956 | page 18
2026-06-06 15:01:31,923 - INFO - [WBC] 🔎 Detail: https://www.webuycars.co.za/buy-a-car/Toyota/Hilux-27-Vvti-RB-S-Pick-Up-Double-Cab/786407845
2026-06-06 15:01:35,667 - INFO -    ✅ 786407845 | page 18
2026-06-06 15:01:35,667 - INFO - [WBC] 🔎 Detail: https://www.webuycars.co.za/buy-a-car/Volkswagen/Amarok-30TDI-H-Line-190-KW-4mot-Auto-Double-Cab-Pick-Up/98D713422
2026-06-06 15:01:38,842 - INFO -    ✅ 98D713422 | page 18
2026-06-06 15:01:38,843 - INFO - [WBC] 📄 Page 19: https://www.webuycars.co.za/buy-a-car?Year=[2019,2026]&BodyType=["Double%20Cab","D/C%20%E2%80%93%20Double%20Cab"]&InspectionCondition=["Certified"]&page=19
2026-06-06 15:02:02,563 - INFO - [WBC] 🔎 Detail: https://www.webuycars.co.za/buy-a-car/Ford/Ranger-22tdci-XLT-Auto-Pick-Up-Double-Cab/FC4F01363
2026-06-06 15:02:06,248 - INFO -    ✅ FC4F01363 | page 19
2026-06-06 15:02:06,248 - INFO - [WBC] 🔎 Detail: https://www.webuycars.co.za/buy-a-car/Ford/Ranger-22tdci-XL-4x4-Auto-Pick-Up-Double-Cab/09C609676
2026-06-06 15:02:09,059 - INFO -    ✅ 09C609676 | page 19
2026-06-06 15:02:09,059 - INFO - [WBC] 🔎 Detail: https://www.webuycars.co.za/buy-a-car/Ford/Ranger-22tdci-XLS-4x4-Auto-Pick-Up-Double-Cab/372113288
2026-06-06 15:02:11,863 - INFO -    ✅ 372113288 | page 19
2026-06-06 15:02:11,863 - INFO - [WBC] 🔎 Detail: https://www.webuycars.co.za/buy-a-car/Ford/Ranger-20d-XLT-4x4-Auto-Double-Cab-Pick-Up/1B2B00312
2026-06-06 15:02:14,764 - INFO -    ✅ 1B2B00312 | page 19
2026-06-06 15:02:14,765 - INFO - [WBC] 🔎 Detail: https://www.webuycars.co.za/buy-a-car/Toyota/Hilux-28-Gd-6-RB-Legend-Auto-Pick-Up-Double-Cab/481708096
2026-06-06 15:02:17,784 - INFO -    ✅ 481708096 | page 19
2026-06-06 15:02:17,785 - INFO - [WBC] 🔎 Detail: https://www.webuycars.co.za/buy-a-car/Ford/Ranger-20d-Bi-Turbo-Stormtrak-4x4-Auto-Pick-Up-Double-Cab/88CF11882
2026-06-06 15:02:20,580 - INFO -    ✅ 88CF11882 | page 19
2026-06-06 15:02:21,676 - INFO - ✅ Saved 10 car(s) to Firestore.
2026-06-06 15:02:21,676 - INFO - [WBC] 🔎 Detail: https://www.webuycars.co.za/buy-a-car/GWM/P-Series-20td-SX-4x4-Auto-Double-Cab-Pick-Up/C6BC00847
2026-06-06 15:02:24,499 - INFO -    ✅ C6BC00847 | page 19
2026-06-06 15:02:24,499 - INFO - [WBC] 🔎 Detail: https://www.webuycars.co.za/buy-a-car/Nissan/Navara-25ddti-Pro-4x-4x4-Auto-Double-Cab-Pick-Up/6A7A00007
2026-06-06 15:02:27,336 - INFO -    ✅ 6A7A00007 | page 19
2026-06-06 15:02:27,336 - INFO - [WBC] 🔎 Detail: https://www.webuycars.co.za/buy-a-car/Ford/Ranger-FX4-20d-Auto-Pick-Up-Double-Cab/E16607351
2026-06-06 15:02:30,275 - INFO -    ✅ E16607351 | page 19
2026-06-06 15:02:30,276 - INFO - [WBC] 🔎 Detail: https://www.webuycars.co.za/buy-a-car/Nissan/Navara-25ddti-Le-le-Plus-Auto-Double-Cab-Pick-Up/08A512065
2026-06-06 15:02:33,187 - INFO -    ✅ 08A512065 | page 19
2026-06-06 15:02:33,187 - INFO - [WBC] 🔎 Detail: https://www.webuycars.co.za/buy-a-car/Mitsubishi/Triton-24-Di-Dc-Xtreme-Auto-Pick-Up-Double-Cab/301B10148
2026-06-06 15:02:36,169 - INFO -    ✅ 301B10148 | page 19
2026-06-06 15:02:36,170 - INFO - [WBC] 🔎 Detail: https://www.webuycars.co.za/buy-a-car/Ford/Ranger-20d-Bi-Turbo-Wildtrak-Auto-Double-Cab-Pick-Up/5A2306248
2026-06-06 15:02:39,523 - INFO -    ✅ 5A2306248 | page 19
2026-06-06 15:02:39,524 - INFO - [WBC] 🔎 Detail: https://www.webuycars.co.za/buy-a-car/GWM/P-Series-20td-LT-Auto-Double-Cab-Pick-Up/92B404878
2026-06-06 15:02:42,620 - INFO -    ✅ 92B404878 | page 19
2026-06-06 15:02:42,620 - INFO - [WBC] 🔎 Detail: https://www.webuycars.co.za/buy-a-car/Volkswagen/Amarok-20bitdi-154-KW-4mot-Style-Double-Cab-Pick-Up/1A7609929
2026-06-06 15:02:45,608 - INFO -    ✅ 1A7609929 | page 19
2026-06-06 15:02:45,608 - INFO - [WBC] 🔎 Detail: https://www.webuycars.co.za/buy-a-car/Ford/Ranger-20d-XL-4x4-Auto-Double-Cab-Pick-Up/2FF600889
2026-06-06 15:02:48,553 - INFO -    ✅ 2FF600889 | page 19
2026-06-06 15:02:48,553 - INFO - [WBC] 🔎 Detail: https://www.webuycars.co.za/buy-a-car/Isuzu/D-MAX-19-DDI-HR-LS-Auto-Double-Cab-Pick-Up/C69412378
2026-06-06 15:02:51,640 - INFO -    ✅ C69412378 | page 19
2026-06-06 15:02:52,688 - INFO - ✅ Saved 10 car(s) to Firestore.
2026-06-06 15:02:52,689 - INFO - [WBC] 🔎 Detail: https://www.webuycars.co.za/buy-a-car/Volkswagen/Amarok-30-TDI-H-Line-4mot-Auto-Double-Cab-Pick-Up/0B4700722
2026-06-06 15:02:56,078 - INFO -    ✅ 0B4700722 | page 19
2026-06-06 15:02:56,078 - INFO - [WBC] 🔎 Detail: https://www.webuycars.co.za/buy-a-car/Ford/Ranger-30-V6-BI-Turbo-EcoBoost-Raptor-4x4-Auto/353E14022
2026-06-06 15:02:59,164 - INFO -    ✅ 353E14022 | page 19
2026-06-06 15:02:59,164 - INFO - [WBC] 🔎 Detail: https://www.webuycars.co.za/buy-a-car/Ford/Ranger-20d-Bi-Turbo-Wildtrak-4x4-Auto-Pick-Up-Double-Cab/49E205880
2026-06-06 15:03:02,165 - INFO -    ✅ 49E205880 | page 19
2026-06-06 15:03:02,165 - INFO - [WBC] 🔎 Detail: https://www.webuycars.co.za/buy-a-car/Ford/Ranger-20d-XLT-Auto-Pick-Up-Double-Cab/B61912623
2026-06-06 15:03:05,095 - INFO -    ✅ B61912623 | page 19
2026-06-06 15:03:05,096 - INFO - [WBC] 🔎 Detail: https://www.webuycars.co.za/buy-a-car/Mitsubishi/Triton-24-Di-Dc-4x4-Auto-Pick-Up-Double-Cab/184601551
2026-06-06 15:03:08,208 - INFO -    ✅ 184601551 | page 19
2026-06-06 15:03:08,209 - INFO - [WBC] 🔎 Detail: https://www.webuycars.co.za/buy-a-car/Ford/Ranger-Raptor-20d-Bi-Turbo-4x4-Auto-Pick-Up-Double-Cab/566504188
2026-06-06 15:03:11,070 - INFO -    ✅ 566504188 | page 19
2026-06-06 15:03:11,071 - INFO - [WBC] 🔎 Detail: https://www.webuycars.co.za/buy-a-car/Peugeot/Landtrek-19d-Allure-Pick-Up-Double-Cab-Auto/BE3312830
2026-06-06 15:03:13,963 - INFO -    ✅ BE3312830 | page 19
2026-06-06 15:03:13,964 - INFO - [WBC] 🔎 Detail: https://www.webuycars.co.za/buy-a-car/Volkswagen/Amarok-20-Bitdi-Highline-132-KW-Auto-Double-Cab-Pick-Up/06CD13085
2026-06-06 15:03:18,687 - INFO -    ✅ 06CD13085 | page 19
2026-06-06 15:03:18,687 - INFO - [WBC] 📄 Page 20: https://www.webuycars.co.za/buy-a-car?Year=[2019,2026]&BodyType=["Double%20Cab","D/C%20%E2%80%93%20Double%20Cab"]&InspectionCondition=["Certified"]&page=20
2026-06-06 15:03:41,932 - INFO - [WBC] 🔎 Detail: https://www.webuycars.co.za/buy-a-car/Mitsubishi/Triton-24di-Gl-Pick-Up-Double-Cab/0D9210162
2026-06-06 15:03:45,463 - INFO -    ✅ 0D9210162 | page 20
2026-06-06 15:03:45,464 - INFO - [WBC] 🔎 Detail: https://www.webuycars.co.za/buy-a-car/Ford/Ranger-FX4-20d-Auto-Pick-Up-Double-Cab/326D12129
2026-06-06 15:03:48,611 - INFO -    ✅ 326D12129 | page 20
2026-06-06 15:03:49,654 - INFO - ✅ Saved 10 car(s) to Firestore.
2026-06-06 15:03:49,654 - INFO - [WBC] 🔎 Detail: https://www.webuycars.co.za/buy-a-car/Ford/Ranger-20d-Bi-Turbo-Wildtrak-Auto-Pick-Up-Double-Cab/556309343
2026-06-06 15:03:52,389 - INFO -    ✅ 556309343 | page 20
2026-06-06 15:03:52,390 - INFO - [WBC] 🔎 Detail: https://www.webuycars.co.za/buy-a-car/Ford/Ranger-20d-XL-Auto-Double-Cab-Pick-Up/C4E211891
2026-06-06 15:03:55,420 - INFO -    ✅ C4E211891 | page 20
2026-06-06 15:03:55,420 - INFO - [WBC] 🔎 Detail: https://www.webuycars.co.za/buy-a-car/Volkswagen/Amarok-30TDI-V6-184-KW-4mot-Style-Auto-Double-Cab-Pick-Up/3C4D13422
2026-06-06 15:03:58,302 - INFO -    ✅ 3C4D13422 | page 20
2026-06-06 15:03:58,303 - INFO - [WBC] 🔎 Detail: https://www.webuycars.co.za/buy-a-car/Ford/Ranger-20d-XLT-HR-Auto-Double-Cab-Pick-Up/814C06242
2026-06-06 15:04:01,096 - INFO -    ✅ 814C06242 | page 20
2026-06-06 15:04:01,096 - INFO - [WBC] 🔎 Detail: https://www.webuycars.co.za/buy-a-car/Ford/Ranger-30d-V6-Wildtrak-AWD-Auto-Double-Cab-Pick-Up/C9D814715
2026-06-06 15:04:04,030 - INFO -    ✅ C9D814715 | page 20
2026-06-06 15:04:04,031 - INFO - [WBC] 🔎 Detail: https://www.webuycars.co.za/buy-a-car/Ford/Ranger-20d-XLT-HR-Auto-Double-Cab-Pick-Up/478406732
2026-06-06 15:04:06,951 - INFO -    ✅ 478406732 | page 20
2026-06-06 15:04:06,951 - INFO - [WBC] 🔎 Detail: https://www.webuycars.co.za/buy-a-car/GWM/P-Series-20td-LT-Auto-Double-Cab-Pick-Up/7DEA06546
2026-06-06 15:04:10,099 - INFO -    ✅ 7DEA06546 | page 20
2026-06-06 15:04:10,099 - INFO - [WBC] 🔎 Detail: https://www.webuycars.co.za/buy-a-car/Isuzu/D-MAX-250-HO-Hi-Ride-Double-Cab-Pick-Up/A1E702740
2026-06-06 15:04:13,245 - INFO -    ✅ A1E702740 | page 20
2026-06-06 15:04:13,245 - INFO - [WBC] 🔎 Detail: https://www.webuycars.co.za/buy-a-car/Volkswagen/Amarok-30TDI-V6-184-KW-4mot-Style-Auto-Double-Cab-Pick-Up/00AC16576
2026-06-06 15:04:16,424 - INFO -    ✅ 00AC16576 | page 20
2026-06-06 15:04:16,424 - INFO - [WBC] 🔎 Detail: https://www.webuycars.co.za/buy-a-car/Ford/Ranger-20d-Bi-Turbo-Wildtrak-4x4-Auto-Double-Cab-Pick-Up/63E515591
2026-06-06 15:04:19,479 - INFO -    ✅ 63E515591 | page 20
2026-06-06 15:04:20,505 - INFO - ✅ Saved 10 car(s) to Firestore.
2026-06-06 15:04:20,505 - INFO - [WBC] 🔎 Detail: https://www.webuycars.co.za/buy-a-car/GWM/P-Series-20td-DLX-Double-Cab-Pick-Up/3F7306610
2026-06-06 15:04:23,728 - INFO -    ✅ 3F7306610 | page 20
2026-06-06 15:04:23,728 - INFO - [WBC] 🔎 Detail: https://www.webuycars.co.za/buy-a-car/GWM/P-Series-20td-LT-Auto-Double-Cab-Pick-Up/491912542
2026-06-06 15:04:26,836 - INFO -    ✅ 491912542 | page 20
2026-06-06 15:04:26,836 - INFO - [WBC] 🔎 Detail: https://www.webuycars.co.za/buy-a-car/Isuzu/D-MAX-19-DDI-HR-LS-Auto-Double-Cab-Pick-Up/75D503297
2026-06-06 15:04:29,728 - INFO -    ✅ 75D503297 | page 20
2026-06-06 15:04:29,729 - INFO - [WBC] 🔎 Detail: https://www.webuycars.co.za/buy-a-car/Toyota/Hilux-24-Gd-6-Raider-4x4-Auto-Pick-Up-Double-Cab/86CE15243
2026-06-06 15:04:32,715 - INFO -    ✅ 86CE15243 | page 20
2026-06-06 15:04:32,715 - INFO - [WBC] 🔎 Detail: https://www.webuycars.co.za/buy-a-car/Ford/Ranger-32tdci-XLT-Auto-Pick-Up-Double-Cab/26BD08252
2026-06-06 15:04:35,578 - INFO -    ✅ 26BD08252 | page 20
2026-06-06 15:04:35,578 - INFO - [WBC] 🔎 Detail: https://www.webuycars.co.za/buy-a-car/Ford/Ranger-20d-Bi-Turbo-Wildtrak-4x4-Auto-Pick-Up-Double-Cab/856613756
2026-06-06 15:04:38,481 - INFO -    ✅ 856613756 | page 20
2026-06-06 15:04:38,481 - INFO - [WBC] 🔎 Detail: https://www.webuycars.co.za/buy-a-car/Ford/Ranger-20d-XL-4x4-Auto-Double-Cab-Pick-Up/D42A03067
2026-06-06 15:04:41,643 - INFO -    ✅ D42A03067 | page 20
2026-06-06 15:04:41,643 - INFO - [WBC] 🔎 Detail: https://www.webuycars.co.za/buy-a-car/Toyota/Hilux-24-Gd-6-RB-Raider-Auto-Pick-Up-Double-Cab/F80E12042
2026-06-06 15:04:44,845 - INFO -    ✅ F80E12042 | page 20
2026-06-06 15:04:44,845 - INFO - [WBC] 🔎 Detail: https://www.webuycars.co.za/buy-a-car/Ford/Ranger-30-V6-BI-Turbo-EcoBoost-Raptor-4x4-Auto/9F5E04265
2026-06-06 15:04:47,990 - INFO -    ✅ 9F5E04265 | page 20
2026-06-06 15:04:47,990 - INFO - [WBC] 🔎 Detail: https://www.webuycars.co.za/buy-a-car/Ford/Ranger-20d-XLT-HR-Auto-Double-Cab-Pick-Up/BA4803828
2026-06-06 15:04:50,879 - INFO -    ✅ BA4803828 | page 20
2026-06-06 15:04:51,884 - INFO - ✅ Saved 10 car(s) to Firestore.
2026-06-06 15:04:51,885 - INFO - [WBC] 🔎 Detail: https://www.webuycars.co.za/buy-a-car/Toyota/Hilux-24-Gd-6-SR-4x4-Pick-Up-Double-Cab/C67712797
2026-06-06 15:04:54,790 - INFO -    ✅ C67712797 | page 20
2026-06-06 15:04:54,790 - INFO - [WBC] 🔎 Detail: https://www.webuycars.co.za/buy-a-car/Ford/Ranger-30-V6-BI-Turbo-EcoBoost-Raptor-4x4-Auto/463204975
2026-06-06 15:04:57,665 - INFO -    ✅ 463204975 | page 20
2026-06-06 15:04:58,476 - INFO - ✅ Saved 2 car(s) to Firestore.
2026-06-06 15:04:59,534 - INFO - 📌 Progress: 'Double Cabs only' | lastPage=20 | exhausted=False
2026-06-06 15:04:59,535 - INFO -    ✔ Done | cars=472 | lastPage=20 | exhausted=False
2026-06-06 15:04:59,536 - INFO - ----------------------------------------------------------------------
2026-06-06 15:04:59,538 - INFO - 🎯 TARGET: 'Single Cabs only' | site=webuycars | maxPages=20
2026-06-06 15:04:59,939 - INFO -    Pages    : 1–20
2026-06-06 15:04:59,940 - INFO - [WBC] 📄 Page 1: https://www.webuycars.co.za/buy-a-car?Year=[2019,2026]&BodyType=["Single%20Cab"]&InspectionCondition=["Certified"]
2026-06-06 15:05:22,473 - INFO - [WBC] 🔎 Detail: https://www.webuycars.co.za/buy-a-car/Suzuki/Super-Carry-12i-Pick-Up-Single-Cab/F94310121
2026-06-06 15:05:25,445 - INFO -    ✅ F94310121 | page 1
2026-06-06 15:05:25,445 - INFO - [WBC] 🔎 Detail: https://www.webuycars.co.za/buy-a-car/Nissan/NP200-16-SE-Pick-Up-Single-Cab/166900004
2026-06-06 15:05:28,367 - INFO -    ✅ 166900004 | page 1
2026-06-06 15:05:28,368 - INFO - [WBC] 🔎 Detail: https://www.webuycars.co.za/buy-a-car/Mahindra/Bolero-Maxi-Truck-25-TD-Pick-Up-Single-Cab/7CC312559
2026-06-06 15:05:31,918 - INFO -    ✅ 7CC312559 | page 1
2026-06-06 15:05:31,919 - INFO - [WBC] 🔎 Detail: https://www.webuycars.co.za/buy-a-car/Mahindra/Bolero-Maxi-Truck-25-TD-Pick-Up-Single-Cab/A1F809569
2026-06-06 15:05:34,902 - INFO -    ✅ A1F809569 | page 1
2026-06-06 15:05:34,903 - INFO - [WBC] 🔎 Detail: https://www.webuycars.co.za/buy-a-car/Nissan/NP200-15-DCI-A-C-Safety-Pack-Pick-Up-Single-Cab/3BE707762
2026-06-06 15:05:38,134 - INFO -    ✅ 3BE707762 | page 1
2026-06-06 15:05:38,134 - INFO - [WBC] 🔎 Detail: https://www.webuycars.co.za/buy-a-car/Nissan/NP200-16-Pick-Up-Single-Cab/348300372
2026-06-06 15:05:41,193 - INFO -    ✅ 348300372 | page 1
2026-06-06 15:05:41,193 - INFO - [WBC] 🔎 Detail: https://www.webuycars.co.za/buy-a-car/GWM/P-Series-20td-SX-Single-Cab-Pick-Up/E06F02905
2026-06-06 15:05:44,154 - INFO -    ✅ E06F02905 | page 1
2026-06-06 15:05:44,154 - INFO - [WBC] 🔎 Detail: https://www.webuycars.co.za/buy-a-car/Mahindra/PIK-UP-22-Mhawk-S6-Refresh-Pick-Up-Single-Cab/4B9211532
2026-06-06 15:05:47,379 - INFO -    ✅ 4B9211532 | page 1
2026-06-06 15:05:47,379 - INFO - [WBC] 🔎 Detail: https://www.webuycars.co.za/buy-a-car/KIA/K-2700-Workhorse-Pick-Up/5CB901679
2026-06-06 15:05:50,463 - INFO -    ✅ 5CB901679 | page 1
2026-06-06 15:05:50,464 - INFO - [WBC] 🔎 Detail: https://www.webuycars.co.za/buy-a-car/Toyota/Hilux-20-Vvti-A-C-Pick-Up-Single-Cab/33DF02717
2026-06-06 15:05:53,496 - INFO -    ✅ 33DF02717 | page 1
2026-06-06 15:05:54,419 - INFO - ✅ Saved 10 car(s) to Firestore.
2026-06-06 15:05:54,419 - INFO - [WBC] 🔎 Detail: https://www.webuycars.co.za/buy-a-car/Nissan/NP200-16-SE-Pick-Up-Single-Cab/5B2D12404
2026-06-06 15:05:58,909 - INFO -    ✅ 5B2D12404 | page 1
2026-06-06 15:05:58,909 - INFO - [WBC] 🔎 Detail: https://www.webuycars.co.za/buy-a-car/Nissan/Navara-25de-XE-Single-Cab-Pick-Up/9C6A11275
2026-06-06 15:06:01,788 - INFO -    ✅ 9C6A11275 | page 1
2026-06-06 15:06:01,789 - INFO - [WBC] 🔎 Detail: https://www.webuycars.co.za/buy-a-car/Mahindra/PIK-UP-22-Mhawk-S6-Refresh-Pick-Up-Single-Cab/A0C508747
2026-06-06 15:06:05,300 - INFO -    ✅ A0C508747 | page 1
2026-06-06 15:06:05,300 - INFO - [WBC] 🔎 Detail: https://www.webuycars.co.za/buy-a-car/Mahindra/PIK-UP-22-Mhawk-S6-Refresh-4x4-Pick-Up-Single-Cab/872715015
2026-06-06 15:06:08,188 - INFO -    ✅ 872715015 | page 1
2026-06-06 15:06:08,188 - INFO - [WBC] 🔎 Detail: https://www.webuycars.co.za/buy-a-car/Nissan/Navara-25ddti-SE-Single-Cab-Pick-Up/3A2A01906
2026-06-06 15:06:11,333 - INFO -    ✅ 3A2A01906 | page 1
2026-06-06 15:06:11,333 - INFO - [WBC] 🔎 Detail: https://www.webuycars.co.za/buy-a-car/KIA/K-2500-Pick-Up-Single-Cab/B84B12003
2026-06-06 15:06:14,308 - INFO -    ✅ B84B12003 | page 1
2026-06-06 15:06:14,308 - INFO - [WBC] 🔎 Detail: https://www.webuycars.co.za/buy-a-car/KIA/K-2700-Workhorse-Pick-Up/BE2E11044
2026-06-06 15:06:17,358 - INFO -    ✅ BE2E11044 | page 1
2026-06-06 15:06:17,358 - INFO - [WBC] 🔎 Detail: https://www.webuycars.co.za/buy-a-car/Toyota/Hilux-20-Vvti-S-Pick-Up-Single-Cab/C11A07001
2026-06-06 15:06:21,731 - INFO -    ✅ C11A07001 | page 1
2026-06-06 15:06:21,731 - INFO - [WBC] 🔎 Detail: https://www.webuycars.co.za/buy-a-car/Mahindra/PIK-UP-22-Mhawk-S6-Refresh-Pick-Up-Single-Cab/CD8A15018
2026-06-06 15:06:24,676 - INFO -    ✅ CD8A15018 | page 1
2026-06-06 15:06:24,676 - INFO - [WBC] 🔎 Detail: https://www.webuycars.co.za/buy-a-car/Mahindra/PIK-UP-22-Mhawk-S6-Refresh-Pick-Up-Single-Cab/244111749
2026-06-06 15:06:27,555 - INFO -    ✅ 244111749 | page 1
2026-06-06 15:06:29,622 - INFO - ✅ Saved 10 car(s) to Firestore.
2026-06-06 15:06:29,622 - INFO - [WBC] 🔎 Detail: https://www.webuycars.co.za/buy-a-car/Mahindra/PIK-UP-22-Mhawk-S4-4x4-Pick-Up-Single-Cab/6FDA08534
2026-06-06 15:06:32,460 - INFO -    ✅ 6FDA08534 | page 1
2026-06-06 15:06:32,460 - INFO - [WBC] 🔎 Detail: https://www.webuycars.co.za/buy-a-car/Isuzu/D-MAX-250-HO-Hi-Ride-E-cab-Pick-Up/780915571
2026-06-06 15:06:35,291 - INFO -    ✅ 780915571 | page 1
2026-06-06 15:06:35,292 - INFO - [WBC] 🔎 Detail: https://www.webuycars.co.za/buy-a-car/Ford/Ranger-22tdci-XL-Auto-Pick-Up-Sup-cab/F43706053
2026-06-06 15:06:38,917 - INFO -    ✅ F43706053 | page 1
2026-06-06 15:06:38,917 - INFO - [WBC] 📄 Page 2: https://www.webuycars.co.za/buy-a-car?Year=[2019,2026]&BodyType=["Single%20Cab"]&InspectionCondition=["Certified"]&page=2
2026-06-06 15:07:01,709 - INFO - [WBC] 🔎 Detail: https://www.webuycars.co.za/buy-a-car/Ford/Ranger-22tdci-L-R-Pick-Up-Single-Cab/F9F614614
2026-06-06 15:07:04,893 - INFO -    ✅ F9F614614 | page 2
2026-06-06 15:07:04,894 - INFO - [WBC] 🔎 Detail: https://www.webuycars.co.za/buy-a-car/Toyota/Hilux-24-GD-S-A-C-Pick-Up-Single-Cab/0EE507242
2026-06-06 15:07:07,911 - INFO -    ✅ 0EE507242 | page 2
2026-06-06 15:07:07,911 - INFO - [WBC] 🔎 Detail: https://www.webuycars.co.za/buy-a-car/Isuzu/D-MAX-250-HO-Fleetside-Single-Cab-Pick-Up/1DAE07595
2026-06-06 15:07:10,681 - INFO -    ✅ 1DAE07595 | page 2
2026-06-06 15:07:10,681 - INFO - [WBC] 🔎 Detail: https://www.webuycars.co.za/buy-a-car/Foton/Tunland-20T-G7-Workhorse-Pick-Up-Single-Cab/24DC08253
2026-06-06 15:07:14,363 - INFO -    ✅ 24DC08253 | page 2
2026-06-06 15:07:14,364 - INFO - [WBC] 🔎 Detail: https://www.webuycars.co.za/buy-a-car/Toyota/Hilux-20-Vvti-S-Pick-Up-Single-Cab/576C10190
2026-06-06 15:07:17,250 - INFO -    ✅ 576C10190 | page 2
2026-06-06 15:07:17,250 - INFO - [WBC] 🔎 Detail: https://www.webuycars.co.za/buy-a-car/KIA/K-2700-Workhorse-Pick-Up-Single-Cab/7D6308438
2026-06-06 15:07:20,011 - INFO -    ✅ 7D6308438 | page 2
2026-06-06 15:07:20,012 - INFO - [WBC] 🔎 Detail: https://www.webuycars.co.za/buy-a-car/Nissan/NP200-16-A-C-Safety-Pack-Pick-Up-Single-Cab/F85315857
2026-06-06 15:07:22,799 - INFO -    ✅ F85315857 | page 2
2026-06-06 15:07:24,005 - INFO - ✅ Saved 10 car(s) to Firestore.
2026-06-06 15:07:24,006 - INFO - [WBC] 🔎 Detail: https://www.webuycars.co.za/buy-a-car/GWM/P-Series-20td-SX-Single-Cab-Pick-Up/099D13058
2026-06-06 15:07:27,124 - INFO -    ✅ 099D13058 | page 2
2026-06-06 15:07:27,124 - INFO - [WBC] 🔎 Detail: https://www.webuycars.co.za/buy-a-car/Foton/Tunland-20T-G7-Workhorse-Pick-Up-Single-Cab/155315883
2026-06-06 15:07:30,127 - INFO -    ✅ 155315883 | page 2
2026-06-06 15:07:30,128 - INFO - [WBC] 🔎 Detail: https://www.webuycars.co.za/buy-a-car/Nissan/NP200-16-Pick-Up-Single-Cab/506201042
2026-06-06 15:07:33,118 - INFO -    ✅ 506201042 | page 2
2026-06-06 15:07:33,118 - INFO - [WBC] 🔎 Detail: https://www.webuycars.co.za/buy-a-car/GWM/P-Series-20td-SX-Single-Cab-Pick-Up/42A016375
2026-06-06 15:07:36,035 - INFO -    ✅ 42A016375 | page 2
2026-06-06 15:07:36,035 - INFO - [WBC] 🔎 Detail: https://www.webuycars.co.za/buy-a-car/Toyota/Hilux-20-Vvti-A-C-Pick-Up-Single-Cab/CE7711867
2026-06-06 15:07:38,830 - INFO -    ✅ CE7711867 | page 2
2026-06-06 15:07:38,831 - INFO - [WBC] 🔎 Detail: https://www.webuycars.co.za/buy-a-car/Ford/Ranger-22tdci-Pick-Up-Sup-cab/971801745
2026-06-06 15:07:41,840 - INFO -    ✅ 971801745 | page 2
2026-06-06 15:07:41,841 - INFO - [WBC] 🔎 Detail: https://www.webuycars.co.za/buy-a-car/KIA/K-2700-Workhorse-Pick-Up-Single-Cab/35D014700
2026-06-06 15:07:45,045 - INFO -    ✅ 35D014700 | page 2
2026-06-06 15:07:45,046 - INFO - [WBC] 🔎 Detail: https://www.webuycars.co.za/buy-a-car/Isuzu/D-MAX-19-DDI-HR-L-Auto-Single-Cab-Pick-Up/6B9800951
2026-06-06 15:07:48,156 - INFO -    ✅ 6B9800951 | page 2
2026-06-06 15:07:48,157 - INFO - [WBC] 🔎 Detail: https://www.webuycars.co.za/buy-a-car/Mahindra/PIK-UP-22-Mhawk-S4-Pick-Up-Single-Cab/53D111872
2026-06-06 15:07:51,078 - INFO -    ✅ 53D111872 | page 2
2026-06-06 15:07:51,079 - INFO - [WBC] 🔎 Detail: https://www.webuycars.co.za/buy-a-car/KIA/K-2700-Workhorse-Pick-Up-Single-Cab/956811485
2026-06-06 15:07:53,970 - INFO -    ✅ 956811485 | page 2
2026-06-06 15:07:56,090 - INFO - ✅ Saved 10 car(s) to Firestore.
2026-06-06 15:07:56,091 - INFO - [WBC] 🔎 Detail: https://www.webuycars.co.za/buy-a-car/Nissan/NP200-16-A-C-Safety-Pack-Pick-Up-Single-Cab/0FE014366
2026-06-06 15:07:59,144 - INFO -    ✅ 0FE014366 | page 2
2026-06-06 15:07:59,144 - INFO - [WBC] 🔎 Detail: https://www.webuycars.co.za/buy-a-car/Toyota/Hilux-20-Vvti-A-C-Pick-Up-Single-Cab/8D3C14285
2026-06-06 15:08:02,031 - INFO -    ✅ 8D3C14285 | page 2
2026-06-06 15:08:02,031 - INFO - [WBC] 🔎 Detail: https://www.webuycars.co.za/buy-a-car/Ford/Ranger-32tdci-XLT-4x4-Auto-Pick-Up-Sup-cab/503914792
2026-06-06 15:08:04,813 - INFO -    ✅ 503914792 | page 2
2026-06-06 15:08:04,813 - INFO - [WBC] 🔎 Detail: https://www.webuycars.co.za/buy-a-car/Nissan/Navara-25ddti-LE-Single-Cab-Pick-Up/0ED201989
2026-06-06 15:08:07,597 - INFO -    ✅ 0ED201989 | page 2
2026-06-06 15:08:07,597 - INFO - [WBC] 🔎 Detail: https://www.webuycars.co.za/buy-a-car/Isuzu/D-MAX-19-DDI-HR-L-Single-Cab-Pick-Up/F38B10444
2026-06-06 15:08:10,567 - INFO -    ✅ F38B10444 | page 2
2026-06-06 15:08:10,567 - INFO - [WBC] 🔎 Detail: https://www.webuycars.co.za/buy-a-car/KIA/K-2700-Workhorse-Pick-Up-Single-Cab/799E08287
2026-06-06 15:08:13,334 - INFO -    ✅ 799E08287 | page 2
2026-06-06 15:08:13,334 - INFO - [WBC] 📄 Page 3: https://www.webuycars.co.za/buy-a-car?Year=[2019,2026]&BodyType=["Single%20Cab"]&InspectionCondition=["Certified"]&page=3
2026-06-06 15:08:35,784 - INFO - [WBC] 🔎 Detail: https://www.webuycars.co.za/buy-a-car/Isuzu/D-MAX-19-DDI-HR-LS-Auto-E-CAB/744A13051
2026-06-06 15:08:39,119 - INFO -    ✅ 744A13051 | page 3
2026-06-06 15:08:39,119 - INFO - [WBC] 🔎 Detail: https://www.webuycars.co.za/buy-a-car/Mitsubishi/Triton-24-Di-Sc-GL-4x4-Pick-Up-Single-Cab/8F1211797
2026-06-06 15:08:42,076 - INFO -    ✅ 8F1211797 | page 3
2026-06-06 15:08:42,076 - INFO - [WBC] 🔎 Detail: https://www.webuycars.co.za/buy-a-car/Isuzu/D-MAX-250-HO-Fleetside-Safety-Single-Cab-Pick-Up/D26510942
2026-06-06 15:08:45,022 - INFO -    ✅ D26510942 | page 3
2026-06-06 15:08:45,023 - INFO - [WBC] 🔎 Detail: https://www.webuycars.co.za/buy-a-car/Ford/Ranger-20d-XL-HR-4x4-Single-Cab-Pick-Up/627A14724
2026-06-06 15:08:48,315 - INFO -    ✅ 627A14724 | page 3
2026-06-06 15:08:50,442 - INFO - ✅ Saved 10 car(s) to Firestore.
2026-06-06 15:08:50,443 - INFO - [WBC] 🔎 Detail: https://www.webuycars.co.za/buy-a-car/Toyota/Hilux-24-Gd-6-Raider-4x4-Pick-Up-Single-Cab/E1CB13556
2026-06-06 15:08:53,206 - INFO -    ✅ E1CB13556 | page 3
2026-06-06 15:08:53,206 - INFO - [WBC] 🔎 Detail: https://www.webuycars.co.za/buy-a-car/Ford/Ranger-20d-XL-HR-Auto-Super-CAB-Pick-Up/C64F01859
2026-06-06 15:08:55,923 - INFO -    ✅ C64F01859 | page 3
2026-06-06 15:08:55,923 - INFO - [WBC] 🔎 Detail: https://www.webuycars.co.za/buy-a-car/Toyota/Hilux-28-Gd-6-RB-Raider-Auto-Pick-Up-Single-Cab/384E05631
2026-06-06 15:09:00,851 - INFO -    ✅ 384E05631 | page 3
2026-06-06 15:09:00,851 - INFO - [WBC] 🔎 Detail: https://www.webuycars.co.za/buy-a-car/Isuzu/D-MAX-30-DDI-HR-LSE-n-r-Auto-E-cab/DBA111483
2026-06-06 15:09:03,840 - INFO -    ✅ DBA111483 | page 3
2026-06-06 15:09:03,840 - INFO - [WBC] 🔎 Detail: https://www.webuycars.co.za/buy-a-car/Mitsubishi/Triton-24-Di-Sc-GL-4x4-Pick-Up-Single-Cab/ADA904086
2026-06-06 15:09:06,685 - INFO -    ✅ ADA904086 | page 3
2026-06-06 15:09:06,686 - INFO - [WBC] 🔎 Detail: https://www.webuycars.co.za/buy-a-car/Toyota/Hilux-20-Vvti-A-C-Pick-Up-Single-Cab/029A03504
2026-06-06 15:09:09,611 - INFO -    ✅ 029A03504 | page 3
2026-06-06 15:09:09,611 - INFO - [WBC] 🔎 Detail: https://www.webuycars.co.za/buy-a-car/Nissan/Navara-25ddti-XE-Single-Cab-Pick-Up/DAE601350
2026-06-06 15:09:12,981 - INFO -    ✅ DAE601350 | page 3
2026-06-06 15:09:12,981 - INFO - [WBC] 🔎 Detail: https://www.webuycars.co.za/buy-a-car/Toyota/Hilux-24-GD-S-A-C-Pick-Up-Single-Cab/587209461
2026-06-06 15:09:15,970 - INFO -    ✅ 587209461 | page 3
2026-06-06 15:09:15,970 - INFO - [WBC] 🔎 Detail: https://www.webuycars.co.za/buy-a-car/Toyota/Hilux-24-GD-S-A-C-Pick-Up-Single-Cab/DE9005169
2026-06-06 15:09:18,886 - INFO -    ✅ DE9005169 | page 3
2026-06-06 15:09:18,886 - INFO - [WBC] 🔎 Detail: https://www.webuycars.co.za/buy-a-car/Toyota/Hilux-20-Vvti-S-Pick-Up-Single-Cab/702E00356
2026-06-06 15:09:21,733 - INFO -    ✅ 702E00356 | page 3
2026-06-06 15:09:22,682 - INFO - ✅ Saved 10 car(s) to Firestore.
2026-06-06 15:09:22,683 - INFO - [WBC] 🔎 Detail: https://www.webuycars.co.za/buy-a-car/Ford/Ranger-20d-XL-HR-Super-CAB-Pick-Up/650815498
2026-06-06 15:09:25,486 - INFO -    ✅ 650815498 | page 3
2026-06-06 15:09:25,487 - INFO - [WBC] 🔎 Detail: https://www.webuycars.co.za/buy-a-car/Isuzu/D-MAX-250-HO-Fleetside-Safety-Single-Cab-Pick-Up/254F07249
2026-06-06 15:09:28,590 - INFO -    ✅ 254F07249 | page 3
2026-06-06 15:09:28,591 - INFO - [WBC] 🔎 Detail: https://www.webuycars.co.za/buy-a-car/Ford/Ranger-20d-Bi-T-Wildtrak-HR-Auto-4x4-SUP-CAB-Pick-Up/0B9C06100
2026-06-06 15:09:31,812 - INFO -    ✅ 0B9C06100 | page 3
2026-06-06 15:09:31,812 - INFO - [WBC] 🔎 Detail: https://www.webuycars.co.za/buy-a-car/Toyota/Hilux-24-Gd-6-RB-Raider-Pick-Up-Single-Cab/CC1B16839
2026-06-06 15:09:34,997 - INFO -    ✅ CC1B16839 | page 3
2026-06-06 15:09:34,997 - INFO - [WBC] 🔎 Detail: https://www.webuycars.co.za/buy-a-car/Toyota/Hilux-24-Gd-6-RB-Raider-Auto-Pick-Up-Single-Cab/2E0F13025
2026-06-06 15:09:37,881 - INFO -    ✅ 2E0F13025 | page 3
2026-06-06 15:09:37,881 - INFO - [WBC] 🔎 Detail: https://www.webuycars.co.za/buy-a-car/Ford/Ranger-20d-XLT-HR-Auto-Super-CAB-Pick-Up/787E01180
2026-06-06 15:09:40,816 - INFO -    ✅ 787E01180 | page 3
2026-06-06 15:09:40,817 - INFO - [WBC] 🔎 Detail: https://www.webuycars.co.za/buy-a-car/Toyota/Hilux-24-GD-S-A-C-Pick-Up-Single-Cab/F53A11272
2026-06-06 15:09:43,639 - INFO -    ✅ F53A11272 | page 3
2026-06-06 15:09:43,639 - INFO - [WBC] 🔎 Detail: https://www.webuycars.co.za/buy-a-car/Isuzu/D-MAX-250c-Fleetside-Single-Cab-Pick-Up/FB2D08296
2026-06-06 15:09:46,392 - INFO -    ✅ FB2D08296 | page 3
2026-06-06 15:09:46,392 - INFO - [WBC] 🔎 Detail: https://www.webuycars.co.za/buy-a-car/Toyota/Hilux-24-Gd-6-RB-Raider-Pick-Up-E-cab/4CF709676
2026-06-06 15:09:49,517 - INFO -    ✅ 4CF709676 | page 3
2026-06-06 15:09:49,517 - INFO - [WBC] 📄 Page 4: https://www.webuycars.co.za/buy-a-car?Year=[2019,2026]&BodyType=["Single%20Cab"]&InspectionCondition=["Certified"]&page=4
2026-06-06 15:10:12,403 - INFO - [WBC] 🔎 Detail: https://www.webuycars.co.za/buy-a-car/Ford/Ranger-20d-XL-HR-4x4-Auto-Single-Cab-Pick-Up/665610580
2026-06-06 15:10:15,239 - INFO -    ✅ 665610580 | page 4
2026-06-06 15:10:16,250 - INFO - ✅ Saved 10 car(s) to Firestore.
2026-06-06 15:10:16,251 - INFO - [WBC] 🔎 Detail: https://www.webuycars.co.za/buy-a-car/Ford/Ranger-22tdci-XLS-4x4-Auto-Pick-Up-Single-Cab/8A1E10122
2026-06-06 15:10:19,188 - INFO -    ✅ 8A1E10122 | page 4
2026-06-06 15:10:19,189 - INFO - [WBC] 🔎 Detail: https://www.webuycars.co.za/buy-a-car/Toyota/Hilux-28-Gd-6-RB-Raider-Auto-Pick-Up-E-cab/C28C08941
2026-06-06 15:10:22,740 - INFO -    ✅ C28C08941 | page 4
2026-06-06 15:10:22,741 - INFO - [WBC] 🔎 Detail: https://www.webuycars.co.za/buy-a-car/Ford/Ranger-20d-Bi-T-Wildtrak-HR-Auto-4x4-SUP-CAB-Pick-Up/250C04281
2026-06-06 15:10:25,583 - INFO -    ✅ 250C04281 | page 4
2026-06-06 15:10:25,584 - INFO - [WBC] 🔎 Detail: https://www.webuycars.co.za/buy-a-car/Ford/Ranger-20d-XLT-HR-Auto-Super-CAB-Pick-Up/E69B13821
2026-06-06 15:10:28,442 - INFO -    ✅ E69B13821 | page 4
2026-06-06 15:10:28,443 - INFO - [WBC] 🔎 Detail: https://www.webuycars.co.za/buy-a-car/Isuzu/D-MAX-30-DDI-LSE-4x4-Auto-E-cab/4A7B05847
2026-06-06 15:10:30,996 - INFO -    ✅ 4A7B05847 | page 4
2026-06-06 15:10:30,996 - INFO - [WBC] 🔎 Detail: https://www.webuycars.co.za/buy-a-car/Ford/Ranger-20d-XLT-HR-Auto-Super-CAB-Pick-Up/A6A305362
2026-06-06 15:10:33,852 - INFO -    ✅ A6A305362 | page 4
2026-06-06 15:10:33,852 - INFO - [WBC] 🔎 Detail: https://www.webuycars.co.za/buy-a-car/Toyota/Hilux-28-Gd-6-RB-Legend-Pick-Up-E-cab/5B1B10592
2026-06-06 15:10:36,867 - INFO -    ✅ 5B1B10592 | page 4
2026-06-06 15:10:36,867 - INFO - [WBC] 🔎 Detail: https://www.webuycars.co.za/buy-a-car/Ford/Ranger-20d-XLT-HR-Auto-Super-CAB-Pick-Up/857805038
2026-06-06 15:10:39,763 - INFO -    ✅ 857805038 | page 4
2026-06-06 15:10:39,764 - INFO - [WBC] 🔎 Detail: https://www.webuycars.co.za/buy-a-car/Ford/Ranger-20d-Bi-T-Wildtrak-HR-Auto-4x4-SUP-CAB-Pick-Up/ECC509726
2026-06-06 15:10:42,550 - INFO -    ✅ ECC509726 | page 4
2026-06-06 15:10:42,551 - INFO - [WBC] 🔎 Detail: https://www.webuycars.co.za/buy-a-car/Toyota/Hilux-24-Gd-6-Raider-4x4-Pick-Up-Single-Cab/68D013568
2026-06-06 15:10:45,537 - INFO -    ✅ 68D013568 | page 4
2026-06-06 15:10:46,498 - INFO - ✅ Saved 10 car(s) to Firestore.
2026-06-06 15:10:46,498 - INFO - [WBC] 🔎 Detail: https://www.webuycars.co.za/buy-a-car/Isuzu/D-MAX-30-DDI-LSE-4x4-Auto-E-cab/72CE05996
2026-06-06 15:10:49,478 - INFO -    ✅ 72CE05996 | page 4
2026-06-06 15:10:49,478 - INFO - [WBC] 🔎 Detail: https://www.webuycars.co.za/buy-a-car/Ford/Ranger-20d-BI-Turbo-XLT-HR-Auto-4x4-Super-CAB-Pick-Up/7C7505778
2026-06-06 15:10:52,346 - INFO -    ✅ 7C7505778 | page 4
2026-06-06 15:10:52,346 - INFO - [WBC] 🔎 Detail: https://www.webuycars.co.za/buy-a-car/Toyota/Hilux-24-Gd-6-RB-Raider-Pick-Up-Single-Cab/F5FE07233
2026-06-06 15:10:55,744 - INFO -    ✅ F5FE07233 | page 4
2026-06-06 15:10:55,745 - INFO - [WBC] 🔎 Detail: https://www.webuycars.co.za/buy-a-car/Toyota/Hilux-24-Gd-6-RB-Raider-Pick-Up-E-cab/533308719
2026-06-06 15:10:58,585 - INFO -    ✅ 533308719 | page 4
2026-06-06 15:10:58,585 - INFO - [WBC] 🔎 Detail: https://www.webuycars.co.za/buy-a-car/Toyota/Hilux-24-Gd-6-RB-Raider-Pick-Up-E-cab/08C115179
2026-06-06 15:11:01,548 - INFO -    ✅ 08C115179 | page 4
2026-06-06 15:11:01,548 - INFO - [WBC] 🔎 Detail: https://www.webuycars.co.za/buy-a-car/Toyota/Hilux-24-Gd-6-RB-Raider-Pick-Up-Single-Cab/15B807837
2026-06-06 15:11:04,451 - INFO -    ✅ 15B807837 | page 4
2026-06-06 15:11:04,451 - INFO - [WBC] 🔎 Detail: https://www.webuycars.co.za/buy-a-car/Isuzu/D-MAX-19-DDI-HR-LS-Auto-E-CAB/E72B07596
2026-06-06 15:11:07,266 - INFO -    ✅ E72B07596 | page 4
2026-06-06 15:11:07,266 - INFO - [WBC] 🔎 Detail: https://www.webuycars.co.za/buy-a-car/Toyota/Hilux-24-Gd-6-RB-Raider-Pick-Up-Single-Cab/54CB11480
2026-06-06 15:11:10,105 - INFO -    ✅ 54CB11480 | page 4
2026-06-06 15:11:10,105 - INFO - [WBC] 🔎 Detail: https://www.webuycars.co.za/buy-a-car/Isuzu/D-MAX-19-DDI-HR-LS-E-CAB/EF7F13012
2026-06-06 15:11:12,908 - INFO -    ✅ EF7F13012 | page 4
2026-06-06 15:11:12,908 - INFO - [WBC] 🔎 Detail: https://www.webuycars.co.za/buy-a-car/Toyota/Land-Cruiser-79-45d-70th-ED-Pick-Up-Single-Cab/FB3206164
2026-06-06 15:11:15,845 - INFO -    ✅ FB3206164 | page 4
2026-06-06 15:11:16,814 - INFO - ✅ Saved 10 car(s) to Firestore.
2026-06-06 15:11:16,814 - INFO - [WBC] 🔎 Detail: https://www.webuycars.co.za/buy-a-car/Ford/Ranger-20d-XL-HR-4x4-Single-Cab-Pick-Up/E9D411290
2026-06-06 15:11:19,747 - INFO -    ✅ E9D411290 | page 4
2026-06-06 15:11:19,747 - INFO - [WBC] 🔎 Detail: https://www.webuycars.co.za/buy-a-car/Toyota/Hilux-28-Gd-6-RB-Legend-Auto-Pick-Up-E-cab/109A03936
2026-06-06 15:11:22,462 - INFO -    ✅ 109A03936 | page 4
2026-06-06 15:11:22,462 - INFO - [WBC] 📄 Page 5: https://www.webuycars.co.za/buy-a-car?Year=[2019,2026]&BodyType=["Single%20Cab"]&InspectionCondition=["Certified"]&page=5
2026-06-06 15:11:45,306 - INFO - [WBC] 🔎 Detail: https://www.webuycars.co.za/buy-a-car/Ford/Ranger-20d-BI-Turbo-XLT-HR-Auto-4x4-Super-CAB-Pick-Up/8FB803326
2026-06-06 15:11:48,657 - INFO -    ✅ 8FB803326 | page 5
2026-06-06 15:11:48,657 - INFO - [WBC] 🔎 Detail: https://www.webuycars.co.za/buy-a-car/Toyota/Hilux-24-Gd-6-RB-Raider-Pick-Up-E-cab/E34E07630
2026-06-06 15:11:51,753 - INFO -    ✅ E34E07630 | page 5
2026-06-06 15:11:51,754 - INFO - [WBC] 🔎 Detail: https://www.webuycars.co.za/buy-a-car/Ford/Ranger-22tdci-XLS-Auto-Pick-Up-Sup-cab/D0C215318
2026-06-06 15:11:54,615 - INFO -    ✅ D0C215318 | page 5
2026-06-06 15:11:54,616 - INFO - [WBC] 🔎 Detail: https://www.webuycars.co.za/buy-a-car/Toyota/Land-Cruiser-79-45d-Pick-Up-Single-Cab/40AE00869
2026-06-06 15:11:57,399 - INFO -    ✅ 40AE00869 | page 5
2026-06-06 15:11:57,399 - INFO - [WBC] 🔎 Detail: https://www.webuycars.co.za/buy-a-car/Ford/Ranger-20d-XL-HR-4x4-Auto-Single-Cab-Pick-Up/BFC201430
2026-06-06 15:12:00,571 - INFO -    ✅ BFC201430 | page 5
2026-06-06 15:12:00,572 - INFO - [WBC] 🔎 Detail: https://www.webuycars.co.za/buy-a-car/Ford/Ranger-20d-XL-HR-4x4-Auto-Super-CAB-Pick-Up/6D3501761
2026-06-06 15:12:03,358 - INFO -    ✅ 6D3501761 | page 5
2026-06-06 15:12:03,358 - INFO - [WBC] 🔎 Detail: https://www.webuycars.co.za/buy-a-car/Toyota/Hilux-28-Gd-6-RB-Legend-Pick-Up-E-cab/371701620
2026-06-06 15:12:06,190 - INFO -    ✅ 371701620 | page 5
2026-06-06 15:12:06,191 - INFO - [WBC] 🔎 Detail: https://www.webuycars.co.za/buy-a-car/Ford/Ranger-20d-XLT-HR-Auto-Super-CAB-Pick-Up/6DAD06468
2026-06-06 15:12:08,981 - INFO -    ✅ 6DAD06468 | page 5
2026-06-06 15:12:09,871 - INFO - ✅ Saved 10 car(s) to Firestore.
2026-06-06 15:12:09,872 - INFO - [WBC] 🔎 Detail: https://www.webuycars.co.za/buy-a-car/Toyota/Hilux-24-Gd-6-RB-Raider-Auto-Pick-Up-E-cab/001207442
2026-06-06 15:12:12,949 - INFO -    ✅ 001207442 | page 5
2026-06-06 15:12:12,949 - INFO - [WBC] 🔎 Detail: https://www.webuycars.co.za/buy-a-car/Toyota/Land-Cruiser-79-40p-Pick-Up-Single-Cab/A5B106721
2026-06-06 15:12:15,872 - INFO -    ✅ A5B106721 | page 5
2026-06-06 15:12:15,873 - INFO - [WBC] 🔎 Detail: https://www.webuycars.co.za/buy-a-car/Toyota/Hilux-24-Gd-6-RB-Raider-Auto-Pick-Up-E-cab/3E9A13362
2026-06-06 15:12:18,848 - INFO -    ✅ 3E9A13362 | page 5
2026-06-06 15:12:18,848 - INFO - [WBC] 🔎 Detail: https://www.webuycars.co.za/buy-a-car/Toyota/Hilux-24-Gd-6-RB-Raider-Pick-Up-E-cab/565A13589
2026-06-06 15:12:22,309 - INFO -    ✅ 565A13589 | page 5
2026-06-06 15:12:22,310 - INFO - [WBC] 🔎 Detail: https://www.webuycars.co.za/buy-a-car/Ford/Ranger-20d-Bi-T-Wildtrak-HR-Auto-4x4-SUP-CAB-Pick-Up/5AAE15585
2026-06-06 15:12:25,145 - INFO -    ✅ 5AAE15585 | page 5
2026-06-06 15:12:25,146 - INFO - [WBC] 🔎 Detail: https://www.webuycars.co.za/buy-a-car/Toyota/Hilux-24-Gd-6-RB-Raider-Auto-Pick-Up-Single-Cab/91AE08833
2026-06-06 15:12:28,157 - INFO -    ✅ 91AE08833 | page 5
2026-06-06 15:12:28,158 - INFO - [WBC] 🔎 Detail: https://www.webuycars.co.za/buy-a-car/Toyota/Hilux-24-Gd-6-RB-Raider-Auto-Pick-Up-Single-Cab/977208665
2026-06-06 15:12:30,942 - INFO -    ✅ 977208665 | page 5
2026-06-06 15:12:30,942 - INFO - [WBC] 🔎 Detail: https://www.webuycars.co.za/buy-a-car/Toyota/Hilux-24-Gd-6-RB-Raider-Auto-Pick-Up-Single-Cab/A6C511618
2026-06-06 15:12:33,800 - INFO -    ✅ A6C511618 | page 5
2026-06-06 15:12:33,800 - INFO - [WBC] 🔎 Detail: https://www.webuycars.co.za/buy-a-car/Toyota/Hilux-28-Gd-6-RB-Legend-Auto-Pick-Up-E-cab/F81915254
2026-06-06 15:12:36,774 - INFO -    ✅ F81915254 | page 5
2026-06-06 15:12:36,774 - INFO - [WBC] 🔎 Detail: https://www.webuycars.co.za/buy-a-car/Ford/Ranger-20d-XL-HR-4x4-Auto-Single-Cab-Pick-Up/778801701
2026-06-06 15:12:39,600 - INFO -    ✅ 778801701 | page 5
2026-06-06 15:12:41,976 - INFO - ✅ Saved 10 car(s) to Firestore.
2026-06-06 15:12:41,977 - INFO - [WBC] 🔎 Detail: https://www.webuycars.co.za/buy-a-car/Isuzu/D-MAX-30-DDI-LSE-4x4-Auto-E-cab/12C514314
2026-06-06 15:12:44,785 - INFO -    ✅ 12C514314 | page 5
2026-06-06 15:12:44,785 - INFO - [WBC] 🔎 Detail: https://www.webuycars.co.za/buy-a-car/Toyota/Land-Cruiser-79-28-Gd-6-Pick-Up-Single-Cab/B67300782
2026-06-06 15:12:47,804 - INFO -    ✅ B67300782 | page 5
2026-06-06 15:12:47,804 - INFO - [WBC] 🔎 Detail: https://www.webuycars.co.za/buy-a-car/Ford/Ranger-20d-XLT-HR-Auto-Super-CAB-Pick-Up/CDED08224
2026-06-06 15:12:50,760 - INFO -    ✅ CDED08224 | page 5
2026-06-06 15:12:50,761 - INFO - [WBC] 🔎 Detail: https://www.webuycars.co.za/buy-a-car/Toyota/Hilux-28-Gd-6-RB-Legend-4x4-Auto-Pick-Up-E-cab/E1C416681
2026-06-06 15:12:53,652 - INFO -    ✅ E1C416681 | page 5
2026-06-06 15:12:53,652 - INFO - [WBC] 🔎 Detail: https://www.webuycars.co.za/buy-a-car/Ford/Ranger-20d-Bi-T-Wildtrak-HR-Auto-4x4-SUP-CAB-Pick-Up/079F10844
2026-06-06 15:12:57,301 - INFO -    ✅ 079F10844 | page 5
2026-06-06 15:12:57,301 - INFO - [WBC] 📄 Page 6: https://www.webuycars.co.za/buy-a-car?Year=[2019,2026]&BodyType=["Single%20Cab"]&InspectionCondition=["Certified"]&page=6
2026-06-06 15:13:19,932 - INFO - [WBC] 🔎 Detail: https://www.webuycars.co.za/buy-a-car/Toyota/Hilux-24-Gd-6-RB-Raider-Pick-Up-E-cab/E21D00893
2026-06-06 15:13:22,749 - INFO -    ✅ E21D00893 | page 6
2026-06-06 15:13:22,749 - INFO - [WBC] 🔎 Detail: https://www.webuycars.co.za/buy-a-car/Ford/Ranger-20d-Bi-T-Wildtrak-HR-Auto-4x4-SUP-CAB-Pick-Up/AC5C06941
2026-06-06 15:13:25,662 - INFO -    ✅ AC5C06941 | page 6
2026-06-06 15:13:25,663 - INFO - [WBC] 🔎 Detail: https://www.webuycars.co.za/buy-a-car/Toyota/Hilux-24-Gd-6-RB-SRX-Auto-Pick-Up-E-cab/5D9205978
2026-06-06 15:13:28,417 - INFO -    ✅ 5D9205978 | page 6
2026-06-06 15:13:28,418 - INFO - [WBC] 🔎 Detail: https://www.webuycars.co.za/buy-a-car/Toyota/Hilux-24-GD-S-A-C-Pick-Up-Single-Cab/D1DA14328
2026-06-06 15:13:31,995 - INFO -    ✅ D1DA14328 | page 6
2026-06-06 15:13:31,996 - INFO - [WBC] 🔎 Detail: https://www.webuycars.co.za/buy-a-car/Isuzu/D-MAX-250-HO-Hi-Ride-Auto-E-cab-Pick-Up/C02704006
2026-06-06 15:13:34,775 - INFO -    ✅ C02704006 | page 6
2026-06-06 15:13:36,893 - INFO - ✅ Saved 10 car(s) to Firestore.
2026-06-06 15:13:36,894 - INFO - [WBC] 🔎 Detail: https://www.webuycars.co.za/buy-a-car/Ford/Ranger-22tdci-XL-4x4-Pick-Up-Single-Cab/9A3A15792
2026-06-06 15:13:40,000 - INFO -    ✅ 9A3A15792 | page 6
2026-06-06 15:13:40,000 - INFO - [WBC] 🔎 Detail: https://www.webuycars.co.za/buy-a-car/Toyota/Hilux-24-Gd-6-RB-Raider-Auto-Pick-Up-E-cab/BAC214503
2026-06-06 15:13:43,366 - INFO -    ✅ BAC214503 | page 6
2026-06-06 15:13:43,367 - INFO - [WBC] 🔎 Detail: https://www.webuycars.co.za/buy-a-car/Toyota/Hilux-24-Gd-6-RB-SRX-Pick-Up-E-cab/A66914985
2026-06-06 15:13:46,293 - INFO -    ✅ A66914985 | page 6
2026-06-06 15:13:46,294 - INFO - [WBC] 🔎 Detail: https://www.webuycars.co.za/buy-a-car/Toyota/Land-Cruiser-79-42d-Pick-Up-Single-Cab/5CE513301
2026-06-06 15:13:49,484 - INFO -    ✅ 5CE513301 | page 6
2026-06-06 15:13:49,485 - INFO - [WBC] 🔎 Detail: https://www.webuycars.co.za/buy-a-car/Ford/Ranger-20d-XL-HR-4x4-Single-Cab-Pick-Up/729303890
2026-06-06 15:13:52,920 - INFO -    ✅ 729303890 | page 6
2026-06-06 15:13:52,920 - INFO - [WBC] 🔎 Detail: https://www.webuycars.co.za/buy-a-car/Toyota/Hilux-24-Gd-6-RB-SRX-Pick-Up-E-cab/3C8212142
2026-06-06 15:13:57,019 - INFO -    ✅ 3C8212142 | page 6
2026-06-06 15:13:57,019 - INFO - [WBC] 🔎 Detail: https://www.webuycars.co.za/buy-a-car/Toyota/Hilux-28-Gd-6-RB-Legend-Auto-Pick-Up-E-cab/F03D16025
2026-06-06 15:14:00,154 - INFO -    ✅ F03D16025 | page 6
2026-06-06 15:14:00,157 - INFO - [WBC] 🔎 Detail: https://www.webuycars.co.za/buy-a-car/Isuzu/D-MAX-19-DDI-HR-L-Auto-Single-Cab-Pick-Up/502703435
2026-06-06 15:14:03,092 - INFO -    ✅ 502703435 | page 6
2026-06-06 15:14:03,092 - INFO - [WBC] 🔎 Detail: https://www.webuycars.co.za/buy-a-car/Ford/Ranger-20d-BI-Turbo-XLT-HR-Auto-4x4-Super-CAB-Pick-Up/C85107201
2026-06-06 15:14:06,967 - INFO -    ✅ C85107201 | page 6
2026-06-06 15:14:06,968 - INFO - [WBC] 🔎 Detail: https://www.webuycars.co.za/buy-a-car/Toyota/Land-Cruiser-79-42d-Pick-Up-Single-Cab/986515353
2026-06-06 15:14:09,871 - INFO -    ✅ 986515353 | page 6
2026-06-06 15:14:12,013 - INFO - ✅ Saved 10 car(s) to Firestore.
2026-06-06 15:14:12,013 - INFO - [WBC] 🔎 Detail: https://www.webuycars.co.za/buy-a-car/Toyota/Hilux-28-Gd-6-RB-Legend-Auto-Pick-Up-E-cab/C8D211966
2026-06-06 15:14:16,460 - INFO -    ✅ C8D211966 | page 6
2026-06-06 15:14:16,461 - INFO - [WBC] 🔎 Detail: https://www.webuycars.co.za/buy-a-car/Ford/Ranger-20d-XLT-HR-Auto-Super-CAB-Pick-Up/9D5902150
2026-06-06 15:14:20,507 - INFO -    ✅ 9D5902150 | page 6
2026-06-06 15:14:20,507 - INFO - [WBC] 🔎 Detail: https://www.webuycars.co.za/buy-a-car/Toyota/Hilux-24-Gd-6-SR-4x4-Pick-Up-Single-Cab/259513300
2026-06-06 15:14:24,151 - INFO -    ✅ 259513300 | page 6
2026-06-06 15:14:24,151 - INFO - [WBC] 🔎 Detail: https://www.webuycars.co.za/buy-a-car/Ford/Ranger-20d-Bi-T-Wildtrak-HR-Auto-4x4-SUP-CAB-Pick-Up/B49410063
2026-06-06 15:14:27,106 - INFO -    ✅ B49410063 | page 6
2026-06-06 15:14:27,106 - INFO - [WBC] 🔎 Detail: https://www.webuycars.co.za/buy-a-car/Ford/Ranger-20d-XL-HR-Auto-Super-CAB-Pick-Up/DCBA08979
2026-06-06 15:14:30,009 - INFO -    ✅ DCBA08979 | page 6
2026-06-06 15:14:30,009 - INFO - [WBC] 🔎 Detail: https://www.webuycars.co.za/buy-a-car/Toyota/Hilux-28-Gd-6-RB-Legend-Auto-Pick-Up-E-cab/5BEA12344
2026-06-06 15:14:33,117 - INFO -    ✅ 5BEA12344 | page 6
2026-06-06 15:14:33,117 - INFO - [WBC] 🔎 Detail: https://www.webuycars.co.za/buy-a-car/Isuzu/D-MAX-19-DDI-HR-L-Auto-Single-Cab-Pick-Up/16C903429
2026-06-06 15:14:35,999 - INFO -    ✅ 16C903429 | page 6
2026-06-06 15:14:35,999 - INFO - [WBC] 🔎 Detail: https://www.webuycars.co.za/buy-a-car/Toyota/Hilux-24-Gd-6-RB-SRX-Pick-Up-E-cab/EA2001826
2026-06-06 15:14:38,664 - INFO -    ✅ EA2001826 | page 6
2026-06-06 15:14:38,664 - INFO - [WBC] 📄 Page 7: https://www.webuycars.co.za/buy-a-car?Year=[2019,2026]&BodyType=["Single%20Cab"]&InspectionCondition=["Certified"]&page=7
2026-06-06 15:15:02,678 - INFO - [WBC] 🔎 Detail: https://www.webuycars.co.za/buy-a-car/Toyota/Land-Cruiser-79-45d-Pick-Up-Single-Cab/E14104380
2026-06-06 15:15:05,546 - INFO -    ✅ E14104380 | page 7
2026-06-06 15:15:05,546 - INFO - [WBC] 🔎 Detail: https://www.webuycars.co.za/buy-a-car/Isuzu/D-MAX-19-DDI-HR-L-Auto-Single-Cab-Pick-Up/7F7003492
2026-06-06 15:15:08,776 - INFO -    ✅ 7F7003492 | page 7
2026-06-06 15:15:11,206 - INFO - ✅ Saved 10 car(s) to Firestore.
2026-06-06 15:15:11,282 - INFO - [WBC] 🔎 Detail: https://www.webuycars.co.za/buy-a-car/Toyota/Hilux-24-Gd-6-RB-SRX-Pick-Up-E-cab/989405433
2026-06-06 15:15:15,777 - INFO -    ✅ 989405433 | page 7
2026-06-06 15:15:15,815 - INFO - [WBC] 🔎 Detail: https://www.webuycars.co.za/buy-a-car/Ford/Ranger-20d-XL-HR-Auto-Super-CAB-Pick-Up/14F415189
2026-06-06 15:15:19,921 - INFO -    ✅ 14F415189 | page 7
2026-06-06 15:15:19,921 - INFO - [WBC] 🔎 Detail: https://www.webuycars.co.za/buy-a-car/Toyota/Hilux-24-Gd-6-RB-Raider-Pick-Up-E-cab/0E7B09551
2026-06-06 15:15:23,031 - INFO -    ✅ 0E7B09551 | page 7
2026-06-06 15:15:23,031 - INFO - [WBC] 🔎 Detail: https://www.webuycars.co.za/buy-a-car/Isuzu/D-MAX-19-DDI-HR-L-Auto-Single-Cab-Pick-Up/320303489
2026-06-06 15:15:26,400 - INFO -    ✅ 320303489 | page 7
2026-06-06 15:15:26,400 - INFO - [WBC] 🔎 Detail: https://www.webuycars.co.za/buy-a-car/Ford/Ranger-22tdci-XLS-Auto-Pick-Up-Sup-cab/B58011609
2026-06-06 15:15:29,997 - INFO -    ✅ B58011609 | page 7
2026-06-06 15:15:29,997 - INFO - [WBC] 🔎 Detail: https://www.webuycars.co.za/buy-a-car/Toyota/Hilux-24-Gd-6-RB-Raider-Auto-Pick-Up-Single-Cab/B7A409457
2026-06-06 15:15:32,890 - INFO -    ✅ B7A409457 | page 7
2026-06-06 15:15:32,890 - INFO - [WBC] 🔎 Detail: https://www.webuycars.co.za/buy-a-car/Toyota/Hilux-24-Gd-6-RB-SR-Pick-Up-Single-Cab/805200413
2026-06-06 15:15:36,100 - INFO -    ✅ 805200413 | page 7
2026-06-06 15:15:36,101 - INFO - [WBC] 🔎 Detail: https://www.webuycars.co.za/buy-a-car/Toyota/Hilux-24-Gd-6-RB-SRX-Auto-Pick-Up-E-cab/CA6005442
2026-06-06 15:15:39,635 - INFO -    ✅ CA6005442 | page 7
2026-06-06 15:15:39,635 - INFO - [WBC] 🔎 Detail: https://www.webuycars.co.za/buy-a-car/Toyota/Hilux-24-Gd-6-RB-Raider-Pick-Up-E-cab/893703590
2026-06-06 15:15:42,973 - INFO -    ✅ 893703590 | page 7
2026-06-06 15:15:42,974 - INFO - [WBC] 🔎 Detail: https://www.webuycars.co.za/buy-a-car/Toyota/Hilux-28-Gd-6-RB-Legend-Pick-Up-E-cab/E55F16190
2026-06-06 15:15:45,987 - INFO -    ✅ E55F16190 | page 7
2026-06-06 15:15:46,984 - INFO - ✅ Saved 10 car(s) to Firestore.
2026-06-06 15:15:46,985 - INFO - [WBC] 🔎 Detail: https://www.webuycars.co.za/buy-a-car/Toyota/Hilux-24-Gd-6-RB-SR-Pick-Up-Single-Cab/30C007142
2026-06-06 15:15:49,921 - INFO -    ✅ 30C007142 | page 7
2026-06-06 15:15:49,922 - INFO - [WBC] 🔎 Detail: https://www.webuycars.co.za/buy-a-car/Toyota/Hilux-24-Gd-6-RB-Raider-Pick-Up-E-cab/540310945
2026-06-06 15:15:53,857 - INFO -    ✅ 540310945 | page 7
2026-06-06 15:15:53,857 - INFO - [WBC] 🔎 Detail: https://www.webuycars.co.za/buy-a-car/Toyota/Hilux-24-Gd-6-RB-Raider-Pick-Up-E-cab/B7CA00034
2026-06-06 15:15:57,200 - INFO -    ✅ B7CA00034 | page 7
2026-06-06 15:15:57,200 - INFO - [WBC] 🔎 Detail: https://www.webuycars.co.za/buy-a-car/Ford/Ranger-22tdci-XLS-Auto-Pick-Up-Sup-cab/AF8302468
2026-06-06 15:16:00,557 - INFO -    ✅ AF8302468 | page 7
2026-06-06 15:16:00,558 - INFO - [WBC] 🔎 Detail: https://www.webuycars.co.za/buy-a-car/Toyota/Hilux-28-Gd-6-RB-Raider-Auto-Pick-Up-Single-Cab/805002140
2026-06-06 15:16:03,487 - INFO -    ✅ 805002140 | page 7
2026-06-06 15:16:03,488 - INFO - [WBC] 🔎 Detail: https://www.webuycars.co.za/buy-a-car/Toyota/Hilux-24-Gd-6-RB-Raider-Pick-Up-E-cab/691D04805
2026-06-06 15:16:09,255 - INFO -    ✅ 691D04805 | page 7
2026-06-06 15:16:09,256 - INFO - [WBC] 🔎 Detail: https://www.webuycars.co.za/buy-a-car/Toyota/Land-Cruiser-79-45d-Pick-Up-Single-Cab/01BA02080
2026-06-06 15:16:13,263 - INFO -    ✅ 01BA02080 | page 7
2026-06-06 15:16:13,264 - INFO - [WBC] 🔎 Detail: https://www.webuycars.co.za/buy-a-car/Ford/Ranger-20d-XL-HR-Auto-Single-Cab-Pick-Up/C26D01804
2026-06-06 15:16:16,443 - INFO -    ✅ C26D01804 | page 7
2026-06-06 15:16:16,443 - INFO - [WBC] 🔎 Detail: https://www.webuycars.co.za/buy-a-car/Isuzu/D-MAX-19-DDI-HR-L-4x4-Single-Cab-Pick-Up/21B002783
2026-06-06 15:16:19,257 - INFO -    ✅ 21B002783 | page 7
2026-06-06 15:16:19,257 - INFO - [WBC] 🔎 Detail: https://www.webuycars.co.za/buy-a-car/Toyota/Land-Cruiser-79-45d-Pick-Up-Single-Cab/396C04686
2026-06-06 15:16:22,929 - INFO -    ✅ 396C04686 | page 7
2026-06-06 15:16:25,050 - INFO - ✅ Saved 10 car(s) to Firestore.
2026-06-06 15:16:25,051 - INFO - [WBC] 🔎 Detail: https://www.webuycars.co.za/buy-a-car/Ford/Ranger-22tdci-XLS-4x4-Auto-Pick-Up-Sup-cab/454605464
2026-06-06 15:16:27,967 - INFO -    ✅ 454605464 | page 7
2026-06-06 15:16:27,967 - INFO - [WBC] 📄 Page 8: https://www.webuycars.co.za/buy-a-car?Year=[2019,2026]&BodyType=["Single%20Cab"]&InspectionCondition=["Certified"]&page=8
2026-06-06 15:16:43,239 - INFO - [WBC] 🔎 Detail: https://www.webuycars.co.za/buy-a-car/Isuzu/D-MAX-19-DDI-HR-LS-E-CAB/1E2808875
2026-06-06 15:16:46,474 - INFO -    ✅ 1E2808875 | page 8
2026-06-06 15:16:46,475 - INFO - [WBC] 🔎 Detail: https://www.webuycars.co.za/buy-a-car/Toyota/Hilux-24-Gd-6-RB-Raider-Auto-Pick-Up-E-cab/173A09412
2026-06-06 15:16:49,333 - INFO -    ✅ 173A09412 | page 8
2026-06-06 15:16:49,334 - INFO - [WBC] 🔎 Detail: https://www.webuycars.co.za/buy-a-car/Isuzu/D-MAX-19-DDI-HR-LS-E-CAB/F81A15543
2026-06-06 15:16:52,246 - INFO -    ✅ F81A15543 | page 8
2026-06-06 15:16:52,246 - INFO - [WBC] 🔎 Detail: https://www.webuycars.co.za/buy-a-car/Ford/Ranger-20d-Bi-T-Wildtrak-HR-Auto-4x4-SUP-CAB-Pick-Up/721907311
2026-06-06 15:16:55,095 - INFO -    ✅ 721907311 | page 8
2026-06-06 15:16:55,095 - INFO - [WBC] 🔎 Detail: https://www.webuycars.co.za/buy-a-car/Toyota/Hilux-28-Gd-6-RB-Legend-Pick-Up-E-cab/2E0409766
2026-06-06 15:16:58,218 - INFO -    ✅ 2E0409766 | page 8
2026-06-06 15:16:58,219 - INFO - [WBC] 🔎 Detail: https://www.webuycars.co.za/buy-a-car/Toyota/Hilux-28-Gd-6-RB-Legend-Pick-Up-E-cab/BAC514301
2026-06-06 15:17:01,649 - INFO -    ✅ BAC514301 | page 8
2026-06-06 15:17:01,649 - INFO - [WBC] 🔎 Detail: https://www.webuycars.co.za/buy-a-car/Isuzu/D-MAX-19-DDI-HR-LS-Auto-E-CAB/804203838
2026-06-06 15:17:04,569 - INFO -    ✅ 804203838 | page 8
2026-06-06 15:17:04,570 - INFO - [WBC] 🔎 Detail: https://www.webuycars.co.za/buy-a-car/Toyota/Hilux-24-Gd-6-RB-SRX-Pick-Up-E-cab/2C6F03842
2026-06-06 15:17:07,350 - INFO -    ✅ 2C6F03842 | page 8
2026-06-06 15:17:07,351 - INFO - [WBC] 📄 Page 9: https://www.webuycars.co.za/buy-a-car?Year=[2019,2026]&BodyType=["Single%20Cab"]&InspectionCondition=["Certified"]&page=9
2026-06-06 15:17:30,907 - INFO - [WBC] 🔎 Detail: https://www.webuycars.co.za/buy-a-car/Suzuki/Swift-12-GL/176901726
2026-06-06 15:17:33,830 - INFO -    ✅ 176901726 | page 9
2026-06-06 15:17:34,819 - INFO - ✅ Saved 10 car(s) to Firestore.
2026-06-06 15:17:34,820 - INFO - [WBC] 🔎 Detail: https://www.webuycars.co.za/buy-a-car/Ford/Mustang-50-GT-Auto/3D1D09239
2026-06-06 15:17:38,671 - INFO -    ✅ 3D1D09239 | page 9
2026-06-06 15:17:38,671 - INFO - [WBC] 🔎 Detail: https://www.webuycars.co.za/buy-a-car/Suzuki/S-Presso-10-GL/444115760
2026-06-06 15:17:41,907 - INFO -    ✅ 444115760 | page 9
2026-06-06 15:17:41,907 - INFO - [WBC] 🔎 Detail: https://www.webuycars.co.za/buy-a-car/Nissan/Magnite-10-Visia-AMT/4A2610000
2026-06-06 15:17:45,036 - INFO -    ✅ 4A2610000 | page 9
2026-06-06 15:17:45,036 - INFO - [WBC] 🔎 Detail: https://www.webuycars.co.za/buy-a-car/Citroen/C3-Aircross-12T-Puretech-Shine-Auto/526212092
2026-06-06 15:17:47,905 - INFO -    ✅ 526212092 | page 9
2026-06-06 15:17:47,906 - INFO - [WBC] 🔎 Detail: https://www.webuycars.co.za/buy-a-car/Mahindra/KUV-100-12-K2-dare/638C06490
2026-06-06 15:17:50,611 - INFO -    ✅ 638C06490 | page 9
2026-06-06 15:17:50,611 - INFO - [WBC] 🔎 Detail: https://www.webuycars.co.za/buy-a-car/Hyundai/Exter-12-Executive/64A800042
2026-06-06 15:17:53,600 - INFO -    ✅ 64A800042 | page 9
2026-06-06 15:17:53,601 - INFO - [WBC] 🔎 Detail: https://www.webuycars.co.za/buy-a-car/Hyundai/Creta-15-Premium-IVT/6F1D00354
2026-06-06 15:17:56,638 - INFO -    ✅ 6F1D00354 | page 9
2026-06-06 15:17:56,639 - INFO - [WBC] 🔎 Detail: https://www.webuycars.co.za/buy-a-car/Citroen/C3-Aircross-12T-Puretech-Shine-Auto/78DD08891
2026-06-06 15:17:59,714 - INFO -    ✅ 78DD08891 | page 9
2026-06-06 15:17:59,714 - INFO - [WBC] 🔎 Detail: https://www.webuycars.co.za/buy-a-car/Citroen/C3-Aircross-12T-Puretech-Shine-Auto/84B412120
2026-06-06 15:18:02,645 - INFO -    ✅ 84B412120 | page 9
2026-06-06 15:18:02,645 - INFO - [WBC] 🔎 Detail: https://www.webuycars.co.za/buy-a-car/GWM/P-Series-P300-24td-LS-Auto-Double-Cab-Pick-Up/85B715525
2026-06-06 15:18:05,606 - INFO -    ✅ 85B715525 | page 9
2026-06-06 15:18:06,663 - INFO - ✅ Saved 10 car(s) to Firestore.
2026-06-06 15:18:06,663 - INFO - [WBC] 🔎 Detail: https://www.webuycars.co.za/buy-a-car/Renault/Sandero-900t-Stepway/929601364
2026-06-06 15:18:09,465 - INFO -    ✅ 929601364 | page 9
2026-06-06 15:18:09,465 - INFO - [WBC] 🔎 Detail: https://www.webuycars.co.za/buy-a-car/Haval/Jolion-15T-City/A51A15548
2026-06-06 15:18:13,134 - INFO -    ✅ A51A15548 | page 9
2026-06-06 15:18:13,134 - INFO - [WBC] 🔎 Detail: https://www.webuycars.co.za/buy-a-car/Citroen/C3-12-Puretech-Feel-60-KW/AF6C06106
2026-06-06 15:18:15,981 - INFO -    ✅ AF6C06106 | page 9
2026-06-06 15:18:15,981 - INFO - [WBC] 🔎 Detail: https://www.webuycars.co.za/buy-a-car/Suzuki/Celerio-10-GL/B9DA11263
2026-06-06 15:18:19,148 - INFO -    ✅ B9DA11263 | page 9
2026-06-06 15:18:19,149 - INFO - [WBC] 🔎 Detail: https://www.webuycars.co.za/buy-a-car/Fiat/500-12-Style-Auto/C11516864
2026-06-06 15:18:22,286 - INFO -    ✅ C11516864 | page 9
2026-06-06 15:18:22,286 - INFO - [WBC] 🔎 Detail: https://www.webuycars.co.za/buy-a-car/Citroen/C3-Aircross-12T-Puretech-Shine-Auto/D1C712210
2026-06-06 15:18:25,260 - INFO -    ✅ D1C712210 | page 9
2026-06-06 15:18:25,260 - INFO - [WBC] 🔎 Detail: https://www.webuycars.co.za/buy-a-car/Renault/Sandero-900t-Stepway-Expression/D6C216379
2026-06-06 15:18:28,273 - INFO -    ✅ D6C216379 | page 9
2026-06-06 15:18:28,273 - INFO - [WBC] 🔎 Detail: https://www.webuycars.co.za/buy-a-car/Hyundai/Atos-Atoz-11-Motion/E2B515689
2026-06-06 15:18:31,180 - INFO -    ✅ E2B515689 | page 9
2026-06-06 15:18:31,180 - INFO - [WBC] 🔎 Detail: https://www.webuycars.co.za/buy-a-car/Suzuki/Swift-14T-Sport-Auto/E91C07799
2026-06-06 15:18:34,020 - INFO -    ✅ E91C07799 | page 9
2026-06-06 15:18:34,021 - INFO - [WBC] 🔎 Detail: https://www.webuycars.co.za/buy-a-car/Volkswagen/Polo-Vivo-16-Trendline/ECD608041
2026-06-06 15:18:36,663 - INFO -    ✅ ECD608041 | page 9
2026-06-06 15:18:37,664 - INFO - ✅ Saved 10 car(s) to Firestore.
2026-06-06 15:18:37,665 - INFO - [WBC] 🔎 Detail: https://www.webuycars.co.za/buy-a-car/Renault/Kwid-10-Dynamique-5-Door/FA5710529
2026-06-06 15:18:40,641 - INFO -    ✅ FA5710529 | page 9
2026-06-06 15:18:40,641 - INFO - [WBC] 🔎 Detail: https://www.webuycars.co.za/buy-a-car/KIA/Sportage-16-CRDi-EX-Auto/09C502745
2026-06-06 15:18:43,566 - INFO -    ✅ 09C502745 | page 9
2026-06-06 15:18:43,566 - INFO - [WBC] 🔎 Detail: https://www.webuycars.co.za/buy-a-car/Toyota/Corolla-Quest-16/1FCC16019
2026-06-06 15:18:47,123 - INFO -    ✅ 1FCC16019 | page 9
2026-06-06 15:18:47,123 - INFO - [WBC] 📄 Page 10: https://www.webuycars.co.za/buy-a-car?Year=[2019,2026]&BodyType=["Single%20Cab"]&InspectionCondition=["Certified"]&page=10
2026-06-06 15:19:02,561 - INFO - [WBC] 🔎 Detail: https://www.webuycars.co.za/buy-a-car/Citroen/C3-Aircross-12T-Puretech-Shine-Auto/D1C712210
2026-06-06 15:19:05,360 - INFO -    ✅ D1C712210 | page 10
2026-06-06 15:19:05,360 - INFO - [WBC] 🔎 Detail: https://www.webuycars.co.za/buy-a-car/Renault/Sandero-900t-Stepway-Expression/D6C216379
2026-06-06 15:19:08,111 - INFO -    ✅ D6C216379 | page 10
2026-06-06 15:19:08,111 - INFO - [WBC] 🔎 Detail: https://www.webuycars.co.za/buy-a-car/Hyundai/Atos-Atoz-11-Motion/E2B515689
2026-06-06 15:19:10,893 - INFO -    ✅ E2B515689 | page 10
2026-06-06 15:19:10,893 - INFO - [WBC] 🔎 Detail: https://www.webuycars.co.za/buy-a-car/Suzuki/Swift-14T-Sport-Auto/E91C07799
2026-06-06 15:19:13,683 - INFO -    ✅ E91C07799 | page 10
2026-06-06 15:19:13,683 - INFO - [WBC] 🔎 Detail: https://www.webuycars.co.za/buy-a-car/Volkswagen/Polo-Vivo-16-Trendline/ECD608041
2026-06-06 15:19:16,697 - INFO -    ✅ ECD608041 | page 10
2026-06-06 15:19:16,697 - INFO - [WBC] 🔎 Detail: https://www.webuycars.co.za/buy-a-car/Renault/Kwid-10-Dynamique-5-Door/FA5710529
2026-06-06 15:19:19,883 - INFO -    ✅ FA5710529 | page 10
2026-06-06 15:19:19,883 - INFO - [WBC] 🔎 Detail: https://www.webuycars.co.za/buy-a-car/KIA/Sportage-16-CRDi-EX-Auto/09C502745
2026-06-06 15:19:22,718 - INFO -    ✅ 09C502745 | page 10
2026-06-06 15:19:23,645 - INFO - ✅ Saved 10 car(s) to Firestore.
2026-06-06 15:19:23,646 - INFO - [WBC] 🔎 Detail: https://www.webuycars.co.za/buy-a-car/Toyota/Corolla-Quest-16/1FCC16019
2026-06-06 15:19:26,322 - INFO -    ✅ 1FCC16019 | page 10
2026-06-06 15:19:26,322 - INFO - [WBC] 📄 Page 11: https://www.webuycars.co.za/buy-a-car?Year=[2019,2026]&BodyType=["Single%20Cab"]&InspectionCondition=["Certified"]&page=11
2026-06-06 15:19:41,431 - INFO - [WBC] 🔎 Detail: https://www.webuycars.co.za/buy-a-car/Citroen/C3-Aircross-12T-Puretech-Shine-Auto/D1C712210
2026-06-06 15:19:44,060 - INFO -    ✅ D1C712210 | page 11
2026-06-06 15:19:44,060 - INFO - [WBC] 🔎 Detail: https://www.webuycars.co.za/buy-a-car/Renault/Sandero-900t-Stepway-Expression/D6C216379
2026-06-06 15:19:46,965 - INFO -    ✅ D6C216379 | page 11
2026-06-06 15:19:46,966 - INFO - [WBC] 🔎 Detail: https://www.webuycars.co.za/buy-a-car/Hyundai/Atos-Atoz-11-Motion/E2B515689
2026-06-06 15:19:50,189 - INFO -    ✅ E2B515689 | page 11
2026-06-06 15:19:50,189 - INFO - [WBC] 🔎 Detail: https://www.webuycars.co.za/buy-a-car/Suzuki/Swift-14T-Sport-Auto/E91C07799
2026-06-06 15:19:53,408 - INFO -    ✅ E91C07799 | page 11
2026-06-06 15:19:53,408 - INFO - [WBC] 🔎 Detail: https://www.webuycars.co.za/buy-a-car/Volkswagen/Polo-Vivo-16-Trendline/ECD608041
2026-06-06 15:19:56,411 - INFO -    ✅ ECD608041 | page 11
2026-06-06 15:19:56,412 - INFO - [WBC] 🔎 Detail: https://www.webuycars.co.za/buy-a-car/Renault/Kwid-10-Dynamique-5-Door/FA5710529
2026-06-06 15:19:59,234 - INFO -    ✅ FA5710529 | page 11
2026-06-06 15:19:59,234 - INFO - [WBC] 🔎 Detail: https://www.webuycars.co.za/buy-a-car/KIA/Sportage-16-CRDi-EX-Auto/09C502745
2026-06-06 15:20:02,038 - INFO -    ✅ 09C502745 | page 11
2026-06-06 15:20:02,039 - INFO - [WBC] 🔎 Detail: https://www.webuycars.co.za/buy-a-car/Toyota/Corolla-Quest-16/1FCC16019
2026-06-06 15:20:04,869 - INFO -    ✅ 1FCC16019 | page 11
2026-06-06 15:20:04,869 - INFO - [WBC] 📄 Page 12: https://www.webuycars.co.za/buy-a-car?Year=[2019,2026]&BodyType=["Single%20Cab"]&InspectionCondition=["Certified"]&page=12
2026-06-06 15:20:19,982 - INFO - [WBC] 🔎 Detail: https://www.webuycars.co.za/buy-a-car/Citroen/C3-Aircross-12T-Puretech-Shine-Auto/D1C712210
2026-06-06 15:20:22,856 - INFO -    ✅ D1C712210 | page 12
2026-06-06 15:20:23,676 - INFO - ✅ Saved 10 car(s) to Firestore.
2026-06-06 15:20:23,676 - INFO - [WBC] 🔎 Detail: https://www.webuycars.co.za/buy-a-car/Renault/Sandero-900t-Stepway-Expression/D6C216379
2026-06-06 15:20:33,583 - INFO -    ✅ D6C216379 | page 12
2026-06-06 15:20:33,584 - INFO - [WBC] 🔎 Detail: https://www.webuycars.co.za/buy-a-car/Hyundai/Atos-Atoz-11-Motion/E2B515689
2026-06-06 15:20:36,339 - INFO -    ✅ E2B515689 | page 12
2026-06-06 15:20:36,339 - INFO - [WBC] 🔎 Detail: https://www.webuycars.co.za/buy-a-car/Suzuki/Swift-14T-Sport-Auto/E91C07799
2026-06-06 15:20:39,086 - INFO -    ✅ E91C07799 | page 12
2026-06-06 15:20:39,086 - INFO - [WBC] 🔎 Detail: https://www.webuycars.co.za/buy-a-car/Volkswagen/Polo-Vivo-16-Trendline/ECD608041
2026-06-06 15:20:41,992 - INFO -    ✅ ECD608041 | page 12
2026-06-06 15:20:41,993 - INFO - [WBC] 🔎 Detail: https://www.webuycars.co.za/buy-a-car/Renault/Kwid-10-Dynamique-5-Door/FA5710529
2026-06-06 15:20:44,988 - INFO -    ✅ FA5710529 | page 12
2026-06-06 15:20:44,988 - INFO - [WBC] 🔎 Detail: https://www.webuycars.co.za/buy-a-car/KIA/Sportage-16-CRDi-EX-Auto/09C502745
2026-06-06 15:20:48,152 - INFO -    ✅ 09C502745 | page 12
2026-06-06 15:20:48,153 - INFO - [WBC] 🔎 Detail: https://www.webuycars.co.za/buy-a-car/Toyota/Corolla-Quest-16/1FCC16019
2026-06-06 15:20:51,009 - INFO -    ✅ 1FCC16019 | page 12
2026-06-06 15:20:51,010 - INFO - [WBC] 📄 Page 13: https://www.webuycars.co.za/buy-a-car?Year=[2019,2026]&BodyType=["Single%20Cab"]&InspectionCondition=["Certified"]&page=13
2026-06-06 15:21:06,061 - INFO - [WBC] 🔎 Detail: https://www.webuycars.co.za/buy-a-car/Citroen/C3-Aircross-12T-Puretech-Shine-Auto/D1C712210
2026-06-06 15:21:09,190 - INFO -    ✅ D1C712210 | page 13
2026-06-06 15:21:09,191 - INFO - [WBC] 🔎 Detail: https://www.webuycars.co.za/buy-a-car/Renault/Sandero-900t-Stepway-Expression/D6C216379
2026-06-06 15:21:12,052 - INFO -    ✅ D6C216379 | page 13
2026-06-06 15:21:12,052 - INFO - [WBC] 🔎 Detail: https://www.webuycars.co.za/buy-a-car/Hyundai/Atos-Atoz-11-Motion/E2B515689
2026-06-06 15:21:14,891 - INFO -    ✅ E2B515689 | page 13
2026-06-06 15:21:15,873 - INFO - ✅ Saved 10 car(s) to Firestore.
2026-06-06 15:21:15,874 - INFO - [WBC] 🔎 Detail: https://www.webuycars.co.za/buy-a-car/Suzuki/Swift-14T-Sport-Auto/E91C07799
2026-06-06 15:21:18,847 - INFO -    ✅ E91C07799 | page 13
2026-06-06 15:21:18,848 - INFO - [WBC] 🔎 Detail: https://www.webuycars.co.za/buy-a-car/Volkswagen/Polo-Vivo-16-Trendline/ECD608041
2026-06-06 15:21:21,638 - INFO -    ✅ ECD608041 | page 13
2026-06-06 15:21:21,638 - INFO - [WBC] 🔎 Detail: https://www.webuycars.co.za/buy-a-car/Renault/Kwid-10-Dynamique-5-Door/FA5710529
2026-06-06 15:21:24,560 - INFO -    ✅ FA5710529 | page 13
2026-06-06 15:21:24,560 - INFO - [WBC] 🔎 Detail: https://www.webuycars.co.za/buy-a-car/KIA/Sportage-16-CRDi-EX-Auto/09C502745
2026-06-06 15:21:27,423 - INFO -    ✅ 09C502745 | page 13
2026-06-06 15:21:27,423 - INFO - [WBC] 🔎 Detail: https://www.webuycars.co.za/buy-a-car/Toyota/Corolla-Quest-16/1FCC16019
2026-06-06 15:21:30,185 - INFO -    ✅ 1FCC16019 | page 13
2026-06-06 15:21:30,185 - INFO - [WBC] 📄 Page 14: https://www.webuycars.co.za/buy-a-car?Year=[2019,2026]&BodyType=["Single%20Cab"]&InspectionCondition=["Certified"]&page=14
2026-06-06 15:21:45,296 - INFO - [WBC] 🔎 Detail: https://www.webuycars.co.za/buy-a-car/Citroen/C3-Aircross-12T-Puretech-Shine-Auto/D1C712210
2026-06-06 15:21:48,446 - INFO -    ✅ D1C712210 | page 14
2026-06-06 15:21:48,446 - INFO - [WBC] 🔎 Detail: https://www.webuycars.co.za/buy-a-car/Renault/Sandero-900t-Stepway-Expression/D6C216379
2026-06-06 15:21:51,287 - INFO -    ✅ D6C216379 | page 14
2026-06-06 15:21:51,287 - INFO - [WBC] 🔎 Detail: https://www.webuycars.co.za/buy-a-car/Hyundai/Atos-Atoz-11-Motion/E2B515689
2026-06-06 15:21:54,063 - INFO -    ✅ E2B515689 | page 14
2026-06-06 15:21:54,063 - INFO - [WBC] 🔎 Detail: https://www.webuycars.co.za/buy-a-car/Suzuki/Swift-14T-Sport-Auto/E91C07799
2026-06-06 15:21:56,822 - INFO -    ✅ E91C07799 | page 14
2026-06-06 15:21:56,823 - INFO - [WBC] 🔎 Detail: https://www.webuycars.co.za/buy-a-car/Volkswagen/Polo-Vivo-16-Trendline/ECD608041
2026-06-06 15:21:59,852 - INFO -    ✅ ECD608041 | page 14
2026-06-06 15:22:00,840 - INFO - ✅ Saved 10 car(s) to Firestore.
2026-06-06 15:22:00,840 - INFO - [WBC] 🔎 Detail: https://www.webuycars.co.za/buy-a-car/Renault/Kwid-10-Dynamique-5-Door/FA5710529
2026-06-06 15:22:03,722 - INFO -    ✅ FA5710529 | page 14
2026-06-06 15:22:03,722 - INFO - [WBC] 🔎 Detail: https://www.webuycars.co.za/buy-a-car/KIA/Sportage-16-CRDi-EX-Auto/09C502745
2026-06-06 15:22:06,890 - INFO -    ✅ 09C502745 | page 14
2026-06-06 15:22:06,891 - INFO - [WBC] 🔎 Detail: https://www.webuycars.co.za/buy-a-car/Toyota/Corolla-Quest-16/1FCC16019
2026-06-06 15:22:09,814 - INFO -    ✅ 1FCC16019 | page 14
2026-06-06 15:22:09,814 - INFO - [WBC] 📄 Page 15: https://www.webuycars.co.za/buy-a-car?Year=[2019,2026]&BodyType=["Single%20Cab"]&InspectionCondition=["Certified"]&page=15
2026-06-06 15:22:26,733 - INFO - [WBC] 🔎 Detail: https://www.webuycars.co.za/buy-a-car/Citroen/C3-Aircross-12T-Puretech-Shine-Auto/D1C712210
2026-06-06 15:22:29,693 - INFO -    ✅ D1C712210 | page 15
2026-06-06 15:22:29,694 - INFO - [WBC] 🔎 Detail: https://www.webuycars.co.za/buy-a-car/Renault/Sandero-900t-Stepway-Expression/D6C216379
2026-06-06 15:22:32,539 - INFO -    ✅ D6C216379 | page 15
2026-06-06 15:22:32,539 - INFO - [WBC] 🔎 Detail: https://www.webuycars.co.za/buy-a-car/Hyundai/Atos-Atoz-11-Motion/E2B515689
2026-06-06 15:22:35,504 - INFO -    ✅ E2B515689 | page 15
2026-06-06 15:22:35,504 - INFO - [WBC] 🔎 Detail: https://www.webuycars.co.za/buy-a-car/Suzuki/Swift-14T-Sport-Auto/E91C07799
2026-06-06 15:22:38,195 - INFO -    ✅ E91C07799 | page 15
2026-06-06 15:22:38,195 - INFO - [WBC] 🔎 Detail: https://www.webuycars.co.za/buy-a-car/Volkswagen/Polo-Vivo-16-Trendline/ECD608041
2026-06-06 15:22:41,175 - INFO -    ✅ ECD608041 | page 15
2026-06-06 15:22:41,175 - INFO - [WBC] 🔎 Detail: https://www.webuycars.co.za/buy-a-car/Renault/Kwid-10-Dynamique-5-Door/FA5710529
2026-06-06 15:22:44,367 - INFO -    ✅ FA5710529 | page 15
2026-06-06 15:22:44,367 - INFO - [WBC] 🔎 Detail: https://www.webuycars.co.za/buy-a-car/KIA/Sportage-16-CRDi-EX-Auto/09C502745
2026-06-06 15:22:47,190 - INFO -    ✅ 09C502745 | page 15
2026-06-06 15:22:49,313 - INFO - ✅ Saved 10 car(s) to Firestore.
2026-06-06 15:22:49,313 - INFO - [WBC] 🔎 Detail: https://www.webuycars.co.za/buy-a-car/Toyota/Corolla-Quest-16/1FCC16019
2026-06-06 15:22:52,113 - INFO -    ✅ 1FCC16019 | page 15
2026-06-06 15:22:52,114 - INFO - [WBC] 📄 Page 16: https://www.webuycars.co.za/buy-a-car?Year=[2019,2026]&BodyType=["Single%20Cab"]&InspectionCondition=["Certified"]&page=16
2026-06-06 15:23:07,243 - INFO - [WBC] 🔎 Detail: https://www.webuycars.co.za/buy-a-car/Citroen/C3-Aircross-12T-Puretech-Shine-Auto/D1C712210
2026-06-06 15:23:10,402 - INFO -    ✅ D1C712210 | page 16
2026-06-06 15:23:10,402 - INFO - [WBC] 🔎 Detail: https://www.webuycars.co.za/buy-a-car/Renault/Sandero-900t-Stepway-Expression/D6C216379
2026-06-06 15:23:13,214 - INFO -    ✅ D6C216379 | page 16
2026-06-06 15:23:13,214 - INFO - [WBC] 🔎 Detail: https://www.webuycars.co.za/buy-a-car/Hyundai/Atos-Atoz-11-Motion/E2B515689
2026-06-06 15:23:15,865 - INFO -    ✅ E2B515689 | page 16
2026-06-06 15:23:15,865 - INFO - [WBC] 🔎 Detail: https://www.webuycars.co.za/buy-a-car/Suzuki/Swift-14T-Sport-Auto/E91C07799
2026-06-06 15:23:18,603 - INFO -    ✅ E91C07799 | page 16
2026-06-06 15:23:18,603 - INFO - [WBC] 🔎 Detail: https://www.webuycars.co.za/buy-a-car/Volkswagen/Polo-Vivo-16-Trendline/ECD608041
2026-06-06 15:23:21,575 - INFO -    ✅ ECD608041 | page 16
2026-06-06 15:23:21,575 - INFO - [WBC] 🔎 Detail: https://www.webuycars.co.za/buy-a-car/Renault/Kwid-10-Dynamique-5-Door/FA5710529
2026-06-06 15:23:31,164 - INFO -    ✅ FA5710529 | page 16
2026-06-06 15:23:31,164 - INFO - [WBC] 🔎 Detail: https://www.webuycars.co.za/buy-a-car/KIA/Sportage-16-CRDi-EX-Auto/09C502745
2026-06-06 15:23:34,165 - INFO -    ✅ 09C502745 | page 16
2026-06-06 15:23:34,165 - INFO - [WBC] 🔎 Detail: https://www.webuycars.co.za/buy-a-car/Toyota/Corolla-Quest-16/1FCC16019
2026-06-06 15:23:36,950 - INFO -    ✅ 1FCC16019 | page 16
2026-06-06 15:23:36,951 - INFO - [WBC] 📄 Page 17: https://www.webuycars.co.za/buy-a-car?Year=[2019,2026]&BodyType=["Single%20Cab"]&InspectionCondition=["Certified"]&page=17
2026-06-06 15:23:52,321 - INFO - [WBC] 🔎 Detail: https://www.webuycars.co.za/buy-a-car/Citroen/C3-Aircross-12T-Puretech-Shine-Auto/D1C712210
2026-06-06 15:23:55,416 - INFO -    ✅ D1C712210 | page 17
2026-06-06 15:23:58,581 - INFO - ✅ Saved 10 car(s) to Firestore.
2026-06-06 15:23:58,582 - INFO - [WBC] 🔎 Detail: https://www.webuycars.co.za/buy-a-car/Renault/Sandero-900t-Stepway-Expression/D6C216379
2026-06-06 15:24:01,406 - INFO -    ✅ D6C216379 | page 17
2026-06-06 15:24:01,406 - INFO - [WBC] 🔎 Detail: https://www.webuycars.co.za/buy-a-car/Hyundai/Atos-Atoz-11-Motion/E2B515689
2026-06-06 15:24:04,400 - INFO -    ✅ E2B515689 | page 17
2026-06-06 15:24:04,401 - INFO - [WBC] 🔎 Detail: https://www.webuycars.co.za/buy-a-car/Suzuki/Swift-14T-Sport-Auto/E91C07799
2026-06-06 15:24:07,173 - INFO -    ✅ E91C07799 | page 17
2026-06-06 15:24:07,174 - INFO - [WBC] 🔎 Detail: https://www.webuycars.co.za/buy-a-car/Volkswagen/Polo-Vivo-16-Trendline/ECD608041
2026-06-06 15:24:09,984 - INFO -    ✅ ECD608041 | page 17
2026-06-06 15:24:09,985 - INFO - [WBC] 🔎 Detail: https://www.webuycars.co.za/buy-a-car/Renault/Kwid-10-Dynamique-5-Door/FA5710529
2026-06-06 15:24:12,746 - INFO -    ✅ FA5710529 | page 17
2026-06-06 15:24:12,746 - INFO - [WBC] 🔎 Detail: https://www.webuycars.co.za/buy-a-car/KIA/Sportage-16-CRDi-EX-Auto/09C502745
2026-06-06 15:24:15,556 - INFO -    ✅ 09C502745 | page 17
2026-06-06 15:24:15,557 - INFO - [WBC] 🔎 Detail: https://www.webuycars.co.za/buy-a-car/Toyota/Corolla-Quest-16/1FCC16019
2026-06-06 15:24:18,414 - INFO -    ✅ 1FCC16019 | page 17
2026-06-06 15:24:18,414 - INFO - [WBC] 📄 Page 18: https://www.webuycars.co.za/buy-a-car?Year=[2019,2026]&BodyType=["Single%20Cab"]&InspectionCondition=["Certified"]&page=18
2026-06-06 15:24:33,341 - INFO - [WBC] 🔎 Detail: https://www.webuycars.co.za/buy-a-car/Citroen/C3-Aircross-12T-Puretech-Shine-Auto/D1C712210
2026-06-06 15:24:36,563 - INFO -    ✅ D1C712210 | page 18
2026-06-06 15:24:36,563 - INFO - [WBC] 🔎 Detail: https://www.webuycars.co.za/buy-a-car/Renault/Sandero-900t-Stepway-Expression/D6C216379
2026-06-06 15:24:39,217 - INFO -    ✅ D6C216379 | page 18
2026-06-06 15:24:39,218 - INFO - [WBC] 🔎 Detail: https://www.webuycars.co.za/buy-a-car/Hyundai/Atos-Atoz-11-Motion/E2B515689
2026-06-06 15:24:42,014 - INFO -    ✅ E2B515689 | page 18
2026-06-06 15:24:44,263 - INFO - ✅ Saved 10 car(s) to Firestore.
2026-06-06 15:24:44,263 - INFO - [WBC] 🔎 Detail: https://www.webuycars.co.za/buy-a-car/Suzuki/Swift-14T-Sport-Auto/E91C07799
2026-06-06 15:24:47,216 - INFO -    ✅ E91C07799 | page 18
2026-06-06 15:24:47,217 - INFO - [WBC] 🔎 Detail: https://www.webuycars.co.za/buy-a-car/Volkswagen/Polo-Vivo-16-Trendline/ECD608041
2026-06-06 15:24:49,994 - INFO -    ✅ ECD608041 | page 18
2026-06-06 15:24:49,994 - INFO - [WBC] 🔎 Detail: https://www.webuycars.co.za/buy-a-car/Renault/Kwid-10-Dynamique-5-Door/FA5710529
2026-06-06 15:24:52,756 - INFO -    ✅ FA5710529 | page 18
2026-06-06 15:24:52,757 - INFO - [WBC] 🔎 Detail: https://www.webuycars.co.za/buy-a-car/KIA/Sportage-16-CRDi-EX-Auto/09C502745
2026-06-06 15:24:55,719 - INFO -    ✅ 09C502745 | page 18
2026-06-06 15:24:55,720 - INFO - [WBC] 🔎 Detail: https://www.webuycars.co.za/buy-a-car/Toyota/Corolla-Quest-16/1FCC16019
2026-06-06 15:24:58,587 - INFO -    ✅ 1FCC16019 | page 18
2026-06-06 15:24:58,587 - INFO - [WBC] 📄 Page 19: https://www.webuycars.co.za/buy-a-car?Year=[2019,2026]&BodyType=["Single%20Cab"]&InspectionCondition=["Certified"]&page=19
2026-06-06 15:25:13,558 - INFO - [WBC] 🔎 Detail: https://www.webuycars.co.za/buy-a-car/Citroen/C3-Aircross-12T-Puretech-Shine-Auto/D1C712210
2026-06-06 15:25:16,316 - INFO -    ✅ D1C712210 | page 19
2026-06-06 15:25:16,316 - INFO - [WBC] 🔎 Detail: https://www.webuycars.co.za/buy-a-car/Renault/Sandero-900t-Stepway-Expression/D6C216379
2026-06-06 15:25:19,314 - INFO -    ✅ D6C216379 | page 19
2026-06-06 15:25:19,315 - INFO - [WBC] 🔎 Detail: https://www.webuycars.co.za/buy-a-car/Hyundai/Atos-Atoz-11-Motion/E2B515689
2026-06-06 15:25:22,073 - INFO -    ✅ E2B515689 | page 19
2026-06-06 15:25:22,074 - INFO - [WBC] 🔎 Detail: https://www.webuycars.co.za/buy-a-car/Suzuki/Swift-14T-Sport-Auto/E91C07799
2026-06-06 15:25:24,880 - INFO -    ✅ E91C07799 | page 19
2026-06-06 15:25:24,881 - INFO - [WBC] 🔎 Detail: https://www.webuycars.co.za/buy-a-car/Volkswagen/Polo-Vivo-16-Trendline/ECD608041
2026-06-06 15:25:27,800 - INFO -    ✅ ECD608041 | page 19
2026-06-06 15:25:29,892 - INFO - ✅ Saved 10 car(s) to Firestore.
2026-06-06 15:25:29,892 - INFO - [WBC] 🔎 Detail: https://www.webuycars.co.za/buy-a-car/Renault/Kwid-10-Dynamique-5-Door/FA5710529
2026-06-06 15:25:32,535 - INFO -    ✅ FA5710529 | page 19
2026-06-06 15:25:32,535 - INFO - [WBC] 🔎 Detail: https://www.webuycars.co.za/buy-a-car/KIA/Sportage-16-CRDi-EX-Auto/09C502745
2026-06-06 15:25:35,447 - INFO -    ✅ 09C502745 | page 19
2026-06-06 15:25:35,447 - INFO - [WBC] 🔎 Detail: https://www.webuycars.co.za/buy-a-car/Toyota/Corolla-Quest-16/1FCC16019
2026-06-06 15:25:38,208 - INFO -    ✅ 1FCC16019 | page 19
2026-06-06 15:25:38,208 - INFO - [WBC] 📄 Page 20: https://www.webuycars.co.za/buy-a-car?Year=[2019,2026]&BodyType=["Single%20Cab"]&InspectionCondition=["Certified"]&page=20
2026-06-06 15:25:53,097 - INFO - [WBC] 🔎 Detail: https://www.webuycars.co.za/buy-a-car/Citroen/C3-Aircross-12T-Puretech-Shine-Auto/D1C712210
2026-06-06 15:25:56,258 - INFO -    ✅ D1C712210 | page 20
2026-06-06 15:25:56,258 - INFO - [WBC] 🔎 Detail: https://www.webuycars.co.za/buy-a-car/Renault/Sandero-900t-Stepway-Expression/D6C216379
2026-06-06 15:25:58,984 - INFO -    ✅ D6C216379 | page 20
2026-06-06 15:25:58,985 - INFO - [WBC] 🔎 Detail: https://www.webuycars.co.za/buy-a-car/Hyundai/Atos-Atoz-11-Motion/E2B515689
2026-06-06 15:26:01,704 - INFO -    ✅ E2B515689 | page 20
2026-06-06 15:26:01,705 - INFO - [WBC] 🔎 Detail: https://www.webuycars.co.za/buy-a-car/Suzuki/Swift-14T-Sport-Auto/E91C07799
2026-06-06 15:26:04,395 - INFO -    ✅ E91C07799 | page 20
2026-06-06 15:26:04,395 - INFO - [WBC] 🔎 Detail: https://www.webuycars.co.za/buy-a-car/Volkswagen/Polo-Vivo-16-Trendline/ECD608041
2026-06-06 15:26:07,375 - INFO -    ✅ ECD608041 | page 20
2026-06-06 15:26:07,375 - INFO - [WBC] 🔎 Detail: https://www.webuycars.co.za/buy-a-car/Renault/Kwid-10-Dynamique-5-Door/FA5710529
2026-06-06 15:26:10,116 - INFO -    ✅ FA5710529 | page 20
2026-06-06 15:26:10,116 - INFO - [WBC] 🔎 Detail: https://www.webuycars.co.za/buy-a-car/KIA/Sportage-16-CRDi-EX-Auto/09C502745
2026-06-06 15:26:12,907 - INFO -    ✅ 09C502745 | page 20
2026-06-06 15:26:13,864 - INFO - ✅ Saved 10 car(s) to Firestore.
2026-06-06 15:26:13,864 - INFO - [WBC] 🔎 Detail: https://www.webuycars.co.za/buy-a-car/Toyota/Corolla-Quest-16/1FCC16019
2026-06-06 15:26:16,625 - INFO -    ✅ 1FCC16019 | page 20
2026-06-06 15:26:16,980 - INFO - ✅ Saved 1 car(s) to Firestore.
2026-06-06 15:26:18,125 - INFO - 📌 Progress: 'Single Cabs only' | lastPage=20 | exhausted=False
2026-06-06 15:26:18,125 - INFO -    ✔ Done | cars=281 | lastPage=20 | exhausted=False
2026-06-06 15:26:18,126 - INFO - ----------------------------------------------------------------------
2026-06-06 15:26:18,128 - INFO - 🎯 TARGET: 'Commercial Vehicles only' | site=webuycars | maxPages=20
2026-06-06 15:26:18,447 - INFO -    Pages    : 1–20
2026-06-06 15:26:18,447 - INFO - [WBC] 📄 Page 1: https://www.webuycars.co.za/buy-a-car?Year=[2019,2026]&BodyType=["Panel%20Van","Dropside"]&InspectionCondition=["Certified"]
2026-06-06 15:26:38,888 - INFO - [WBC] 🔎 Detail: https://www.webuycars.co.za/buy-a-car/Suzuki/Eeco-12-Panel-Van/91B205948
2026-06-06 15:26:42,222 - INFO -    ✅ 91B205948 | page 1
2026-06-06 15:26:42,223 - INFO - [WBC] 🔎 Detail: https://www.webuycars.co.za/buy-a-car/Renault/Triber-10-Express-III-Panel-Van/B56A07257
2026-06-06 15:26:45,358 - INFO -    ✅ B56A07257 | page 1
2026-06-06 15:26:45,358 - INFO - [WBC] 🔎 Detail: https://www.webuycars.co.za/buy-a-car/Volkswagen/Caddy-Caddy4-16i-81-KW-Panel-Van/4F1305346
2026-06-06 15:26:48,347 - INFO -    ✅ 4F1305346 | page 1
2026-06-06 15:26:48,348 - INFO - [WBC] 🔎 Detail: https://www.webuycars.co.za/buy-a-car/Fiat/Doblo-Crew-CAB-13d-SX-LWB-Panel-Van/CA3913106
2026-06-06 15:26:51,474 - INFO -    ✅ CA3913106 | page 1
2026-06-06 15:26:51,474 - INFO - [WBC] 🔎 Detail: https://www.webuycars.co.za/buy-a-car/Toyota/Quantum-28-LWB-Crewcab-Panel-Van/2B0A09196
2026-06-06 15:26:56,695 - INFO -    ✅ 2B0A09196 | page 1
2026-06-06 15:26:56,695 - INFO - [WBC] 🔎 Detail: https://www.webuycars.co.za/buy-a-car/Opel/Combo-Cargo-16td-Panel-Van/A02709584
2026-06-06 15:26:59,486 - INFO -    ✅ A02709584 | page 1
2026-06-06 15:26:59,486 - INFO - [WBC] 🔎 Detail: https://www.webuycars.co.za/buy-a-car/Suzuki/Eeco-12-Panel-Van/31D412528
2026-06-06 15:27:02,350 - INFO -    ✅ 31D412528 | page 1
2026-06-06 15:27:02,350 - INFO - [WBC] 🔎 Detail: https://www.webuycars.co.za/buy-a-car/Toyota/Quantum-28-LWB-Crewcab-Panel-Van/B2A414641
2026-06-06 15:27:05,304 - INFO -    ✅ B2A414641 | page 1
2026-06-06 15:27:05,304 - INFO - [WBC] 🔎 Detail: https://www.webuycars.co.za/buy-a-car/Renault/Triber-10-Express---Express-II---III-Panel-Van/9F0B09422
2026-06-06 15:27:08,341 - INFO -    ✅ 9F0B09422 | page 1
2026-06-06 15:27:08,341 - INFO - [WBC] 🔎 Detail: https://www.webuycars.co.za/buy-a-car/Toyota/Quantum-28-Slwb-Panel-Van/9B7F10456
2026-06-06 15:27:11,210 - INFO -    ✅ 9B7F10456 | page 1
2026-06-06 15:27:12,148 - INFO - ✅ Saved 10 car(s) to Firestore.
2026-06-06 15:27:12,148 - INFO - [WBC] 🔎 Detail: https://www.webuycars.co.za/buy-a-car/Mahindra/PIK-UP-22-Mhawk-S4-Pick-Up/400F13476
2026-06-06 15:27:15,543 - INFO -    ✅ 400F13476 | page 1
2026-06-06 15:27:15,543 - INFO - [WBC] 🔎 Detail: https://www.webuycars.co.za/buy-a-car/JAC/X200-X-200-28-TD-Double-Cab-abs-Aircon/972410620
2026-06-06 15:27:18,536 - INFO -    ✅ 972410620 | page 1
2026-06-06 15:27:18,537 - INFO - [WBC] 🔎 Detail: https://www.webuycars.co.za/buy-a-car/Mahindra/PIK-UP-22-Mhawk-S4-Pick-Up/29F911529
2026-06-06 15:27:21,587 - INFO -    ✅ 29F911529 | page 1
2026-06-06 15:27:21,588 - INFO - [WBC] 🔎 Detail: https://www.webuycars.co.za/buy-a-car/Mercedes-Benz/Vito-111-16-CDI-Panel-Van/1F4013224
2026-06-06 15:27:24,469 - INFO -    ✅ 1F4013224 | page 1
2026-06-06 15:27:24,470 - INFO - [WBC] 🔎 Detail: https://www.webuycars.co.za/buy-a-car/Volkswagen/Caddy-Cargo-20TDI-81-KW-Panel-Van/602504987
2026-06-06 15:27:27,270 - INFO -    ✅ 602504987 | page 1
2026-06-06 15:27:27,270 - INFO - [WBC] 🔎 Detail: https://www.webuycars.co.za/buy-a-car/Hyundai/H100-26d/6B0216161
2026-06-06 15:27:30,136 - INFO -    ✅ 6B0216161 | page 1
2026-06-06 15:27:30,136 - INFO - [WBC] 🔎 Detail: https://www.webuycars.co.za/buy-a-car/Mercedes-Benz/Vito-111-16-CDI-Panel-Van/FADB08869
2026-06-06 15:27:33,041 - INFO -    ✅ FADB08869 | page 1
2026-06-06 15:27:33,041 - INFO - [WBC] 🔎 Detail: https://www.webuycars.co.za/buy-a-car/Toyota/Quantum-28-LWB-Crewcab-Panel-Van/20D913168
2026-06-06 15:27:35,992 - INFO -    ✅ 20D913168 | page 1
2026-06-06 15:27:35,992 - INFO - [WBC] 🔎 Detail: https://www.webuycars.co.za/buy-a-car/Volkswagen/Transporter-T6-C-bus-20-TDI-LWB-103-KW-DSG-Panel-Van/919810838
2026-06-06 15:27:39,274 - INFO -    ✅ 919810838 | page 1
2026-06-06 15:27:39,274 - INFO - [WBC] 📄 Page 2: https://www.webuycars.co.za/buy-a-car?Year=[2019,2026]&BodyType=["Panel%20Van","Dropside"]&InspectionCondition=["Certified"]&page=2
2026-06-06 15:28:02,406 - INFO - [WBC] 🔎 Detail: https://www.webuycars.co.za/buy-a-car/Suzuki/Swift-12-GL/176901726
2026-06-06 15:28:05,551 - INFO -    ✅ 176901726 | page 2
2026-06-06 15:28:06,583 - INFO - ✅ Saved 10 car(s) to Firestore.
2026-06-06 15:28:06,583 - INFO - [WBC] 🔎 Detail: https://www.webuycars.co.za/buy-a-car/Ford/Mustang-50-GT-Auto/3D1D09239
2026-06-06 15:28:09,483 - INFO -    ✅ 3D1D09239 | page 2
2026-06-06 15:28:09,484 - INFO - [WBC] 🔎 Detail: https://www.webuycars.co.za/buy-a-car/Suzuki/S-Presso-10-GL/444115760
2026-06-06 15:28:12,476 - INFO -    ✅ 444115760 | page 2
2026-06-06 15:28:12,476 - INFO - [WBC] 🔎 Detail: https://www.webuycars.co.za/buy-a-car/Nissan/Magnite-10-Visia-AMT/4A2610000
2026-06-06 15:28:15,489 - INFO -    ✅ 4A2610000 | page 2
2026-06-06 15:28:15,490 - INFO - [WBC] 🔎 Detail: https://www.webuycars.co.za/buy-a-car/Citroen/C3-Aircross-12T-Puretech-Shine-Auto/526212092
2026-06-06 15:28:18,635 - INFO -    ✅ 526212092 | page 2
2026-06-06 15:28:18,635 - INFO - [WBC] 🔎 Detail: https://www.webuycars.co.za/buy-a-car/Mahindra/KUV-100-12-K2-dare/638C06490
2026-06-06 15:28:21,598 - INFO -    ✅ 638C06490 | page 2
2026-06-06 15:28:21,598 - INFO - [WBC] 🔎 Detail: https://www.webuycars.co.za/buy-a-car/Hyundai/Exter-12-Executive/64A800042
2026-06-06 15:28:24,442 - INFO -    ✅ 64A800042 | page 2
2026-06-06 15:28:24,442 - INFO - [WBC] 🔎 Detail: https://www.webuycars.co.za/buy-a-car/Hyundai/Creta-15-Premium-IVT/6F1D00354
2026-06-06 15:28:27,161 - INFO -    ✅ 6F1D00354 | page 2
2026-06-06 15:28:27,161 - INFO - [WBC] 🔎 Detail: https://www.webuycars.co.za/buy-a-car/Citroen/C3-Aircross-12T-Puretech-Shine-Auto/78DD08891
2026-06-06 15:28:30,087 - INFO -    ✅ 78DD08891 | page 2
2026-06-06 15:28:30,087 - INFO - [WBC] 🔎 Detail: https://www.webuycars.co.za/buy-a-car/Citroen/C3-Aircross-12T-Puretech-Shine-Auto/84B412120
2026-06-06 15:28:32,897 - INFO -    ✅ 84B412120 | page 2
2026-06-06 15:28:32,897 - INFO - [WBC] 🔎 Detail: https://www.webuycars.co.za/buy-a-car/GWM/P-Series-P300-24td-LS-Auto-Double-Cab-Pick-Up/85B715525
2026-06-06 15:28:35,640 - INFO -    ✅ 85B715525 | page 2
2026-06-06 15:28:36,680 - INFO - ✅ Saved 10 car(s) to Firestore.
2026-06-06 15:28:36,680 - INFO - [WBC] 🔎 Detail: https://www.webuycars.co.za/buy-a-car/Renault/Sandero-900t-Stepway/929601364
2026-06-06 15:28:39,526 - INFO -    ✅ 929601364 | page 2
2026-06-06 15:28:39,526 - INFO - [WBC] 🔎 Detail: https://www.webuycars.co.za/buy-a-car/Haval/Jolion-15T-City/A51A15548
2026-06-06 15:28:42,535 - INFO -    ✅ A51A15548 | page 2
2026-06-06 15:28:42,535 - INFO - [WBC] 🔎 Detail: https://www.webuycars.co.za/buy-a-car/Citroen/C3-12-Puretech-Feel-60-KW/AF6C06106
2026-06-06 15:28:45,441 - INFO -    ✅ AF6C06106 | page 2
2026-06-06 15:28:45,442 - INFO - [WBC] 🔎 Detail: https://www.webuycars.co.za/buy-a-car/Suzuki/Celerio-10-GL/B9DA11263
2026-06-06 15:28:48,298 - INFO -    ✅ B9DA11263 | page 2
2026-06-06 15:28:48,298 - INFO - [WBC] 🔎 Detail: https://www.webuycars.co.za/buy-a-car/Fiat/500-12-Style-Auto/C11516864
2026-06-06 15:28:51,336 - INFO -    ✅ C11516864 | page 2
2026-06-06 15:28:51,336 - INFO - [WBC] 🔎 Detail: https://www.webuycars.co.za/buy-a-car/Citroen/C3-Aircross-12T-Puretech-Shine-Auto/D1C712210
2026-06-06 15:28:54,146 - INFO -    ✅ D1C712210 | page 2
2026-06-06 15:28:54,146 - INFO - [WBC] 🔎 Detail: https://www.webuycars.co.za/buy-a-car/Renault/Sandero-900t-Stepway-Expression/D6C216379
2026-06-06 15:28:56,979 - INFO -    ✅ D6C216379 | page 2
2026-06-06 15:28:56,979 - INFO - [WBC] 🔎 Detail: https://www.webuycars.co.za/buy-a-car/Hyundai/Atos-Atoz-11-Motion/E2B515689
2026-06-06 15:28:59,788 - INFO -    ✅ E2B515689 | page 2
2026-06-06 15:28:59,789 - INFO - [WBC] 🔎 Detail: https://www.webuycars.co.za/buy-a-car/Suzuki/Swift-14T-Sport-Auto/E91C07799
2026-06-06 15:29:02,502 - INFO -    ✅ E91C07799 | page 2
2026-06-06 15:29:02,502 - INFO - [WBC] 🔎 Detail: https://www.webuycars.co.za/buy-a-car/Volkswagen/Polo-Vivo-16-Trendline/ECD608041
2026-06-06 15:29:05,314 - INFO -    ✅ ECD608041 | page 2
2026-06-06 15:29:06,349 - INFO - ✅ Saved 10 car(s) to Firestore.
2026-06-06 15:29:06,350 - INFO - [WBC] 🔎 Detail: https://www.webuycars.co.za/buy-a-car/Renault/Kwid-10-Dynamique-5-Door/FA5710529
2026-06-06 15:29:09,291 - INFO -    ✅ FA5710529 | page 2
2026-06-06 15:29:09,291 - INFO - [WBC] 🔎 Detail: https://www.webuycars.co.za/buy-a-car/KIA/Sportage-16-CRDi-EX-Auto/09C502745
2026-06-06 15:29:11,968 - INFO -    ✅ 09C502745 | page 2
2026-06-06 15:29:11,969 - INFO - [WBC] 🔎 Detail: https://www.webuycars.co.za/buy-a-car/Toyota/Corolla-Quest-16/1FCC16019
2026-06-06 15:29:15,031 - INFO -    ✅ 1FCC16019 | page 2
2026-06-06 15:29:15,032 - INFO - [WBC] 📄 Page 3: https://www.webuycars.co.za/buy-a-car?Year=[2019,2026]&BodyType=["Panel%20Van","Dropside"]&InspectionCondition=["Certified"]&page=3
2026-06-06 15:29:30,046 - INFO - [WBC] 🔎 Detail: https://www.webuycars.co.za/buy-a-car/Citroen/C3-Aircross-12T-Puretech-Shine-Auto/D1C712210
2026-06-06 15:29:33,327 - INFO -    ✅ D1C712210 | page 3
2026-06-06 15:29:33,328 - INFO - [WBC] 🔎 Detail: https://www.webuycars.co.za/buy-a-car/Renault/Sandero-900t-Stepway-Expression/D6C216379
2026-06-06 15:29:36,527 - INFO -    ✅ D6C216379 | page 3
2026-06-06 15:29:36,528 - INFO - [WBC] 🔎 Detail: https://www.webuycars.co.za/buy-a-car/Hyundai/Atos-Atoz-11-Motion/E2B515689
2026-06-06 15:29:40,200 - INFO -    ✅ E2B515689 | page 3
2026-06-06 15:29:40,201 - INFO - [WBC] 🔎 Detail: https://www.webuycars.co.za/buy-a-car/Suzuki/Swift-14T-Sport-Auto/E91C07799
2026-06-06 15:29:43,809 - INFO -    ✅ E91C07799 | page 3
2026-06-06 15:29:43,809 - INFO - [WBC] 🔎 Detail: https://www.webuycars.co.za/buy-a-car/Volkswagen/Polo-Vivo-16-Trendline/ECD608041
2026-06-06 15:29:47,144 - INFO -    ✅ ECD608041 | page 3
2026-06-06 15:29:47,144 - INFO - [WBC] 🔎 Detail: https://www.webuycars.co.za/buy-a-car/Renault/Kwid-10-Dynamique-5-Door/FA5710529
2026-06-06 15:29:50,879 - INFO -    ✅ FA5710529 | page 3
2026-06-06 15:29:50,879 - INFO - [WBC] 🔎 Detail: https://www.webuycars.co.za/buy-a-car/KIA/Sportage-16-CRDi-EX-Auto/09C502745
2026-06-06 15:29:55,339 - INFO -    ✅ 09C502745 | page 3
2026-06-06 15:29:56,361 - INFO - ✅ Saved 10 car(s) to Firestore.
2026-06-06 15:29:56,361 - INFO - [WBC] 🔎 Detail: https://www.webuycars.co.za/buy-a-car/Toyota/Corolla-Quest-16/1FCC16019
2026-06-06 15:29:59,808 - INFO -    ✅ 1FCC16019 | page 3
2026-06-06 15:29:59,808 - INFO - [WBC] 📄 Page 4: https://www.webuycars.co.za/buy-a-car?Year=[2019,2026]&BodyType=["Panel%20Van","Dropside"]&InspectionCondition=["Certified"]&page=4
2026-06-06 15:30:15,037 - INFO - [WBC] 🔎 Detail: https://www.webuycars.co.za/buy-a-car/Citroen/C3-Aircross-12T-Puretech-Shine-Auto/D1C712210
2026-06-06 15:30:18,094 - INFO -    ✅ D1C712210 | page 4
2026-06-06 15:30:18,094 - INFO - [WBC] 🔎 Detail: https://www.webuycars.co.za/buy-a-car/Renault/Sandero-900t-Stepway-Expression/D6C216379
2026-06-06 15:30:21,091 - INFO -    ✅ D6C216379 | page 4
2026-06-06 15:30:21,091 - INFO - [WBC] 🔎 Detail: https://www.webuycars.co.za/buy-a-car/Hyundai/Atos-Atoz-11-Motion/E2B515689
2026-06-06 15:30:24,950 - INFO -    ✅ E2B515689 | page 4
2026-06-06 15:30:24,951 - INFO - [WBC] 🔎 Detail: https://www.webuycars.co.za/buy-a-car/Suzuki/Swift-14T-Sport-Auto/E91C07799
2026-06-06 15:30:28,999 - INFO -    ✅ E91C07799 | page 4
2026-06-06 15:30:28,999 - INFO - [WBC] 🔎 Detail: https://www.webuycars.co.za/buy-a-car/Volkswagen/Polo-Vivo-16-Trendline/ECD608041
2026-06-06 15:30:32,536 - INFO -    ✅ ECD608041 | page 4
2026-06-06 15:30:32,537 - INFO - [WBC] 🔎 Detail: https://www.webuycars.co.za/buy-a-car/Renault/Kwid-10-Dynamique-5-Door/FA5710529
2026-06-06 15:30:36,092 - INFO -    ✅ FA5710529 | page 4
2026-06-06 15:30:36,093 - INFO - [WBC] 🔎 Detail: https://www.webuycars.co.za/buy-a-car/KIA/Sportage-16-CRDi-EX-Auto/09C502745
2026-06-06 15:30:41,198 - INFO -    ✅ 09C502745 | page 4
2026-06-06 15:30:41,198 - INFO - [WBC] 🔎 Detail: https://www.webuycars.co.za/buy-a-car/Toyota/Corolla-Quest-16/1FCC16019
2026-06-06 15:30:44,345 - INFO -    ✅ 1FCC16019 | page 4
2026-06-06 15:30:44,346 - INFO - [WBC] 📄 Page 5: https://www.webuycars.co.za/buy-a-car?Year=[2019,2026]&BodyType=["Panel%20Van","Dropside"]&InspectionCondition=["Certified"]&page=5
2026-06-06 15:31:00,181 - INFO - [WBC] 🔎 Detail: https://www.webuycars.co.za/buy-a-car/Citroen/C3-Aircross-12T-Puretech-Shine-Auto/D1C712210
2026-06-06 15:31:04,246 - INFO -    ✅ D1C712210 | page 5
2026-06-06 15:31:05,212 - INFO - ✅ Saved 10 car(s) to Firestore.
2026-06-06 15:31:05,213 - INFO - [WBC] 🔎 Detail: https://www.webuycars.co.za/buy-a-car/Renault/Sandero-900t-Stepway-Expression/D6C216379
2026-06-06 15:31:08,874 - INFO -    ✅ D6C216379 | page 5
2026-06-06 15:31:08,874 - INFO - [WBC] 🔎 Detail: https://www.webuycars.co.za/buy-a-car/Hyundai/Atos-Atoz-11-Motion/E2B515689
2026-06-06 15:31:12,303 - INFO -    ✅ E2B515689 | page 5
2026-06-06 15:31:12,303 - INFO - [WBC] 🔎 Detail: https://www.webuycars.co.za/buy-a-car/Suzuki/Swift-14T-Sport-Auto/E91C07799
2026-06-06 15:31:15,440 - INFO -    ✅ E91C07799 | page 5
2026-06-06 15:31:15,441 - INFO - [WBC] 🔎 Detail: https://www.webuycars.co.za/buy-a-car/Volkswagen/Polo-Vivo-16-Trendline/ECD608041
2026-06-06 15:31:19,153 - INFO -    ✅ ECD608041 | page 5
2026-06-06 15:31:19,154 - INFO - [WBC] 🔎 Detail: https://www.webuycars.co.za/buy-a-car/Renault/Kwid-10-Dynamique-5-Door/FA5710529
2026-06-06 15:31:23,445 - INFO -    ✅ FA5710529 | page 5
2026-06-06 15:31:23,445 - INFO - [WBC] 🔎 Detail: https://www.webuycars.co.za/buy-a-car/KIA/Sportage-16-CRDi-EX-Auto/09C502745
2026-06-06 15:31:26,539 - INFO -    ✅ 09C502745 | page 5
2026-06-06 15:31:26,540 - INFO - [WBC] 🔎 Detail: https://www.webuycars.co.za/buy-a-car/Toyota/Corolla-Quest-16/1FCC16019
2026-06-06 15:31:29,202 - INFO -    ✅ 1FCC16019 | page 5
2026-06-06 15:31:29,203 - INFO - [WBC] 📄 Page 6: https://www.webuycars.co.za/buy-a-car?Year=[2019,2026]&BodyType=["Panel%20Van","Dropside"]&InspectionCondition=["Certified"]&page=6
2026-06-06 15:31:44,313 - INFO - [WBC] 🔎 Detail: https://www.webuycars.co.za/buy-a-car/Citroen/C3-Aircross-12T-Puretech-Shine-Auto/D1C712210
2026-06-06 15:31:49,034 - INFO -    ✅ D1C712210 | page 6
2026-06-06 15:31:49,035 - INFO - [WBC] 🔎 Detail: https://www.webuycars.co.za/buy-a-car/Renault/Sandero-900t-Stepway-Expression/D6C216379
2026-06-06 15:31:51,880 - INFO -    ✅ D6C216379 | page 6
2026-06-06 15:31:51,880 - INFO - [WBC] 🔎 Detail: https://www.webuycars.co.za/buy-a-car/Hyundai/Atos-Atoz-11-Motion/E2B515689
2026-06-06 15:31:58,781 - INFO -    ✅ E2B515689 | page 6
2026-06-06 15:31:59,775 - INFO - ✅ Saved 10 car(s) to Firestore.
2026-06-06 15:31:59,775 - INFO - [WBC] 🔎 Detail: https://www.webuycars.co.za/buy-a-car/Suzuki/Swift-14T-Sport-Auto/E91C07799
2026-06-06 15:32:02,508 - INFO -    ✅ E91C07799 | page 6
2026-06-06 15:32:02,509 - INFO - [WBC] 🔎 Detail: https://www.webuycars.co.za/buy-a-car/Volkswagen/Polo-Vivo-16-Trendline/ECD608041
2026-06-06 15:32:05,134 - INFO -    ✅ ECD608041 | page 6
2026-06-06 15:32:05,134 - INFO - [WBC] 🔎 Detail: https://www.webuycars.co.za/buy-a-car/Renault/Kwid-10-Dynamique-5-Door/FA5710529
2026-06-06 15:32:07,884 - INFO -    ✅ FA5710529 | page 6
2026-06-06 15:32:07,885 - INFO - [WBC] 🔎 Detail: https://www.webuycars.co.za/buy-a-car/KIA/Sportage-16-CRDi-EX-Auto/09C502745
2026-06-06 15:32:10,827 - INFO -    ✅ 09C502745 | page 6
2026-06-06 15:32:10,827 - INFO - [WBC] 🔎 Detail: https://www.webuycars.co.za/buy-a-car/Toyota/Corolla-Quest-16/1FCC16019
2026-06-06 15:32:14,489 - INFO -    ✅ 1FCC16019 | page 6
2026-06-06 15:32:14,492 - INFO - [WBC] 📄 Page 7: https://www.webuycars.co.za/buy-a-car?Year=[2019,2026]&BodyType=["Panel%20Van","Dropside"]&InspectionCondition=["Certified"]&page=7
2026-06-06 15:32:29,515 - INFO - [WBC] 🔎 Detail: https://www.webuycars.co.za/buy-a-car/Citroen/C3-Aircross-12T-Puretech-Shine-Auto/D1C712210
2026-06-06 15:32:32,381 - INFO -    ✅ D1C712210 | page 7
2026-06-06 15:32:32,381 - INFO - [WBC] 🔎 Detail: https://www.webuycars.co.za/buy-a-car/Renault/Sandero-900t-Stepway-Expression/D6C216379
2026-06-06 15:32:35,317 - INFO -    ✅ D6C216379 | page 7
2026-06-06 15:32:35,317 - INFO - [WBC] 🔎 Detail: https://www.webuycars.co.za/buy-a-car/Hyundai/Atos-Atoz-11-Motion/E2B515689
2026-06-06 15:32:37,960 - INFO -    ✅ E2B515689 | page 7
2026-06-06 15:32:37,960 - INFO - [WBC] 🔎 Detail: https://www.webuycars.co.za/buy-a-car/Suzuki/Swift-14T-Sport-Auto/E91C07799
2026-06-06 15:32:40,687 - INFO -    ✅ E91C07799 | page 7
2026-06-06 15:32:40,687 - INFO - [WBC] 🔎 Detail: https://www.webuycars.co.za/buy-a-car/Volkswagen/Polo-Vivo-16-Trendline/ECD608041
2026-06-06 15:32:43,629 - INFO -    ✅ ECD608041 | page 7
2026-06-06 15:32:44,612 - INFO - ✅ Saved 10 car(s) to Firestore.
2026-06-06 15:32:44,612 - INFO - [WBC] 🔎 Detail: https://www.webuycars.co.za/buy-a-car/Renault/Kwid-10-Dynamique-5-Door/FA5710529
2026-06-06 15:32:47,342 - INFO -    ✅ FA5710529 | page 7
2026-06-06 15:32:47,343 - INFO - [WBC] 🔎 Detail: https://www.webuycars.co.za/buy-a-car/KIA/Sportage-16-CRDi-EX-Auto/09C502745
2026-06-06 15:32:50,083 - INFO -    ✅ 09C502745 | page 7
2026-06-06 15:32:50,083 - INFO - [WBC] 🔎 Detail: https://www.webuycars.co.za/buy-a-car/Toyota/Corolla-Quest-16/1FCC16019
2026-06-06 15:32:52,781 - INFO -    ✅ 1FCC16019 | page 7
2026-06-06 15:32:52,781 - INFO - [WBC] 📄 Page 8: https://www.webuycars.co.za/buy-a-car?Year=[2019,2026]&BodyType=["Panel%20Van","Dropside"]&InspectionCondition=["Certified"]&page=8
2026-06-06 15:33:07,840 - INFO - [WBC] 🔎 Detail: https://www.webuycars.co.za/buy-a-car/Citroen/C3-Aircross-12T-Puretech-Shine-Auto/D1C712210
2026-06-06 15:33:10,517 - INFO -    ✅ D1C712210 | page 8
2026-06-06 15:33:10,517 - INFO - [WBC] 🔎 Detail: https://www.webuycars.co.za/buy-a-car/Renault/Sandero-900t-Stepway-Expression/D6C216379
2026-06-06 15:33:13,653 - INFO -    ✅ D6C216379 | page 8
2026-06-06 15:33:13,654 - INFO - [WBC] 🔎 Detail: https://www.webuycars.co.za/buy-a-car/Hyundai/Atos-Atoz-11-Motion/E2B515689
2026-06-06 15:33:16,409 - INFO -    ✅ E2B515689 | page 8
2026-06-06 15:33:16,409 - INFO - [WBC] 🔎 Detail: https://www.webuycars.co.za/buy-a-car/Suzuki/Swift-14T-Sport-Auto/E91C07799
2026-06-06 15:33:19,158 - INFO -    ✅ E91C07799 | page 8
2026-06-06 15:33:19,159 - INFO - [WBC] 🔎 Detail: https://www.webuycars.co.za/buy-a-car/Volkswagen/Polo-Vivo-16-Trendline/ECD608041
2026-06-06 15:33:22,125 - INFO -    ✅ ECD608041 | page 8
2026-06-06 15:33:22,126 - INFO - [WBC] 🔎 Detail: https://www.webuycars.co.za/buy-a-car/Renault/Kwid-10-Dynamique-5-Door/FA5710529
2026-06-06 15:33:24,934 - INFO -    ✅ FA5710529 | page 8
2026-06-06 15:33:24,935 - INFO - [WBC] 🔎 Detail: https://www.webuycars.co.za/buy-a-car/KIA/Sportage-16-CRDi-EX-Auto/09C502745
2026-06-06 15:33:28,217 - INFO -    ✅ 09C502745 | page 8
2026-06-06 15:33:29,146 - INFO - ✅ Saved 10 car(s) to Firestore.
2026-06-06 15:33:29,146 - INFO - [WBC] 🔎 Detail: https://www.webuycars.co.za/buy-a-car/Toyota/Corolla-Quest-16/1FCC16019
2026-06-06 15:33:31,813 - INFO -    ✅ 1FCC16019 | page 8
2026-06-06 15:33:31,813 - INFO - [WBC] 📄 Page 9: https://www.webuycars.co.za/buy-a-car?Year=[2019,2026]&BodyType=["Panel%20Van","Dropside"]&InspectionCondition=["Certified"]&page=9
2026-06-06 15:33:46,870 - INFO - [WBC] 🔎 Detail: https://www.webuycars.co.za/buy-a-car/Citroen/C3-Aircross-12T-Puretech-Shine-Auto/D1C712210
2026-06-06 15:33:49,857 - INFO -    ✅ D1C712210 | page 9
2026-06-06 15:33:49,857 - INFO - [WBC] 🔎 Detail: https://www.webuycars.co.za/buy-a-car/Renault/Sandero-900t-Stepway-Expression/D6C216379
2026-06-06 15:33:52,666 - INFO -    ✅ D6C216379 | page 9
2026-06-06 15:33:52,666 - INFO - [WBC] 🔎 Detail: https://www.webuycars.co.za/buy-a-car/Hyundai/Atos-Atoz-11-Motion/E2B515689
2026-06-06 15:33:55,336 - INFO -    ✅ E2B515689 | page 9
2026-06-06 15:33:55,337 - INFO - [WBC] 🔎 Detail: https://www.webuycars.co.za/buy-a-car/Suzuki/Swift-14T-Sport-Auto/E91C07799
2026-06-06 15:33:58,055 - INFO -    ✅ E91C07799 | page 9
2026-06-06 15:33:58,056 - INFO - [WBC] 🔎 Detail: https://www.webuycars.co.za/buy-a-car/Volkswagen/Polo-Vivo-16-Trendline/ECD608041
2026-06-06 15:34:01,000 - INFO -    ✅ ECD608041 | page 9
2026-06-06 15:34:01,000 - INFO - [WBC] 🔎 Detail: https://www.webuycars.co.za/buy-a-car/Renault/Kwid-10-Dynamique-5-Door/FA5710529
2026-06-06 15:34:04,158 - INFO -    ✅ FA5710529 | page 9
2026-06-06 15:34:04,159 - INFO - [WBC] 🔎 Detail: https://www.webuycars.co.za/buy-a-car/KIA/Sportage-16-CRDi-EX-Auto/09C502745
2026-06-06 15:34:07,040 - INFO -    ✅ 09C502745 | page 9
2026-06-06 15:34:07,041 - INFO - [WBC] 🔎 Detail: https://www.webuycars.co.za/buy-a-car/Toyota/Corolla-Quest-16/1FCC16019
2026-06-06 15:34:09,821 - INFO -    ✅ 1FCC16019 | page 9
2026-06-06 15:34:09,822 - INFO - [WBC] 📄 Page 10: https://www.webuycars.co.za/buy-a-car?Year=[2019,2026]&BodyType=["Panel%20Van","Dropside"]&InspectionCondition=["Certified"]&page=10
2026-06-06 15:34:24,720 - INFO - [WBC] 🔎 Detail: https://www.webuycars.co.za/buy-a-car/Citroen/C3-Aircross-12T-Puretech-Shine-Auto/D1C712210
2026-06-06 15:34:28,488 - INFO -    ✅ D1C712210 | page 10
2026-06-06 15:34:29,514 - INFO - ✅ Saved 10 car(s) to Firestore.
2026-06-06 15:34:29,514 - INFO - [WBC] 🔎 Detail: https://www.webuycars.co.za/buy-a-car/Renault/Sandero-900t-Stepway-Expression/D6C216379
2026-06-06 15:34:32,329 - INFO -    ✅ D6C216379 | page 10
2026-06-06 15:34:32,329 - INFO - [WBC] 🔎 Detail: https://www.webuycars.co.za/buy-a-car/Hyundai/Atos-Atoz-11-Motion/E2B515689
2026-06-06 15:34:35,139 - INFO -    ✅ E2B515689 | page 10
2026-06-06 15:34:35,140 - INFO - [WBC] 🔎 Detail: https://www.webuycars.co.za/buy-a-car/Suzuki/Swift-14T-Sport-Auto/E91C07799
2026-06-06 15:34:38,046 - INFO -    ✅ E91C07799 | page 10
2026-06-06 15:34:38,046 - INFO - [WBC] 🔎 Detail: https://www.webuycars.co.za/buy-a-car/Volkswagen/Polo-Vivo-16-Trendline/ECD608041
2026-06-06 15:34:40,799 - INFO -    ✅ ECD608041 | page 10
2026-06-06 15:34:40,799 - INFO - [WBC] 🔎 Detail: https://www.webuycars.co.za/buy-a-car/Renault/Kwid-10-Dynamique-5-Door/FA5710529
2026-06-06 15:34:43,690 - INFO -    ✅ FA5710529 | page 10
2026-06-06 15:34:43,691 - INFO - [WBC] 🔎 Detail: https://www.webuycars.co.za/buy-a-car/KIA/Sportage-16-CRDi-EX-Auto/09C502745
2026-06-06 15:34:46,711 - INFO -    ✅ 09C502745 | page 10
2026-06-06 15:34:46,712 - INFO - [WBC] 🔎 Detail: https://www.webuycars.co.za/buy-a-car/Toyota/Corolla-Quest-16/1FCC16019
2026-06-06 15:34:49,619 - INFO -    ✅ 1FCC16019 | page 10
2026-06-06 15:34:49,620 - INFO - [WBC] 📄 Page 11: https://www.webuycars.co.za/buy-a-car?Year=[2019,2026]&BodyType=["Panel%20Van","Dropside"]&InspectionCondition=["Certified"]&page=11
2026-06-06 15:35:04,661 - INFO - [WBC] 🔎 Detail: https://www.webuycars.co.za/buy-a-car/Citroen/C3-Aircross-12T-Puretech-Shine-Auto/D1C712210
2026-06-06 15:35:07,943 - INFO -    ✅ D1C712210 | page 11
2026-06-06 15:35:07,943 - INFO - [WBC] 🔎 Detail: https://www.webuycars.co.za/buy-a-car/Renault/Sandero-900t-Stepway-Expression/D6C216379
2026-06-06 15:35:11,130 - INFO -    ✅ D6C216379 | page 11
2026-06-06 15:35:11,130 - INFO - [WBC] 🔎 Detail: https://www.webuycars.co.za/buy-a-car/Hyundai/Atos-Atoz-11-Motion/E2B515689
2026-06-06 15:35:14,231 - INFO -    ✅ E2B515689 | page 11
2026-06-06 15:35:15,187 - INFO - ✅ Saved 10 car(s) to Firestore.
2026-06-06 15:35:15,187 - INFO - [WBC] 🔎 Detail: https://www.webuycars.co.za/buy-a-car/Suzuki/Swift-14T-Sport-Auto/E91C07799
2026-06-06 15:35:18,285 - INFO -    ✅ E91C07799 | page 11
2026-06-06 15:35:18,285 - INFO - [WBC] 🔎 Detail: https://www.webuycars.co.za/buy-a-car/Volkswagen/Polo-Vivo-16-Trendline/ECD608041
2026-06-06 15:35:20,970 - INFO -    ✅ ECD608041 | page 11
2026-06-06 15:35:20,971 - INFO - [WBC] 🔎 Detail: https://www.webuycars.co.za/buy-a-car/Renault/Kwid-10-Dynamique-5-Door/FA5710529
2026-06-06 15:35:23,695 - INFO -    ✅ FA5710529 | page 11
2026-06-06 15:35:23,695 - INFO - [WBC] 🔎 Detail: https://www.webuycars.co.za/buy-a-car/KIA/Sportage-16-CRDi-EX-Auto/09C502745
2026-06-06 15:35:26,712 - INFO -    ✅ 09C502745 | page 11
2026-06-06 15:35:26,712 - INFO - [WBC] 🔎 Detail: https://www.webuycars.co.za/buy-a-car/Toyota/Corolla-Quest-16/1FCC16019
2026-06-06 15:35:29,805 - INFO -    ✅ 1FCC16019 | page 11
2026-06-06 15:35:29,806 - INFO - [WBC] 📄 Page 12: https://www.webuycars.co.za/buy-a-car?Year=[2019,2026]&BodyType=["Panel%20Van","Dropside"]&InspectionCondition=["Certified"]&page=12
2026-06-06 15:35:44,939 - INFO - [WBC] 🔎 Detail: https://www.webuycars.co.za/buy-a-car/Citroen/C3-Aircross-12T-Puretech-Shine-Auto/D1C712210
2026-06-06 15:35:48,017 - INFO -    ✅ D1C712210 | page 12
2026-06-06 15:35:48,018 - INFO - [WBC] 🔎 Detail: https://www.webuycars.co.za/buy-a-car/Renault/Sandero-900t-Stepway-Expression/D6C216379
2026-06-06 15:35:50,821 - INFO -    ✅ D6C216379 | page 12
2026-06-06 15:35:50,821 - INFO - [WBC] 🔎 Detail: https://www.webuycars.co.za/buy-a-car/Hyundai/Atos-Atoz-11-Motion/E2B515689
2026-06-06 15:35:53,644 - INFO -    ✅ E2B515689 | page 12
2026-06-06 15:35:53,644 - INFO - [WBC] 🔎 Detail: https://www.webuycars.co.za/buy-a-car/Suzuki/Swift-14T-Sport-Auto/E91C07799
2026-06-06 15:35:56,590 - INFO -    ✅ E91C07799 | page 12
2026-06-06 15:35:56,590 - INFO - [WBC] 🔎 Detail: https://www.webuycars.co.za/buy-a-car/Volkswagen/Polo-Vivo-16-Trendline/ECD608041
2026-06-06 15:35:59,791 - INFO -    ✅ ECD608041 | page 12
2026-06-06 15:36:00,694 - INFO - ✅ Saved 10 car(s) to Firestore.
2026-06-06 15:36:00,694 - INFO - [WBC] 🔎 Detail: https://www.webuycars.co.za/buy-a-car/Renault/Kwid-10-Dynamique-5-Door/FA5710529
2026-06-06 15:36:03,392 - INFO -    ✅ FA5710529 | page 12
2026-06-06 15:36:03,392 - INFO - [WBC] 🔎 Detail: https://www.webuycars.co.za/buy-a-car/KIA/Sportage-16-CRDi-EX-Auto/09C502745
2026-06-06 15:36:06,132 - INFO -    ✅ 09C502745 | page 12
2026-06-06 15:36:06,132 - INFO - [WBC] 🔎 Detail: https://www.webuycars.co.za/buy-a-car/Toyota/Corolla-Quest-16/1FCC16019
2026-06-06 15:36:08,888 - INFO -    ✅ 1FCC16019 | page 12
2026-06-06 15:36:08,888 - INFO - [WBC] 📄 Page 13: https://www.webuycars.co.za/buy-a-car?Year=[2019,2026]&BodyType=["Panel%20Van","Dropside"]&InspectionCondition=["Certified"]&page=13
2026-06-06 15:36:23,766 - INFO - [WBC] 🔎 Detail: https://www.webuycars.co.za/buy-a-car/Citroen/C3-Aircross-12T-Puretech-Shine-Auto/D1C712210
2026-06-06 15:36:26,956 - INFO -    ✅ D1C712210 | page 13
2026-06-06 15:36:26,960 - INFO - [WBC] 🔎 Detail: https://www.webuycars.co.za/buy-a-car/Renault/Sandero-900t-Stepway-Expression/D6C216379
2026-06-06 15:36:29,986 - INFO -    ✅ D6C216379 | page 13
2026-06-06 15:36:29,986 - INFO - [WBC] 🔎 Detail: https://www.webuycars.co.za/buy-a-car/Hyundai/Atos-Atoz-11-Motion/E2B515689
2026-06-06 15:36:32,719 - INFO -    ✅ E2B515689 | page 13
2026-06-06 15:36:32,720 - INFO - [WBC] 🔎 Detail: https://www.webuycars.co.za/buy-a-car/Suzuki/Swift-14T-Sport-Auto/E91C07799
2026-06-06 15:36:35,459 - INFO -    ✅ E91C07799 | page 13
2026-06-06 15:36:35,460 - INFO - [WBC] 🔎 Detail: https://www.webuycars.co.za/buy-a-car/Volkswagen/Polo-Vivo-16-Trendline/ECD608041
2026-06-06 15:36:38,385 - INFO -    ✅ ECD608041 | page 13
2026-06-06 15:36:38,385 - INFO - [WBC] 🔎 Detail: https://www.webuycars.co.za/buy-a-car/Renault/Kwid-10-Dynamique-5-Door/FA5710529
2026-06-06 15:36:41,112 - INFO -    ✅ FA5710529 | page 13
2026-06-06 15:36:41,113 - INFO - [WBC] 🔎 Detail: https://www.webuycars.co.za/buy-a-car/KIA/Sportage-16-CRDi-EX-Auto/09C502745
2026-06-06 15:36:43,830 - INFO -    ✅ 09C502745 | page 13
2026-06-06 15:36:44,784 - INFO - ✅ Saved 10 car(s) to Firestore.
2026-06-06 15:36:44,785 - INFO - [WBC] 🔎 Detail: https://www.webuycars.co.za/buy-a-car/Toyota/Corolla-Quest-16/1FCC16019
2026-06-06 15:36:47,566 - INFO -    ✅ 1FCC16019 | page 13
2026-06-06 15:36:47,566 - INFO - [WBC] 📄 Page 14: https://www.webuycars.co.za/buy-a-car?Year=[2019,2026]&BodyType=["Panel%20Van","Dropside"]&InspectionCondition=["Certified"]&page=14
2026-06-06 15:37:02,670 - INFO - [WBC] 🔎 Detail: https://www.webuycars.co.za/buy-a-car/Citroen/C3-Aircross-12T-Puretech-Shine-Auto/D1C712210
2026-06-06 15:37:05,921 - INFO -    ✅ D1C712210 | page 14
2026-06-06 15:37:05,921 - INFO - [WBC] 🔎 Detail: https://www.webuycars.co.za/buy-a-car/Renault/Sandero-900t-Stepway-Expression/D6C216379
2026-06-06 15:37:08,840 - INFO -    ✅ D6C216379 | page 14
2026-06-06 15:37:08,841 - INFO - [WBC] 🔎 Detail: https://www.webuycars.co.za/buy-a-car/Hyundai/Atos-Atoz-11-Motion/E2B515689
2026-06-06 15:37:11,654 - INFO -    ✅ E2B515689 | page 14
2026-06-06 15:37:11,654 - INFO - [WBC] 🔎 Detail: https://www.webuycars.co.za/buy-a-car/Suzuki/Swift-14T-Sport-Auto/E91C07799
2026-06-06 15:37:14,541 - INFO -    ✅ E91C07799 | page 14
2026-06-06 15:37:14,541 - INFO - [WBC] 🔎 Detail: https://www.webuycars.co.za/buy-a-car/Volkswagen/Polo-Vivo-16-Trendline/ECD608041
2026-06-06 15:37:17,541 - INFO -    ✅ ECD608041 | page 14
2026-06-06 15:37:17,542 - INFO - [WBC] 🔎 Detail: https://www.webuycars.co.za/buy-a-car/Renault/Kwid-10-Dynamique-5-Door/FA5710529
2026-06-06 15:37:20,470 - INFO -    ✅ FA5710529 | page 14
2026-06-06 15:37:20,470 - INFO - [WBC] 🔎 Detail: https://www.webuycars.co.za/buy-a-car/KIA/Sportage-16-CRDi-EX-Auto/09C502745
2026-06-06 15:37:23,695 - INFO -    ✅ 09C502745 | page 14
2026-06-06 15:37:23,695 - INFO - [WBC] 🔎 Detail: https://www.webuycars.co.za/buy-a-car/Toyota/Corolla-Quest-16/1FCC16019
2026-06-06 15:37:26,476 - INFO -    ✅ 1FCC16019 | page 14
2026-06-06 15:37:26,477 - INFO - [WBC] 📄 Page 15: https://www.webuycars.co.za/buy-a-car?Year=[2019,2026]&BodyType=["Panel%20Van","Dropside"]&InspectionCondition=["Certified"]&page=15
2026-06-06 15:37:41,477 - INFO - [WBC] 🔎 Detail: https://www.webuycars.co.za/buy-a-car/Citroen/C3-Aircross-12T-Puretech-Shine-Auto/D1C712210
2026-06-06 15:37:44,919 - INFO -    ✅ D1C712210 | page 15
2026-06-06 15:37:45,918 - INFO - ✅ Saved 10 car(s) to Firestore.
2026-06-06 15:37:45,919 - INFO - [WBC] 🔎 Detail: https://www.webuycars.co.za/buy-a-car/Renault/Sandero-900t-Stepway-Expression/D6C216379
2026-06-06 15:37:48,637 - INFO -    ✅ D6C216379 | page 15
2026-06-06 15:37:48,637 - INFO - [WBC] 🔎 Detail: https://www.webuycars.co.za/buy-a-car/Hyundai/Atos-Atoz-11-Motion/E2B515689
2026-06-06 15:37:51,400 - INFO -    ✅ E2B515689 | page 15
2026-06-06 15:37:51,401 - INFO - [WBC] 🔎 Detail: https://www.webuycars.co.za/buy-a-car/Suzuki/Swift-14T-Sport-Auto/E91C07799
2026-06-06 15:37:54,374 - INFO -    ✅ E91C07799 | page 15
2026-06-06 15:37:54,374 - INFO - [WBC] 🔎 Detail: https://www.webuycars.co.za/buy-a-car/Volkswagen/Polo-Vivo-16-Trendline/ECD608041
2026-06-06 15:37:57,048 - INFO -    ✅ ECD608041 | page 15
2026-06-06 15:37:57,049 - INFO - [WBC] 🔎 Detail: https://www.webuycars.co.za/buy-a-car/Renault/Kwid-10-Dynamique-5-Door/FA5710529
2026-06-06 15:37:59,931 - INFO -    ✅ FA5710529 | page 15
2026-06-06 15:37:59,932 - INFO - [WBC] 🔎 Detail: https://www.webuycars.co.za/buy-a-car/KIA/Sportage-16-CRDi-EX-Auto/09C502745
2026-06-06 15:38:02,791 - INFO -    ✅ 09C502745 | page 15
2026-06-06 15:38:02,791 - INFO - [WBC] 🔎 Detail: https://www.webuycars.co.za/buy-a-car/Toyota/Corolla-Quest-16/1FCC16019
2026-06-06 15:38:05,461 - INFO -    ✅ 1FCC16019 | page 15
2026-06-06 15:38:05,461 - INFO - [WBC] 📄 Page 16: https://www.webuycars.co.za/buy-a-car?Year=[2019,2026]&BodyType=["Panel%20Van","Dropside"]&InspectionCondition=["Certified"]&page=16
2026-06-06 15:38:20,512 - INFO - [WBC] 🔎 Detail: https://www.webuycars.co.za/buy-a-car/Citroen/C3-Aircross-12T-Puretech-Shine-Auto/D1C712210
2026-06-06 15:38:23,753 - INFO -    ✅ D1C712210 | page 16
2026-06-06 15:38:23,754 - INFO - [WBC] 🔎 Detail: https://www.webuycars.co.za/buy-a-car/Renault/Sandero-900t-Stepway-Expression/D6C216379
2026-06-06 15:38:26,610 - INFO -    ✅ D6C216379 | page 16
2026-06-06 15:38:26,610 - INFO - [WBC] 🔎 Detail: https://www.webuycars.co.za/buy-a-car/Hyundai/Atos-Atoz-11-Motion/E2B515689
2026-06-06 15:38:29,377 - INFO -    ✅ E2B515689 | page 16
2026-06-06 15:38:30,343 - INFO - ✅ Saved 10 car(s) to Firestore.
2026-06-06 15:38:30,344 - INFO - [WBC] 🔎 Detail: https://www.webuycars.co.za/buy-a-car/Suzuki/Swift-14T-Sport-Auto/E91C07799
2026-06-06 15:38:33,417 - INFO -    ✅ E91C07799 | page 16
2026-06-06 15:38:33,418 - INFO - [WBC] 🔎 Detail: https://www.webuycars.co.za/buy-a-car/Volkswagen/Polo-Vivo-16-Trendline/ECD608041
2026-06-06 15:38:36,115 - INFO -    ✅ ECD608041 | page 16
2026-06-06 15:38:36,115 - INFO - [WBC] 🔎 Detail: https://www.webuycars.co.za/buy-a-car/Renault/Kwid-10-Dynamique-5-Door/FA5710529
2026-06-06 15:38:38,799 - INFO -    ✅ FA5710529 | page 16
2026-06-06 15:38:38,799 - INFO - [WBC] 🔎 Detail: https://www.webuycars.co.za/buy-a-car/KIA/Sportage-16-CRDi-EX-Auto/09C502745
2026-06-06 15:38:41,490 - INFO -    ✅ 09C502745 | page 16
2026-06-06 15:38:41,491 - INFO - [WBC] 🔎 Detail: https://www.webuycars.co.za/buy-a-car/Toyota/Corolla-Quest-16/1FCC16019
2026-06-06 15:38:44,271 - INFO -    ✅ 1FCC16019 | page 16
2026-06-06 15:38:44,272 - INFO - [WBC] 📄 Page 17: https://www.webuycars.co.za/buy-a-car?Year=[2019,2026]&BodyType=["Panel%20Van","Dropside"]&InspectionCondition=["Certified"]&page=17
2026-06-06 15:38:59,281 - INFO - [WBC] 🔎 Detail: https://www.webuycars.co.za/buy-a-car/Citroen/C3-Aircross-12T-Puretech-Shine-Auto/D1C712210
2026-06-06 15:39:02,590 - INFO -    ✅ D1C712210 | page 17
2026-06-06 15:39:02,590 - INFO - [WBC] 🔎 Detail: https://www.webuycars.co.za/buy-a-car/Renault/Sandero-900t-Stepway-Expression/D6C216379
2026-06-06 15:39:05,710 - INFO -    ✅ D6C216379 | page 17
2026-06-06 15:39:05,710 - INFO - [WBC] 🔎 Detail: https://www.webuycars.co.za/buy-a-car/Hyundai/Atos-Atoz-11-Motion/E2B515689
2026-06-06 15:39:08,588 - INFO -    ✅ E2B515689 | page 17
2026-06-06 15:39:08,589 - INFO - [WBC] 🔎 Detail: https://www.webuycars.co.za/buy-a-car/Suzuki/Swift-14T-Sport-Auto/E91C07799
2026-06-06 15:39:11,642 - INFO -    ✅ E91C07799 | page 17
2026-06-06 15:39:11,642 - INFO - [WBC] 🔎 Detail: https://www.webuycars.co.za/buy-a-car/Volkswagen/Polo-Vivo-16-Trendline/ECD608041
2026-06-06 15:39:15,965 - INFO -    ✅ ECD608041 | page 17
2026-06-06 15:39:17,074 - INFO - ✅ Saved 10 car(s) to Firestore.
2026-06-06 15:39:17,075 - INFO - [WBC] 🔎 Detail: https://www.webuycars.co.za/buy-a-car/Renault/Kwid-10-Dynamique-5-Door/FA5710529
2026-06-06 15:39:19,995 - INFO -    ✅ FA5710529 | page 17
2026-06-06 15:39:19,995 - INFO - [WBC] 🔎 Detail: https://www.webuycars.co.za/buy-a-car/KIA/Sportage-16-CRDi-EX-Auto/09C502745
2026-06-06 15:39:23,114 - INFO -    ✅ 09C502745 | page 17
2026-06-06 15:39:23,115 - INFO - [WBC] 🔎 Detail: https://www.webuycars.co.za/buy-a-car/Toyota/Corolla-Quest-16/1FCC16019
2026-06-06 15:39:26,055 - INFO -    ✅ 1FCC16019 | page 17
2026-06-06 15:39:26,056 - INFO - [WBC] 📄 Page 18: https://www.webuycars.co.za/buy-a-car?Year=[2019,2026]&BodyType=["Panel%20Van","Dropside"]&InspectionCondition=["Certified"]&page=18
2026-06-06 15:39:41,623 - INFO - [WBC] 🔎 Detail: https://www.webuycars.co.za/buy-a-car/Citroen/C3-Aircross-12T-Puretech-Shine-Auto/D1C712210
2026-06-06 15:39:46,202 - INFO -    ✅ D1C712210 | page 18
2026-06-06 15:39:46,202 - INFO - [WBC] 🔎 Detail: https://www.webuycars.co.za/buy-a-car/Renault/Sandero-900t-Stepway-Expression/D6C216379
2026-06-06 15:39:49,023 - INFO -    ✅ D6C216379 | page 18
2026-06-06 15:39:49,023 - INFO - [WBC] 🔎 Detail: https://www.webuycars.co.za/buy-a-car/Hyundai/Atos-Atoz-11-Motion/E2B515689
2026-06-06 15:39:51,758 - INFO -    ✅ E2B515689 | page 18
2026-06-06 15:39:51,759 - INFO - [WBC] 🔎 Detail: https://www.webuycars.co.za/buy-a-car/Suzuki/Swift-14T-Sport-Auto/E91C07799
2026-06-06 15:39:54,739 - INFO -    ✅ E91C07799 | page 18
2026-06-06 15:39:54,740 - INFO - [WBC] 🔎 Detail: https://www.webuycars.co.za/buy-a-car/Volkswagen/Polo-Vivo-16-Trendline/ECD608041
2026-06-06 15:39:57,515 - INFO -    ✅ ECD608041 | page 18
2026-06-06 15:39:57,515 - INFO - [WBC] 🔎 Detail: https://www.webuycars.co.za/buy-a-car/Renault/Kwid-10-Dynamique-5-Door/FA5710529
2026-06-06 15:40:00,337 - INFO -    ✅ FA5710529 | page 18
2026-06-06 15:40:00,338 - INFO - [WBC] 🔎 Detail: https://www.webuycars.co.za/buy-a-car/KIA/Sportage-16-CRDi-EX-Auto/09C502745
2026-06-06 15:40:03,123 - INFO -    ✅ 09C502745 | page 18
2026-06-06 15:40:04,191 - INFO - ✅ Saved 10 car(s) to Firestore.
2026-06-06 15:40:04,191 - INFO - [WBC] 🔎 Detail: https://www.webuycars.co.za/buy-a-car/Toyota/Corolla-Quest-16/1FCC16019
2026-06-06 15:40:07,092 - INFO -    ✅ 1FCC16019 | page 18
2026-06-06 15:40:07,092 - INFO - [WBC] 📄 Page 19: https://www.webuycars.co.za/buy-a-car?Year=[2019,2026]&BodyType=["Panel%20Van","Dropside"]&InspectionCondition=["Certified"]&page=19
2026-06-06 15:40:22,004 - INFO - [WBC] 🔎 Detail: https://www.webuycars.co.za/buy-a-car/Citroen/C3-Aircross-12T-Puretech-Shine-Auto/D1C712210
2026-06-06 15:40:25,629 - INFO -    ✅ D1C712210 | page 19
2026-06-06 15:40:25,629 - INFO - [WBC] 🔎 Detail: https://www.webuycars.co.za/buy-a-car/Renault/Sandero-900t-Stepway-Expression/D6C216379
2026-06-06 15:40:28,454 - INFO -    ✅ D6C216379 | page 19
2026-06-06 15:40:28,455 - INFO - [WBC] 🔎 Detail: https://www.webuycars.co.za/buy-a-car/Hyundai/Atos-Atoz-11-Motion/E2B515689
2026-06-06 15:40:31,194 - INFO -    ✅ E2B515689 | page 19
2026-06-06 15:40:31,194 - INFO - [WBC] 🔎 Detail: https://www.webuycars.co.za/buy-a-car/Suzuki/Swift-14T-Sport-Auto/E91C07799
2026-06-06 15:40:33,889 - INFO -    ✅ E91C07799 | page 19
2026-06-06 15:40:33,890 - INFO - [WBC] 🔎 Detail: https://www.webuycars.co.za/buy-a-car/Volkswagen/Polo-Vivo-16-Trendline/ECD608041
2026-06-06 15:40:36,819 - INFO -    ✅ ECD608041 | page 19
2026-06-06 15:40:36,820 - INFO - [WBC] 🔎 Detail: https://www.webuycars.co.za/buy-a-car/Renault/Kwid-10-Dynamique-5-Door/FA5710529
2026-06-06 15:40:39,727 - INFO -    ✅ FA5710529 | page 19
2026-06-06 15:40:39,727 - INFO - [WBC] 🔎 Detail: https://www.webuycars.co.za/buy-a-car/KIA/Sportage-16-CRDi-EX-Auto/09C502745
2026-06-06 15:40:42,599 - INFO -    ✅ 09C502745 | page 19
2026-06-06 15:40:42,599 - INFO - [WBC] 🔎 Detail: https://www.webuycars.co.za/buy-a-car/Toyota/Corolla-Quest-16/1FCC16019
2026-06-06 15:40:45,430 - INFO -    ✅ 1FCC16019 | page 19
2026-06-06 15:40:45,430 - INFO - [WBC] 📄 Page 20: https://www.webuycars.co.za/buy-a-car?Year=[2019,2026]&BodyType=["Panel%20Van","Dropside"]&InspectionCondition=["Certified"]&page=20
2026-06-06 15:41:00,315 - INFO - [WBC] 🔎 Detail: https://www.webuycars.co.za/buy-a-car/Citroen/C3-Aircross-12T-Puretech-Shine-Auto/D1C712210
2026-06-06 15:41:03,787 - INFO -    ✅ D1C712210 | page 20
2026-06-06 15:41:04,813 - INFO - ✅ Saved 10 car(s) to Firestore.
2026-06-06 15:41:04,813 - INFO - [WBC] 🔎 Detail: https://www.webuycars.co.za/buy-a-car/Renault/Sandero-900t-Stepway-Expression/D6C216379
2026-06-06 15:41:07,610 - INFO -    ✅ D6C216379 | page 20
2026-06-06 15:41:07,611 - INFO - [WBC] 🔎 Detail: https://www.webuycars.co.za/buy-a-car/Hyundai/Atos-Atoz-11-Motion/E2B515689
2026-06-06 15:41:10,377 - INFO -    ✅ E2B515689 | page 20
2026-06-06 15:41:10,378 - INFO - [WBC] 🔎 Detail: https://www.webuycars.co.za/buy-a-car/Suzuki/Swift-14T-Sport-Auto/E91C07799
2026-06-06 15:41:13,353 - INFO -    ✅ E91C07799 | page 20
2026-06-06 15:41:13,353 - INFO - [WBC] 🔎 Detail: https://www.webuycars.co.za/buy-a-car/Volkswagen/Polo-Vivo-16-Trendline/ECD608041
2026-06-06 15:41:16,176 - INFO -    ✅ ECD608041 | page 20
2026-06-06 15:41:16,177 - INFO - [WBC] 🔎 Detail: https://www.webuycars.co.za/buy-a-car/Renault/Kwid-10-Dynamique-5-Door/FA5710529
2026-06-06 15:41:19,232 - INFO -    ✅ FA5710529 | page 20
2026-06-06 15:41:19,232 - INFO - [WBC] 🔎 Detail: https://www.webuycars.co.za/buy-a-car/KIA/Sportage-16-CRDi-EX-Auto/09C502745
2026-06-06 15:41:22,477 - INFO -    ✅ 09C502745 | page 20
2026-06-06 15:41:22,478 - INFO - [WBC] 🔎 Detail: https://www.webuycars.co.za/buy-a-car/Toyota/Corolla-Quest-16/1FCC16019
2026-06-06 15:41:25,314 - INFO -    ✅ 1FCC16019 | page 20
2026-06-06 15:41:26,057 - INFO - ✅ Saved 7 car(s) to Firestore.
2026-06-06 15:41:26,829 - INFO - 📌 Progress: 'Commercial Vehicles only' | lastPage=20 | exhausted=False
2026-06-06 15:41:26,829 - INFO -    ✔ Done | cars=187 | lastPage=20 | exhausted=False
2026-06-06 15:41:26,830 - INFO - ----------------------------------------------------------------------
2026-06-06 15:41:26,832 - INFO - 🎯 TARGET: 'SUVs only' | site=webuycars | maxPages=20
2026-06-06 15:41:27,505 - INFO -    Pages    : 1–20
2026-06-06 15:41:27,505 - INFO - [WBC] 📄 Page 1: https://www.webuycars.co.za/buy-a-car?Year=[2019,2026]&BodyType=["Sports%20Utility%20Vehicle%20(SUV)","Crossover%20(SUV)"]&InspectionCondition=["Certified"]
2026-06-06 15:41:50,268 - INFO - [WBC] 🔎 Detail: https://www.webuycars.co.za/buy-a-car/Suzuki/S-Presso-10-GL/444115760
2026-06-06 15:41:53,200 - INFO -    ✅ 444115760 | page 1
2026-06-06 15:41:53,200 - INFO - [WBC] 🔎 Detail: https://www.webuycars.co.za/buy-a-car/Nissan/Magnite-10-Visia-AMT/4A2610000
2026-06-06 15:41:56,034 - INFO -    ✅ 4A2610000 | page 1
2026-06-06 15:41:56,034 - INFO - [WBC] 🔎 Detail: https://www.webuycars.co.za/buy-a-car/Citroen/C3-Aircross-12T-Puretech-Shine-Auto/526212092
2026-06-06 15:41:58,801 - INFO -    ✅ 526212092 | page 1
2026-06-06 15:41:58,801 - INFO - [WBC] 🔎 Detail: https://www.webuycars.co.za/buy-a-car/Mahindra/KUV-100-12-K2-dare/638C06490
2026-06-06 15:42:01,499 - INFO -    ✅ 638C06490 | page 1
2026-06-06 15:42:01,499 - INFO - [WBC] 🔎 Detail: https://www.webuycars.co.za/buy-a-car/Hyundai/Exter-12-Executive/64A800042
2026-06-06 15:42:04,396 - INFO -    ✅ 64A800042 | page 1
2026-06-06 15:42:04,396 - INFO - [WBC] 🔎 Detail: https://www.webuycars.co.za/buy-a-car/Hyundai/Creta-15-Premium-IVT/6F1D00354
2026-06-06 15:42:08,014 - INFO -    ✅ 6F1D00354 | page 1
2026-06-06 15:42:08,014 - INFO - [WBC] 🔎 Detail: https://www.webuycars.co.za/buy-a-car/Citroen/C3-Aircross-12T-Puretech-Shine-Auto/78DD08891
2026-06-06 15:42:10,729 - INFO -    ✅ 78DD08891 | page 1
2026-06-06 15:42:10,729 - INFO - [WBC] 🔎 Detail: https://www.webuycars.co.za/buy-a-car/Citroen/C3-Aircross-12T-Puretech-Shine-Auto/84B412120
2026-06-06 15:42:13,460 - INFO -    ✅ 84B412120 | page 1
2026-06-06 15:42:13,460 - INFO - [WBC] 🔎 Detail: https://www.webuycars.co.za/buy-a-car/Haval/Jolion-15T-City/A51A15548
2026-06-06 15:42:16,174 - INFO -    ✅ A51A15548 | page 1
2026-06-06 15:42:16,175 - INFO - [WBC] 🔎 Detail: https://www.webuycars.co.za/buy-a-car/Citroen/C3-Aircross-12T-Puretech-Shine-Auto/D1C712210
2026-06-06 15:42:19,103 - INFO -    ✅ D1C712210 | page 1
2026-06-06 15:42:20,107 - INFO - ✅ Saved 10 car(s) to Firestore.
2026-06-06 15:42:20,108 - INFO - [WBC] 🔎 Detail: https://www.webuycars.co.za/buy-a-car/KIA/Sportage-16-CRDi-EX-Auto/09C502745
2026-06-06 15:42:22,959 - INFO -    ✅ 09C502745 | page 1
2026-06-06 15:42:22,959 - INFO - [WBC] 🔎 Detail: https://www.webuycars.co.za/buy-a-car/Citroen/C3-Aircross-MAX-12T-Auto/293D08690
2026-06-06 15:42:25,886 - INFO -    ✅ 293D08690 | page 1
2026-06-06 15:42:25,887 - INFO - [WBC] 🔎 Detail: https://www.webuycars.co.za/buy-a-car/Citroen/C3-Aircross-12T-Puretech-Shine-Auto/31F610865
2026-06-06 15:42:29,248 - INFO -    ✅ 31F610865 | page 1
2026-06-06 15:42:29,248 - INFO - [WBC] 🔎 Detail: https://www.webuycars.co.za/buy-a-car/Renault/Kiger-10-Energy-ZEN/4D3415618
2026-06-06 15:42:32,333 - INFO -    ✅ 4D3415618 | page 1
2026-06-06 15:42:32,334 - INFO - [WBC] 🔎 Detail: https://www.webuycars.co.za/buy-a-car/Chery/Tiggo-4-PRO-15T-Elite/73E905028
2026-06-06 15:42:35,302 - INFO -    ✅ 73E905028 | page 1
2026-06-06 15:42:35,302 - INFO - [WBC] 🔎 Detail: https://www.webuycars.co.za/buy-a-car/Hyundai/Exter-12-Executive-AMT/72EF01797
2026-06-06 15:42:38,174 - INFO -    ✅ 72EF01797 | page 1
2026-06-06 15:42:38,175 - INFO - [WBC] 🔎 Detail: https://www.webuycars.co.za/buy-a-car/Haval/H7-20T-Luxury-DCT/9D6415476
2026-06-06 15:42:40,938 - INFO -    ✅ 9D6415476 | page 1
2026-06-06 15:42:40,938 - INFO - [WBC] 🔎 Detail: https://www.webuycars.co.za/buy-a-car/Suzuki/XL6-15-GL/E8B214198
2026-06-06 15:42:44,160 - INFO -    ✅ E8B214198 | page 1
2026-06-06 15:42:44,161 - INFO - [WBC] 🔎 Detail: https://www.webuycars.co.za/buy-a-car/Hyundai/Exter-12-Executive/E8BA11013
2026-06-06 15:42:47,075 - INFO -    ✅ E8BA11013 | page 1
2026-06-06 15:42:47,076 - INFO - [WBC] 🔎 Detail: https://www.webuycars.co.za/buy-a-car/Citroen/C3-Aircross-12T-Puretech-Feel-Auto/022312165
2026-06-06 15:42:49,867 - INFO -    ✅ 022312165 | page 1
2026-06-06 15:42:50,853 - INFO - ✅ Saved 10 car(s) to Firestore.
2026-06-06 15:42:50,854 - INFO - [WBC] 🔎 Detail: https://www.webuycars.co.za/buy-a-car/Citroen/C3-Aircross-12T-Puretech-Feel-Auto/1E7414633
2026-06-06 15:42:53,881 - INFO -    ✅ 1E7414633 | page 1
2026-06-06 15:42:53,881 - INFO - [WBC] 🔎 Detail: https://www.webuycars.co.za/buy-a-car/Toyota/Corolla-Cross-18-Gr-S-Hybrid/25AD08288
2026-06-06 15:42:56,760 - INFO -    ✅ 25AD08288 | page 1
2026-06-06 15:42:56,760 - INFO - [WBC] 🔎 Detail: https://www.webuycars.co.za/buy-a-car/Suzuki/Jimny-15-GL-Auto/388C14972
2026-06-06 15:42:59,746 - INFO -    ✅ 388C14972 | page 1
2026-06-06 15:42:59,746 - INFO - [WBC] 📄 Page 2: https://www.webuycars.co.za/buy-a-car?Year=[2019,2026]&BodyType=["Sports%20Utility%20Vehicle%20(SUV)","Crossover%20(SUV)"]&InspectionCondition=["Certified"]&page=2
2026-06-06 15:43:23,937 - INFO - [WBC] 🔎 Detail: https://www.webuycars.co.za/buy-a-car/Toyota/Fortuner-28-Gd-6-4x4-VX-Auto/389813802
2026-06-06 15:43:26,930 - INFO -    ✅ 389813802 | page 2
2026-06-06 15:43:26,931 - INFO - [WBC] 🔎 Detail: https://www.webuycars.co.za/buy-a-car/Citroen/C3-Aircross-12T-Puretech-Feel-Auto/660E10850
2026-06-06 15:43:29,996 - INFO -    ✅ 660E10850 | page 2
2026-06-06 15:43:29,996 - INFO - [WBC] 🔎 Detail: https://www.webuycars.co.za/buy-a-car/Chery/Tiggo-7-16T-Prestige-DCT/4EB605802
2026-06-06 15:43:32,881 - INFO -    ✅ 4EB605802 | page 2
2026-06-06 15:43:32,881 - INFO - [WBC] 🔎 Detail: https://www.webuycars.co.za/buy-a-car/Suzuki/S-Presso-10-GL/6F4408805
2026-06-06 15:43:35,745 - INFO -    ✅ 6F4408805 | page 2
2026-06-06 15:43:35,745 - INFO - [WBC] 🔎 Detail: https://www.webuycars.co.za/buy-a-car/Citroen/C3-Aircross-12T-Puretech-Shine-Auto/8C5D09608
2026-06-06 15:43:39,319 - INFO -    ✅ 8C5D09608 | page 2
2026-06-06 15:43:39,319 - INFO - [WBC] 🔎 Detail: https://www.webuycars.co.za/buy-a-car/Citroen/C3-Aircross-12T-Puretech-Feel-Auto/B04F10039
2026-06-06 15:43:42,145 - INFO -    ✅ B04F10039 | page 2
2026-06-06 15:43:42,145 - INFO - [WBC] 🔎 Detail: https://www.webuycars.co.za/buy-a-car/Hyundai/Exter-12-Premium-AMT/B3D808000
2026-06-06 15:43:45,098 - INFO -    ✅ B3D808000 | page 2
2026-06-06 15:43:47,197 - INFO - ✅ Saved 10 car(s) to Firestore.
2026-06-06 15:43:47,197 - INFO - [WBC] 🔎 Detail: https://www.webuycars.co.za/buy-a-car/Mitsubishi/Eclipse-Cross-15T-GLS-CVT/460609791
2026-06-06 15:43:50,340 - INFO -    ✅ 460609791 | page 2
2026-06-06 15:43:50,340 - INFO - [WBC] 🔎 Detail: https://www.webuycars.co.za/buy-a-car/Citroen/C3-Aircross-12T-Puretech-Feel-Auto/93AA08141
2026-06-06 15:43:53,567 - INFO -    ✅ 93AA08141 | page 2
2026-06-06 15:43:53,568 - INFO - [WBC] 🔎 Detail: https://www.webuycars.co.za/buy-a-car/Citroen/C3-Aircross-12T-Puretech-Shine-Auto/A4D412369
2026-06-06 15:43:56,780 - INFO -    ✅ A4D412369 | page 2
2026-06-06 15:43:56,780 - INFO - [WBC] 🔎 Detail: https://www.webuycars.co.za/buy-a-car/Renault/Kiger-10-Energy-ZEN/A5C012243
2026-06-06 15:43:59,730 - INFO -    ✅ A5C012243 | page 2
2026-06-06 15:43:59,730 - INFO - [WBC] 🔎 Detail: https://www.webuycars.co.za/buy-a-car/Omoda/Omoda-C5-15T-Style/B9FC05076
2026-06-06 15:44:02,633 - INFO -    ✅ B9FC05076 | page 2
2026-06-06 15:44:02,633 - INFO - [WBC] 🔎 Detail: https://www.webuycars.co.za/buy-a-car/Omoda/C9-20T-Inspire/AAC203814
2026-06-06 15:44:05,574 - INFO -    ✅ AAC203814 | page 2
2026-06-06 15:44:05,575 - INFO - [WBC] 🔎 Detail: https://www.webuycars.co.za/buy-a-car/Nissan/Magnite-10-Visia/B91101104
2026-06-06 15:44:08,539 - INFO -    ✅ B91101104 | page 2
2026-06-06 15:44:08,540 - INFO - [WBC] 🔎 Detail: https://www.webuycars.co.za/buy-a-car/Mahindra/Xuv3xo-12T-MX2/D94D03195
2026-06-06 15:44:11,396 - INFO -    ✅ D94D03195 | page 2
2026-06-06 15:44:11,396 - INFO - [WBC] 🔎 Detail: https://www.webuycars.co.za/buy-a-car/Nissan/Magnite-10-Visia-br10/03DA16218
2026-06-06 15:44:14,244 - INFO -    ✅ 03DA16218 | page 2
2026-06-06 15:44:14,244 - INFO - [WBC] 🔎 Detail: https://www.webuycars.co.za/buy-a-car/Toyota/Corolla-Cross-18-XI/058D07138
2026-06-06 15:44:17,436 - INFO -    ✅ 058D07138 | page 2
2026-06-06 15:44:18,441 - INFO - ✅ Saved 10 car(s) to Firestore.
2026-06-06 15:44:18,442 - INFO - [WBC] 🔎 Detail: https://www.webuycars.co.za/buy-a-car/Citroen/C3-Aircross-12T-Puretech-Feel-Auto/1EF309612
2026-06-06 15:44:21,257 - INFO -    ✅ 1EF309612 | page 2
2026-06-06 15:44:21,257 - INFO - [WBC] 🔎 Detail: https://www.webuycars.co.za/buy-a-car/Volkswagen/T-Cross-10-TSI-DSG/252412496
2026-06-06 15:44:23,909 - INFO -    ✅ 252412496 | page 2
2026-06-06 15:44:23,910 - INFO - [WBC] 🔎 Detail: https://www.webuycars.co.za/buy-a-car/Citroen/C3-Aircross-12T-Puretech-Feel-Auto/2D3510034
2026-06-06 15:44:26,882 - INFO -    ✅ 2D3510034 | page 2
2026-06-06 15:44:26,883 - INFO - [WBC] 🔎 Detail: https://www.webuycars.co.za/buy-a-car/Citroen/C3-Aircross-12T-Puretech-Feel-Auto/74EB07039
2026-06-06 15:44:29,803 - INFO -    ✅ 74EB07039 | page 2
2026-06-06 15:44:29,803 - INFO - [WBC] 🔎 Detail: https://www.webuycars.co.za/buy-a-car/Haval/Jolion-PRO-15T-Super-Luxury-DCT/9A0E02403
2026-06-06 15:44:32,803 - INFO -    ✅ 9A0E02403 | page 2
2026-06-06 15:44:32,804 - INFO - [WBC] 🔎 Detail: https://www.webuycars.co.za/buy-a-car/Suzuki/S-Presso-10-GL-AMT/DBC503740
2026-06-06 15:44:35,650 - INFO -    ✅ DBC503740 | page 2
2026-06-06 15:44:35,651 - INFO - [WBC] 📄 Page 3: https://www.webuycars.co.za/buy-a-car?Year=[2019,2026]&BodyType=["Sports%20Utility%20Vehicle%20(SUV)","Crossover%20(SUV)"]&InspectionCondition=["Certified"]&page=3
2026-06-06 15:44:58,519 - INFO - [WBC] 🔎 Detail: https://www.webuycars.co.za/buy-a-car/Citroen/C3-Aircross-12T-Puretech-Shine-Auto/061610858
2026-06-06 15:45:01,655 - INFO -    ✅ 061610858 | page 3
2026-06-06 15:45:01,656 - INFO - [WBC] 🔎 Detail: https://www.webuycars.co.za/buy-a-car/Nissan/Magnite-10T-Acenta-Plus-CVT/103F01555
2026-06-06 15:45:04,832 - INFO -    ✅ 103F01555 | page 3
2026-06-06 15:45:04,832 - INFO - [WBC] 🔎 Detail: https://www.webuycars.co.za/buy-a-car/Chery/Tiggo-4-PRO-15-LIT/2B1A09084
2026-06-06 15:45:07,707 - INFO -    ✅ 2B1A09084 | page 3
2026-06-06 15:45:07,708 - INFO - [WBC] 🔎 Detail: https://www.webuycars.co.za/buy-a-car/Citroen/C3-Aircross-12T-Puretech-Shine-Auto/2FC104870
2026-06-06 15:45:10,438 - INFO -    ✅ 2FC104870 | page 3
2026-06-06 15:45:11,538 - INFO - ✅ Saved 10 car(s) to Firestore.
2026-06-06 15:45:11,539 - INFO - [WBC] 🔎 Detail: https://www.webuycars.co.za/buy-a-car/Chery/Tiggo-4-PRO-15-LIT/3BA714220
2026-06-06 15:45:14,366 - INFO -    ✅ 3BA714220 | page 3
2026-06-06 15:45:14,367 - INFO - [WBC] 🔎 Detail: https://www.webuycars.co.za/buy-a-car/Renault/Kiger-10-Energy-ZEN-AMT/415102596
2026-06-06 15:45:17,129 - INFO -    ✅ 415102596 | page 3
2026-06-06 15:45:17,130 - INFO - [WBC] 🔎 Detail: https://www.webuycars.co.za/buy-a-car/Chery/Tiggo-8-PRO-MAX-20-Tgdi-Executive-DCT/565C03647
2026-06-06 15:45:20,189 - INFO -    ✅ 565C03647 | page 3
2026-06-06 15:45:20,190 - INFO - [WBC] 🔎 Detail: https://www.webuycars.co.za/buy-a-car/Suzuki/Fronx-15-GL-Auto/7B3103807
2026-06-06 15:45:23,248 - INFO -    ✅ 7B3103807 | page 3
2026-06-06 15:45:23,248 - INFO - [WBC] 🔎 Detail: https://www.webuycars.co.za/buy-a-car/Citroen/C3-Aircross-12T-Puretech-Shine-Auto/AA5A12375
2026-06-06 15:45:26,375 - INFO -    ✅ AA5A12375 | page 3
2026-06-06 15:45:26,376 - INFO - [WBC] 🔎 Detail: https://www.webuycars.co.za/buy-a-car/Omoda/Omoda-C5-15-Street/D1F714857
2026-06-06 15:45:29,270 - INFO -    ✅ D1F714857 | page 3
2026-06-06 15:45:29,271 - INFO - [WBC] 🔎 Detail: https://www.webuycars.co.za/buy-a-car/Suzuki/S-Presso-10-GL/D9E507100
2026-06-06 15:45:32,215 - INFO -    ✅ D9E507100 | page 3
2026-06-06 15:45:32,216 - INFO - [WBC] 🔎 Detail: https://www.webuycars.co.za/buy-a-car/Citroen/C3-Aircross-12T-Puretech-Feel-Auto/FFBC12341
2026-06-06 15:45:35,524 - INFO -    ✅ FFBC12341 | page 3
2026-06-06 15:45:35,525 - INFO - [WBC] 🔎 Detail: https://www.webuycars.co.za/buy-a-car/Nissan/Magnite-10T-Acenta-Plus-CVT/256601622
2026-06-06 15:45:38,666 - INFO -    ✅ 256601622 | page 3
2026-06-06 15:45:38,667 - INFO - [WBC] 🔎 Detail: https://www.webuycars.co.za/buy-a-car/Chery/Tiggo-4-PRO-15-LIT-CVT/5B5913912
2026-06-06 15:45:41,499 - INFO -    ✅ 5B5913912 | page 3
2026-06-06 15:45:42,480 - INFO - ✅ Saved 10 car(s) to Firestore.
2026-06-06 15:45:42,480 - INFO - [WBC] 🔎 Detail: https://www.webuycars.co.za/buy-a-car/Suzuki/Ignis-12-GLX-Auto/983D15904
2026-06-06 15:45:45,341 - INFO -    ✅ 983D15904 | page 3
2026-06-06 15:45:45,341 - INFO - [WBC] 🔎 Detail: https://www.webuycars.co.za/buy-a-car/Renault/Kiger-10-Energy-ZEN-AMT/939007647
2026-06-06 15:45:48,152 - INFO -    ✅ 939007647 | page 3
2026-06-06 15:45:48,153 - INFO - [WBC] 🔎 Detail: https://www.webuycars.co.za/buy-a-car/Nissan/Magnite-10-Visia-AMT-br10/B88202497
2026-06-06 15:45:51,070 - INFO -    ✅ B88202497 | page 3
2026-06-06 15:45:51,070 - INFO - [WBC] 🔎 Detail: https://www.webuycars.co.za/buy-a-car/Suzuki/S-Presso-10-S-Edition/C90014959
2026-06-06 15:45:53,974 - INFO -    ✅ C90014959 | page 3
2026-06-06 15:45:53,974 - INFO - [WBC] 🔎 Detail: https://www.webuycars.co.za/buy-a-car/Hyundai/Exter-12-Executive/EA0014536
2026-06-06 15:45:56,922 - INFO -    ✅ EA0014536 | page 3
2026-06-06 15:45:56,922 - INFO - [WBC] 🔎 Detail: https://www.webuycars.co.za/buy-a-car/Renault/Kiger-10-Energy-ZEN-AMT/EBF904370
2026-06-06 15:45:59,845 - INFO -    ✅ EBF904370 | page 3
2026-06-06 15:45:59,846 - INFO - [WBC] 🔎 Detail: https://www.webuycars.co.za/buy-a-car/Mahindra/Xuv3xo-12T-MX3/F5AF12168
2026-06-06 15:46:02,826 - INFO -    ✅ F5AF12168 | page 3
2026-06-06 15:46:02,826 - INFO - [WBC] 🔎 Detail: https://www.webuycars.co.za/buy-a-car/Haval/Jolion-15T-City-Plus-DCT/564414078
2026-06-06 15:46:05,851 - INFO -    ✅ 564414078 | page 3
2026-06-06 15:46:05,851 - INFO - [WBC] 🔎 Detail: https://www.webuycars.co.za/buy-a-car/Haval/H7-20T-Super-Luxury-4x4-DCT/43A310966
2026-06-06 15:46:08,720 - INFO -    ✅ 43A310966 | page 3
2026-06-06 15:46:08,721 - INFO - [WBC] 📄 Page 4: https://www.webuycars.co.za/buy-a-car?Year=[2019,2026]&BodyType=["Sports%20Utility%20Vehicle%20(SUV)","Crossover%20(SUV)"]&InspectionCondition=["Certified"]&page=4
2026-06-06 15:46:31,728 - INFO - [WBC] 🔎 Detail: https://www.webuycars.co.za/buy-a-car/Toyota/Corolla-Cross-18-Gr-S/6BFE03216
2026-06-06 15:46:34,793 - INFO -    ✅ 6BFE03216 | page 4
2026-06-06 15:46:35,719 - INFO - ✅ Saved 10 car(s) to Firestore.
2026-06-06 15:46:35,720 - INFO - [WBC] 🔎 Detail: https://www.webuycars.co.za/buy-a-car/Nissan/Magnite-10-Acenta-AMT-br10/707309623
2026-06-06 15:46:38,583 - INFO -    ✅ 707309623 | page 4
2026-06-06 15:46:38,584 - INFO - [WBC] 🔎 Detail: https://www.webuycars.co.za/buy-a-car/Opel/Crossland-12T-Edition-Auto/D76110824
2026-06-06 15:46:41,399 - INFO -    ✅ D76110824 | page 4
2026-06-06 15:46:41,399 - INFO - [WBC] 🔎 Detail: https://www.webuycars.co.za/buy-a-car/Chery/Tiggo-4-PRO-15-LIT/164607936
2026-06-06 15:46:44,049 - INFO -    ✅ 164607936 | page 4
2026-06-06 15:46:44,049 - INFO - [WBC] 🔎 Detail: https://www.webuycars.co.za/buy-a-car/Haval/Jolion-15T-City-Plus-DCT/287C00743
2026-06-06 15:46:48,012 - INFO -    ✅ 287C00743 | page 4
2026-06-06 15:46:48,012 - INFO - [WBC] 🔎 Detail: https://www.webuycars.co.za/buy-a-car/Nissan/Magnite-10T-Acenta-Plus-CVT/6F1103062
2026-06-06 15:46:50,807 - INFO -    ✅ 6F1103062 | page 4
2026-06-06 15:46:50,808 - INFO - [WBC] 🔎 Detail: https://www.webuycars.co.za/buy-a-car/Toyota/Corolla-Cross-18-XI/929100416
2026-06-06 15:46:53,674 - INFO -    ✅ 929100416 | page 4
2026-06-06 15:46:53,674 - INFO - [WBC] 🔎 Detail: https://www.webuycars.co.za/buy-a-car/KIA/Sonet-15-EX-CVT/F49309891
2026-06-06 15:46:56,861 - INFO -    ✅ F49309891 | page 4
2026-06-06 15:46:56,861 - INFO - [WBC] 🔎 Detail: https://www.webuycars.co.za/buy-a-car/Chery/Tiggo-7-PRO-15T-Distinction-CVT/17DC15580
2026-06-06 15:46:59,758 - INFO -    ✅ 17DC15580 | page 4
2026-06-06 15:46:59,759 - INFO - [WBC] 🔎 Detail: https://www.webuycars.co.za/buy-a-car/Suzuki/Vitara-Brezza-15-GLX-Auto/1E1016197
2026-06-06 15:47:02,564 - INFO -    ✅ 1E1016197 | page 4
2026-06-06 15:47:02,564 - INFO - [WBC] 🔎 Detail: https://www.webuycars.co.za/buy-a-car/Citroen/C3-Aircross-12T-Puretech-Feel-Auto/35D412357
2026-06-06 15:47:05,344 - INFO -    ✅ 35D412357 | page 4
2026-06-06 15:47:06,319 - INFO - ✅ Saved 10 car(s) to Firestore.
2026-06-06 15:47:06,319 - INFO - [WBC] 🔎 Detail: https://www.webuycars.co.za/buy-a-car/Hyundai/Exter-12-Executive-AMT/29A900104
2026-06-06 15:47:09,039 - INFO -    ✅ 29A900104 | page 4
2026-06-06 15:47:09,039 - INFO - [WBC] 🔎 Detail: https://www.webuycars.co.za/buy-a-car/Nissan/Magnite-10-Acenta-Plus-br10/481803130
2026-06-06 15:47:13,255 - INFO -    ✅ 481803130 | page 4
2026-06-06 15:47:13,255 - INFO - [WBC] 🔎 Detail: https://www.webuycars.co.za/buy-a-car/Chery/Tiggo-4-PRO-15-LIT/82B005799
2026-06-06 15:47:16,153 - INFO -    ✅ 82B005799 | page 4
2026-06-06 15:47:16,154 - INFO - [WBC] 🔎 Detail: https://www.webuycars.co.za/buy-a-car/Omoda/Omoda-C5-15-Street/A63C14089
2026-06-06 15:47:19,702 - INFO -    ✅ A63C14089 | page 4
2026-06-06 15:47:19,702 - INFO - [WBC] 🔎 Detail: https://www.webuycars.co.za/buy-a-car/Renault/Kiger-10-Energy-ZEN-AMT/BBD314065
2026-06-06 15:47:22,864 - INFO -    ✅ BBD314065 | page 4
2026-06-06 15:47:22,864 - INFO - [WBC] 🔎 Detail: https://www.webuycars.co.za/buy-a-car/Chery/Tiggo-4-PRO-15-LIT-CVT/BE7016095
2026-06-06 15:47:25,725 - INFO -    ✅ BE7016095 | page 4
2026-06-06 15:47:25,726 - INFO - [WBC] 🔎 Detail: https://www.webuycars.co.za/buy-a-car/Peugeot/3008-16T-Active-Auto/E59416517
2026-06-06 15:47:28,536 - INFO -    ✅ E59416517 | page 4
2026-06-06 15:47:28,537 - INFO - [WBC] 🔎 Detail: https://www.webuycars.co.za/buy-a-car/Omoda/C5-15-Style/EB5B01073
2026-06-06 15:47:31,373 - INFO -    ✅ EB5B01073 | page 4
2026-06-06 15:47:31,373 - INFO - [WBC] 🔎 Detail: https://www.webuycars.co.za/buy-a-car/Toyota/Fortuner-24gd-6-4x4-Auto/EFA900248
2026-06-06 15:47:34,205 - INFO -    ✅ EFA900248 | page 4
2026-06-06 15:47:34,205 - INFO - [WBC] 🔎 Detail: https://www.webuycars.co.za/buy-a-car/Baic/X25-15-Fashion/01F916604
2026-06-06 15:47:37,213 - INFO -    ✅ 01F916604 | page 4
2026-06-06 15:47:38,197 - INFO - ✅ Saved 10 car(s) to Firestore.
2026-06-06 15:47:38,197 - INFO - [WBC] 🔎 Detail: https://www.webuycars.co.za/buy-a-car/Chery/Tiggo-7-PRO-15T-Distinction-CVT/0F1108264
2026-06-06 15:47:41,066 - INFO -    ✅ 0F1108264 | page 4
2026-06-06 15:47:41,067 - INFO - [WBC] 🔎 Detail: https://www.webuycars.co.za/buy-a-car/Chery/Omoda-C5-15T-Luxury/2D9F10792
2026-06-06 15:47:44,138 - INFO -    ✅ 2D9F10792 | page 4
2026-06-06 15:47:44,139 - INFO - [WBC] 📄 Page 5: https://www.webuycars.co.za/buy-a-car?Year=[2019,2026]&BodyType=["Sports%20Utility%20Vehicle%20(SUV)","Crossover%20(SUV)"]&InspectionCondition=["Certified"]&page=5
2026-06-06 15:48:06,991 - INFO - [WBC] 🔎 Detail: https://www.webuycars.co.za/buy-a-car/Mahindra/Xuv3xo-12T-AX5-Auto/3DF000726
2026-06-06 15:48:11,243 - INFO -    ✅ 3DF000726 | page 5
2026-06-06 15:48:11,244 - INFO - [WBC] 🔎 Detail: https://www.webuycars.co.za/buy-a-car/Suzuki/S-Presso-10-GL/9FFD17179
2026-06-06 15:48:14,028 - INFO -    ✅ 9FFD17179 | page 5
2026-06-06 15:48:14,029 - INFO - [WBC] 🔎 Detail: https://www.webuycars.co.za/buy-a-car/Ford/Ecosport-10-EcoBoost-Active-Auto/B95D08071
2026-06-06 15:48:16,883 - INFO -    ✅ B95D08071 | page 5
2026-06-06 15:48:16,884 - INFO - [WBC] 🔎 Detail: https://www.webuycars.co.za/buy-a-car/MG/MG-HS-HS-15T-Comfort-Auto/CEA504743
2026-06-06 15:48:19,902 - INFO -    ✅ CEA504743 | page 5
2026-06-06 15:48:19,902 - INFO - [WBC] 🔎 Detail: https://www.webuycars.co.za/buy-a-car/Nissan/Magnite-10-Acenta-AMT-br10/EB8E11953
2026-06-06 15:48:22,811 - INFO -    ✅ EB8E11953 | page 5
2026-06-06 15:48:22,811 - INFO - [WBC] 🔎 Detail: https://www.webuycars.co.za/buy-a-car/Jetour/X70-Plus-15T-Deluxe/F7A401132
2026-06-06 15:48:25,891 - INFO -    ✅ F7A401132 | page 5
2026-06-06 15:48:25,891 - INFO - [WBC] 🔎 Detail: https://www.webuycars.co.za/buy-a-car/Toyota/Corolla-Cross-18-XS/34DB15465
2026-06-06 15:48:28,712 - INFO -    ✅ 34DB15465 | page 5
2026-06-06 15:48:28,712 - INFO - [WBC] 🔎 Detail: https://www.webuycars.co.za/buy-a-car/Toyota/Starlet-Cross-15xr/460E07596
2026-06-06 15:48:31,731 - INFO -    ✅ 460E07596 | page 5
2026-06-06 15:48:32,768 - INFO - ✅ Saved 10 car(s) to Firestore.
2026-06-06 15:48:32,769 - INFO - [WBC] 🔎 Detail: https://www.webuycars.co.za/buy-a-car/Land/Rover-Defender-110-30d-HSE-X-Dynamic-D350/95CB14585
2026-06-06 15:48:35,720 - INFO -    ✅ 95CB14585 | page 5
2026-06-06 15:48:35,720 - INFO - [WBC] 🔎 Detail: https://www.webuycars.co.za/buy-a-car/Chery/Tiggo-4-PRO-15-LIT-CVT/B60E10438
2026-06-06 15:48:38,627 - INFO -    ✅ B60E10438 | page 5
2026-06-06 15:48:38,627 - INFO - [WBC] 🔎 Detail: https://www.webuycars.co.za/buy-a-car/KIA/Seltos-15d-LX-Auto/E70200440
2026-06-06 15:48:41,498 - INFO -    ✅ E70200440 | page 5
2026-06-06 15:48:41,499 - INFO - [WBC] 🔎 Detail: https://www.webuycars.co.za/buy-a-car/Ford/Ecosport-15tivct-Ambiente/F74A02889
2026-06-06 15:48:45,137 - INFO -    ✅ F74A02889 | page 5
2026-06-06 15:48:45,138 - INFO - [WBC] 🔎 Detail: https://www.webuycars.co.za/buy-a-car/Hyundai/Venue-10-Tgdi-Fluid/FCF207911
2026-06-06 15:48:47,815 - INFO -    ✅ FCF207911 | page 5
2026-06-06 15:48:47,815 - INFO - [WBC] 🔎 Detail: https://www.webuycars.co.za/buy-a-car/Renault/Kiger-10T-Intens/1A7609953
2026-06-06 15:48:50,868 - INFO -    ✅ 1A7609953 | page 5
2026-06-06 15:48:50,868 - INFO - [WBC] 🔎 Detail: https://www.webuycars.co.za/buy-a-car/Haval/H6-20T-Luxury-DCT/17A314280
2026-06-06 15:48:53,846 - INFO -    ✅ 17A314280 | page 5
2026-06-06 15:48:53,846 - INFO - [WBC] 🔎 Detail: https://www.webuycars.co.za/buy-a-car/Chery/Tiggo-Cross-Tiggo-4-Cross-15T-Comfort-DCT/6D1F10918
2026-06-06 15:48:56,926 - INFO -    ✅ 6D1F10918 | page 5
2026-06-06 15:48:56,926 - INFO - [WBC] 🔎 Detail: https://www.webuycars.co.za/buy-a-car/Jeep/Grand-Cherokee-L-36l-Limited/930615375
2026-06-06 15:48:59,974 - INFO -    ✅ 930615375 | page 5
2026-06-06 15:48:59,974 - INFO - [WBC] 🔎 Detail: https://www.webuycars.co.za/buy-a-car/Toyota/Urban-Cruiser-15-XS-Auto/9F8104701
2026-06-06 15:49:03,007 - INFO -    ✅ 9F8104701 | page 5
2026-06-06 15:49:03,991 - INFO - ✅ Saved 10 car(s) to Firestore.
2026-06-06 15:49:03,992 - INFO - [WBC] 🔎 Detail: https://www.webuycars.co.za/buy-a-car/Citroen/C3-Aircross-12T-Puretech-Feel-Auto/A03612339
2026-06-06 15:49:06,774 - INFO -    ✅ A03612339 | page 5
2026-06-06 15:49:06,774 - INFO - [WBC] 🔎 Detail: https://www.webuycars.co.za/buy-a-car/Hyundai/Venue-10-Tgdi-Motion/BE9402251
2026-06-06 15:49:11,084 - INFO -    ✅ BE9402251 | page 5
2026-06-06 15:49:11,084 - INFO - [WBC] 🔎 Detail: https://www.webuycars.co.za/buy-a-car/Citroen/C3-Aircross-12T-Puretech-Feel-Auto/F87C10857
2026-06-06 15:49:13,974 - INFO -    ✅ F87C10857 | page 5
2026-06-06 15:49:13,974 - INFO - [WBC] 🔎 Detail: https://www.webuycars.co.za/buy-a-car/Chery/Tiggo-4-PRO-15T-LIT-DCT/10FD09467
2026-06-06 15:49:16,632 - INFO -    ✅ 10FD09467 | page 5
2026-06-06 15:49:16,632 - INFO - [WBC] 🔎 Detail: https://www.webuycars.co.za/buy-a-car/Hyundai/Exter-12-Premium-AMT/299F06852
2026-06-06 15:49:19,607 - INFO -    ✅ 299F06852 | page 5
2026-06-06 15:49:19,607 - INFO - [WBC] 📄 Page 6: https://www.webuycars.co.za/buy-a-car?Year=[2019,2026]&BodyType=["Sports%20Utility%20Vehicle%20(SUV)","Crossover%20(SUV)"]&InspectionCondition=["Certified"]&page=6
2026-06-06 15:49:42,707 - INFO - [WBC] 🔎 Detail: https://www.webuycars.co.za/buy-a-car/Renault/Duster-15-DCI-Intens-EDC/61B205952
2026-06-06 15:49:45,494 - INFO -    ✅ 61B205952 | page 6
2026-06-06 15:49:45,494 - INFO - [WBC] 🔎 Detail: https://www.webuycars.co.za/buy-a-car/Omoda/Omoda-C5-15-Street/5D2411941
2026-06-06 15:49:48,457 - INFO -    ✅ 5D2411941 | page 6
2026-06-06 15:49:48,458 - INFO - [WBC] 🔎 Detail: https://www.webuycars.co.za/buy-a-car/Hyundai/Tucson-20-Premium-Auto/6D5110113
2026-06-06 15:49:51,337 - INFO -    ✅ 6D5110113 | page 6
2026-06-06 15:49:51,337 - INFO - [WBC] 🔎 Detail: https://www.webuycars.co.za/buy-a-car/Hyundai/Venue-12-Motion/A1B506174
2026-06-06 15:49:54,203 - INFO -    ✅ A1B506174 | page 6
2026-06-06 15:49:54,204 - INFO - [WBC] 🔎 Detail: https://www.webuycars.co.za/buy-a-car/Land/Rover-Range-Rover-Sport-30d-Dynamic-HSE-D350/A7BC06971
2026-06-06 15:49:57,978 - INFO -    ✅ A7BC06971 | page 6
2026-06-06 15:49:58,925 - INFO - ✅ Saved 10 car(s) to Firestore.
2026-06-06 15:49:58,926 - INFO - [WBC] 🔎 Detail: https://www.webuycars.co.za/buy-a-car/Suzuki/Fronx-15-GL/CC7D02939
2026-06-06 15:50:01,782 - INFO -    ✅ CC7D02939 | page 6
2026-06-06 15:50:01,782 - INFO - [WBC] 🔎 Detail: https://www.webuycars.co.za/buy-a-car/Haval/H6-GT-20T-Super-Luxury-4x4-DCT/E36613399
2026-06-06 15:50:04,668 - INFO -    ✅ E36613399 | page 6
2026-06-06 15:50:04,668 - INFO - [WBC] 🔎 Detail: https://www.webuycars.co.za/buy-a-car/KIA/Seltos-14T-DCT-Gt-Line/E9A412406
2026-06-06 15:50:07,423 - INFO -    ✅ E9A412406 | page 6
2026-06-06 15:50:07,423 - INFO - [WBC] 🔎 Detail: https://www.webuycars.co.za/buy-a-car/Ford/Ecosport-10-EcoBoost-Active-Auto/ED3B13590
2026-06-06 15:50:10,228 - INFO -    ✅ ED3B13590 | page 6
2026-06-06 15:50:10,228 - INFO - [WBC] 🔎 Detail: https://www.webuycars.co.za/buy-a-car/Audi/Q8-45TDI-quattro-tiptronic-Platinum-Edition/054C02671
2026-06-06 15:50:13,435 - INFO -    ✅ 054C02671 | page 6
2026-06-06 15:50:13,436 - INFO - [WBC] 🔎 Detail: https://www.webuycars.co.za/buy-a-car/Jaecoo/J5-15T-Vortex/0CA011779
2026-06-06 15:50:16,116 - INFO -    ✅ 0CA011779 | page 6
2026-06-06 15:50:16,117 - INFO - [WBC] 🔎 Detail: https://www.webuycars.co.za/buy-a-car/Chery/Tiggo-4-PRO-15T-LIT-DCT/284A00372
2026-06-06 15:50:19,041 - INFO -    ✅ 284A00372 | page 6
2026-06-06 15:50:19,041 - INFO - [WBC] 🔎 Detail: https://www.webuycars.co.za/buy-a-car/Haval/H6-20T-Luxury-DCT/8AEA02053
2026-06-06 15:50:21,964 - INFO -    ✅ 8AEA02053 | page 6
2026-06-06 15:50:21,964 - INFO - [WBC] 🔎 Detail: https://www.webuycars.co.za/buy-a-car/Volkswagen/Tiguan-20-TDI-Life-4M-DSG/63B013543
2026-06-06 15:50:24,808 - INFO -    ✅ 63B013543 | page 6
2026-06-06 15:50:24,808 - INFO - [WBC] 🔎 Detail: https://www.webuycars.co.za/buy-a-car/Honda/WR-V-12-Elegance/8AED07154
2026-06-06 15:50:27,574 - INFO -    ✅ 8AED07154 | page 6
2026-06-06 15:50:28,675 - INFO - ✅ Saved 10 car(s) to Firestore.
2026-06-06 15:50:28,675 - INFO - [WBC] 🔎 Detail: https://www.webuycars.co.za/buy-a-car/Chery/Tiggo-8-PRO-16-Tgdi-Executive-Plus-DCT/AE0B07021
2026-06-06 15:50:31,637 - INFO -    ✅ AE0B07021 | page 6
2026-06-06 15:50:31,637 - INFO - [WBC] 🔎 Detail: https://www.webuycars.co.za/buy-a-car/Hyundai/Venue-12-Motion/BEE408807
2026-06-06 15:50:34,658 - INFO -    ✅ BEE408807 | page 6
2026-06-06 15:50:34,658 - INFO - [WBC] 🔎 Detail: https://www.webuycars.co.za/buy-a-car/Chery/Tiggo-4-PRO-15T-Elite-SE-CVT/E67A00333
2026-06-06 15:50:37,484 - INFO -    ✅ E67A00333 | page 6
2026-06-06 15:50:37,484 - INFO - [WBC] 🔎 Detail: https://www.webuycars.co.za/buy-a-car/Honda/Elevate-15-Comfort/FC4814694
2026-06-06 15:50:40,686 - INFO -    ✅ FC4814694 | page 6
2026-06-06 15:50:40,686 - INFO - [WBC] 🔎 Detail: https://www.webuycars.co.za/buy-a-car/Baic/X55-15T-Premium-Auto/135E15603
2026-06-06 15:50:45,099 - INFO -    ✅ 135E15603 | page 6
2026-06-06 15:50:45,099 - INFO - [WBC] 🔎 Detail: https://www.webuycars.co.za/buy-a-car/Ford/Everest-20d-Bi-Turbo-XLT-Auto/363008935
2026-06-06 15:50:48,037 - INFO -    ✅ 363008935 | page 6
2026-06-06 15:50:48,038 - INFO - [WBC] 🔎 Detail: https://www.webuycars.co.za/buy-a-car/Ford/Ecosport-10-EcoBoost-Trend-Auto/31B905139
2026-06-06 15:50:50,849 - INFO -    ✅ 31B905139 | page 6
2026-06-06 15:50:50,849 - INFO - [WBC] 🔎 Detail: https://www.webuycars.co.za/buy-a-car/Haval/H2-Jolion-15T-Luxury/731516813
2026-06-06 15:50:53,778 - INFO -    ✅ 731516813 | page 6
2026-06-06 15:50:53,778 - INFO - [WBC] 📄 Page 7: https://www.webuycars.co.za/buy-a-car?Year=[2019,2026]&BodyType=["Sports%20Utility%20Vehicle%20(SUV)","Crossover%20(SUV)"]&InspectionCondition=["Certified"]&page=7
2026-06-06 15:51:16,625 - INFO - [WBC] 🔎 Detail: https://www.webuycars.co.za/buy-a-car/Suzuki/Jimny-15-GLX-Auto-5-Door/7BA610993
2026-06-06 15:51:19,405 - INFO -    ✅ 7BA610993 | page 7
2026-06-06 15:51:19,405 - INFO - [WBC] 🔎 Detail: https://www.webuycars.co.za/buy-a-car/Suzuki/S-Presso-10-GL-AMT/399613269
2026-06-06 15:51:22,520 - INFO -    ✅ 399613269 | page 7
2026-06-06 15:51:23,489 - INFO - ✅ Saved 10 car(s) to Firestore.
2026-06-06 15:51:23,489 - INFO - [WBC] 🔎 Detail: https://www.webuycars.co.za/buy-a-car/Haval/Jolion-15T-City/4ECE08813
2026-06-06 15:51:26,373 - INFO -    ✅ 4ECE08813 | page 7
2026-06-06 15:51:26,374 - INFO - [WBC] 🔎 Detail: https://www.webuycars.co.za/buy-a-car/KIA/Sonet-15-EX-CVT/587311856
2026-06-06 15:51:29,621 - INFO -    ✅ 587311856 | page 7
2026-06-06 15:51:29,621 - INFO - [WBC] 🔎 Detail: https://www.webuycars.co.za/buy-a-car/Land/Rover-Evoque-20d-SE-R-Dynamic-147-KW-D200/67CD06372
2026-06-06 15:51:32,511 - INFO -    ✅ 67CD06372 | page 7
2026-06-06 15:51:32,512 - INFO - [WBC] 🔎 Detail: https://www.webuycars.co.za/buy-a-car/Suzuki/Fronx-15-GLX-Auto/79BE01893
2026-06-06 15:51:35,629 - INFO -    ✅ 79BE01893 | page 7
2026-06-06 15:51:35,629 - INFO - [WBC] 🔎 Detail: https://www.webuycars.co.za/buy-a-car/Toyota/Fortuner-28gd-6-VX-Auto/7A3013512
2026-06-06 15:51:38,559 - INFO -    ✅ 7A3013512 | page 7
2026-06-06 15:51:38,560 - INFO - [WBC] 🔎 Detail: https://www.webuycars.co.za/buy-a-car/Suzuki/Fronx-15-GL/8B9313635
2026-06-06 15:51:41,681 - INFO -    ✅ 8B9313635 | page 7
2026-06-06 15:51:41,682 - INFO - [WBC] 🔎 Detail: https://www.webuycars.co.za/buy-a-car/Chery/Tiggo-4-PRO-15T-Elite-DCT/A4D605635
2026-06-06 15:51:44,743 - INFO -    ✅ A4D605635 | page 7
2026-06-06 15:51:44,743 - INFO - [WBC] 🔎 Detail: https://www.webuycars.co.za/buy-a-car/Volkswagen/T-Cross-10-TSI-Life-DSG/D33A13442
2026-06-06 15:51:47,642 - INFO -    ✅ D33A13442 | page 7
2026-06-06 15:51:47,643 - INFO - [WBC] 🔎 Detail: https://www.webuycars.co.za/buy-a-car/Nissan/Magnite-10T-Acenta/0F4511333
2026-06-06 15:51:50,461 - INFO -    ✅ 0F4511333 | page 7
2026-06-06 15:51:50,461 - INFO - [WBC] 🔎 Detail: https://www.webuycars.co.za/buy-a-car/Haval/H1-15-VVT/3DEE16314
2026-06-06 15:51:53,480 - INFO -    ✅ 3DEE16314 | page 7
2026-06-06 15:51:54,639 - INFO - ✅ Saved 10 car(s) to Firestore.
2026-06-06 15:51:54,640 - INFO - [WBC] 🔎 Detail: https://www.webuycars.co.za/buy-a-car/Chery/Tiggo-7-PRO-MAX-16T-Executive-4x4-DCT/25BB07737
2026-06-06 15:51:57,468 - INFO -    ✅ 25BB07737 | page 7
2026-06-06 15:51:57,468 - INFO - [WBC] 🔎 Detail: https://www.webuycars.co.za/buy-a-car/Nissan/Magnite-10T-Acenta/3BD401462
2026-06-06 15:52:00,414 - INFO -    ✅ 3BD401462 | page 7
2026-06-06 15:52:00,414 - INFO - [WBC] 🔎 Detail: https://www.webuycars.co.za/buy-a-car/Chery/Tiggo-4-PRO-15-LIT/5FBD00202
2026-06-06 15:52:03,337 - INFO -    ✅ 5FBD00202 | page 7
2026-06-06 15:52:03,337 - INFO - [WBC] 🔎 Detail: https://www.webuycars.co.za/buy-a-car/Honda/Elevate-15-Comfort/435906207
2026-06-06 15:52:06,178 - INFO -    ✅ 435906207 | page 7
2026-06-06 15:52:06,178 - INFO - [WBC] 🔎 Detail: https://www.webuycars.co.za/buy-a-car/Hyundai/Venue-10-Tgdi-Motion-DCT/75BA02702
2026-06-06 15:52:09,191 - INFO -    ✅ 75BA02702 | page 7
2026-06-06 15:52:09,192 - INFO - [WBC] 🔎 Detail: https://www.webuycars.co.za/buy-a-car/Hyundai/Palisade-22d-Elite-AWD-Auto-7-Seat/82C114949
2026-06-06 15:52:12,078 - INFO -    ✅ 82C114949 | page 7
2026-06-06 15:52:12,078 - INFO - [WBC] 🔎 Detail: https://www.webuycars.co.za/buy-a-car/Haval/H1-15-VVT/864B05768
2026-06-06 15:52:15,068 - INFO -    ✅ 864B05768 | page 7
2026-06-06 15:52:15,068 - INFO - [WBC] 🔎 Detail: https://www.webuycars.co.za/buy-a-car/Toyota/Fortuner-28gd-6-R-B-Auto/BF3701297
2026-06-06 15:52:18,035 - INFO -    ✅ BF3701297 | page 7
2026-06-06 15:52:18,035 - INFO - [WBC] 🔎 Detail: https://www.webuycars.co.za/buy-a-car/Omoda/Omoda-C5-15-Street/936109160
2026-06-06 15:52:20,886 - INFO -    ✅ 936109160 | page 7
2026-06-06 15:52:20,886 - INFO - [WBC] 🔎 Detail: https://www.webuycars.co.za/buy-a-car/Suzuki/Fronx-15-GLX-Auto/041F15123
2026-06-06 15:52:23,838 - INFO -    ✅ 041F15123 | page 7
2026-06-06 15:52:24,806 - INFO - ✅ Saved 10 car(s) to Firestore.
2026-06-06 15:52:24,806 - INFO - [WBC] 🔎 Detail: https://www.webuycars.co.za/buy-a-car/Suzuki/Fronx-15-GL/202314388
2026-06-06 15:52:28,476 - INFO -    ✅ 202314388 | page 7
2026-06-06 15:52:28,477 - INFO - [WBC] 📄 Page 8: https://www.webuycars.co.za/buy-a-car?Year=[2019,2026]&BodyType=["Sports%20Utility%20Vehicle%20(SUV)","Crossover%20(SUV)"]&InspectionCondition=["Certified"]&page=8
2026-06-06 15:52:51,732 - INFO - [WBC] 🔎 Detail: https://www.webuycars.co.za/buy-a-car/Nissan/Magnite-10T-Acenta-CVT/42B800898
2026-06-06 15:52:54,566 - INFO -    ✅ 42B800898 | page 8
2026-06-06 15:52:54,567 - INFO - [WBC] 🔎 Detail: https://www.webuycars.co.za/buy-a-car/Suzuki/Vitara-Brezza-15-GL/518D15906
2026-06-06 15:52:57,396 - INFO -    ✅ 518D15906 | page 8
2026-06-06 15:52:57,397 - INFO - [WBC] 🔎 Detail: https://www.webuycars.co.za/buy-a-car/Audi/Q8-SQ8-quattro-tiptronic-373-KW/84F514523
2026-06-06 15:53:00,758 - INFO -    ✅ 84F514523 | page 8
2026-06-06 15:53:00,759 - INFO - [WBC] 🔎 Detail: https://www.webuycars.co.za/buy-a-car/Nissan/Magnite-10-Acenta-br10/E7C115549
2026-06-06 15:53:04,151 - INFO -    ✅ E7C115549 | page 8
2026-06-06 15:53:04,152 - INFO - [WBC] 🔎 Detail: https://www.webuycars.co.za/buy-a-car/Suzuki/Vitara-Brezza-15-GLX/FF4B07435
2026-06-06 15:53:07,130 - INFO -    ✅ FF4B07435 | page 8
2026-06-06 15:53:07,130 - INFO - [WBC] 🔎 Detail: https://www.webuycars.co.za/buy-a-car/Hyundai/Venue-12-Motion/FFCF11368
2026-06-06 15:53:09,841 - INFO -    ✅ FFCF11368 | page 8
2026-06-06 15:53:09,842 - INFO - [WBC] 🔎 Detail: https://www.webuycars.co.za/buy-a-car/Suzuki/Jimny-15-GLX-Auto/164214644
2026-06-06 15:53:12,992 - INFO -    ✅ 164214644 | page 8
2026-06-06 15:53:12,993 - INFO - [WBC] 🔎 Detail: https://www.webuycars.co.za/buy-a-car/Haval/H6-15T-Hybrid-Ultra-Luxury-DHT/77D608881
2026-06-06 15:53:15,755 - INFO -    ✅ 77D608881 | page 8
2026-06-06 15:53:15,755 - INFO - [WBC] 🔎 Detail: https://www.webuycars.co.za/buy-a-car/Chery/Tiggo-4-PRO-15T-Elite-CVT/C71104869
2026-06-06 15:53:19,093 - INFO -    ✅ C71104869 | page 8
2026-06-06 15:53:20,218 - INFO - ✅ Saved 10 car(s) to Firestore.
2026-06-06 15:53:20,218 - INFO - [WBC] 🔎 Detail: https://www.webuycars.co.za/buy-a-car/Chery/Tiggo-4-PRO-15-LIT/CFCD09112
2026-06-06 15:53:23,089 - INFO -    ✅ CFCD09112 | page 8
2026-06-06 15:53:23,089 - INFO - [WBC] 🔎 Detail: https://www.webuycars.co.za/buy-a-car/Mazda/CX-3-20-Active/DA0304190
2026-06-06 15:53:26,101 - INFO -    ✅ DA0304190 | page 8
2026-06-06 15:53:26,101 - INFO - [WBC] 🔎 Detail: https://www.webuycars.co.za/buy-a-car/Mahindra/Xuv3xo-12T-MX3/FE5414520
2026-06-06 15:53:28,702 - INFO -    ✅ FE5414520 | page 8
2026-06-06 15:53:28,703 - INFO - [WBC] 🔎 Detail: https://www.webuycars.co.za/buy-a-car/Mahindra/Xuv3xo-12T-AX5-Auto/054C01709
2026-06-06 15:53:31,616 - INFO -    ✅ 054C01709 | page 8
2026-06-06 15:53:31,616 - INFO - [WBC] 🔎 Detail: https://www.webuycars.co.za/buy-a-car/Toyota/Starlet-Cross-15xr/100714566
2026-06-06 15:53:34,800 - INFO -    ✅ 100714566 | page 8
2026-06-06 15:53:34,801 - INFO - [WBC] 🔎 Detail: https://www.webuycars.co.za/buy-a-car/Suzuki/Fronx-15-GL-Auto/1A4913594
2026-06-06 15:53:37,846 - INFO -    ✅ 1A4913594 | page 8
2026-06-06 15:53:37,846 - INFO - [WBC] 🔎 Detail: https://www.webuycars.co.za/buy-a-car/Toyota/Land-Cruiser-300-V6-33d-Gr-S/40D714821
2026-06-06 15:53:40,779 - INFO -    ✅ 40D714821 | page 8
2026-06-06 15:53:40,780 - INFO - [WBC] 🔎 Detail: https://www.webuycars.co.za/buy-a-car/Ford/Ecosport-15tivct-Ambiente/4A0F09972
2026-06-06 15:53:43,661 - INFO -    ✅ 4A0F09972 | page 8
2026-06-06 15:53:43,661 - INFO - [WBC] 🔎 Detail: https://www.webuycars.co.za/buy-a-car/Chery/Tiggo-4-PRO-15T-Elite-DCT/574611109
2026-06-06 15:53:46,563 - INFO -    ✅ 574611109 | page 8
2026-06-06 15:53:46,564 - INFO - [WBC] 🔎 Detail: https://www.webuycars.co.za/buy-a-car/Renault/Duster-16-Expression/98FC10762
2026-06-06 15:53:49,686 - INFO -    ✅ 98FC10762 | page 8
2026-06-06 15:53:50,589 - INFO - ✅ Saved 10 car(s) to Firestore.
2026-06-06 15:53:50,589 - INFO - [WBC] 🔎 Detail: https://www.webuycars.co.za/buy-a-car/Toyota/Starlet-Cross-15xs/A46515284
2026-06-06 15:53:53,370 - INFO -    ✅ A46515284 | page 8
2026-06-06 15:53:53,370 - INFO - [WBC] 🔎 Detail: https://www.webuycars.co.za/buy-a-car/Land/Rover-Discovery-30d-HSE-Dynamic-D350/CF2910994
2026-06-06 15:53:56,251 - INFO -    ✅ CF2910994 | page 8
2026-06-06 15:53:56,251 - INFO - [WBC] 🔎 Detail: https://www.webuycars.co.za/buy-a-car/Haval/H6-20T-Super-Luxury-DCT/E2E011735
2026-06-06 15:53:59,153 - INFO -    ✅ E2E011735 | page 8
2026-06-06 15:53:59,154 - INFO - [WBC] 🔎 Detail: https://www.webuycars.co.za/buy-a-car/Toyota/Prado-Vx-R-28gd-Auto/238613325
2026-06-06 15:54:02,116 - INFO -    ✅ 238613325 | page 8
2026-06-06 15:54:02,117 - INFO - [WBC] 📄 Page 9: https://www.webuycars.co.za/buy-a-car?Year=[2019,2026]&BodyType=["Sports%20Utility%20Vehicle%20(SUV)","Crossover%20(SUV)"]&InspectionCondition=["Certified"]&page=9
2026-06-06 15:54:25,930 - INFO - [WBC] 🔎 Detail: https://www.webuycars.co.za/buy-a-car/Mahindra/Scorpio-N-22d-Auto-Z4/329315089
2026-06-06 15:54:29,480 - INFO -    ✅ 329315089 | page 9
2026-06-06 15:54:29,480 - INFO - [WBC] 🔎 Detail: https://www.webuycars.co.za/buy-a-car/Peugeot/3008-16T-Active-Auto/44AB10006
2026-06-06 15:54:32,378 - INFO -    ✅ 44AB10006 | page 9
2026-06-06 15:54:32,379 - INFO - [WBC] 🔎 Detail: https://www.webuycars.co.za/buy-a-car/Jeep/Compass-14T-Longitude-Auto/6C7811050
2026-06-06 15:54:35,265 - INFO -    ✅ 6C7811050 | page 9
2026-06-06 15:54:35,265 - INFO - [WBC] 🔎 Detail: https://www.webuycars.co.za/buy-a-car/Chery/Tiggo-4-PRO-15-Urban/991C11415
2026-06-06 15:54:38,075 - INFO -    ✅ 991C11415 | page 9
2026-06-06 15:54:38,076 - INFO - [WBC] 🔎 Detail: https://www.webuycars.co.za/buy-a-car/Ford/Ecosport-15tdci-Ambiente/BEAC07450
2026-06-06 15:54:41,216 - INFO -    ✅ BEAC07450 | page 9
2026-06-06 15:54:41,216 - INFO - [WBC] 🔎 Detail: https://www.webuycars.co.za/buy-a-car/Chery/Tiggo-8-PRO-16-Tgdi-Executive-Plus-DCT/155408376
2026-06-06 15:54:44,255 - INFO -    ✅ 155408376 | page 9
2026-06-06 15:54:45,142 - INFO - ✅ Saved 10 car(s) to Firestore.
2026-06-06 15:54:45,143 - INFO - [WBC] 🔎 Detail: https://www.webuycars.co.za/buy-a-car/Suzuki/Jimny-15-GL-Auto/34A413598
2026-06-06 15:54:48,206 - INFO -    ✅ 34A413598 | page 9
2026-06-06 15:54:48,206 - INFO - [WBC] 🔎 Detail: https://www.webuycars.co.za/buy-a-car/Nissan/X-Trail-25-Acenta-4x4-CVT/538408163
2026-06-06 15:54:51,306 - INFO -    ✅ 538408163 | page 9
2026-06-06 15:54:51,306 - INFO - [WBC] 🔎 Detail: https://www.webuycars.co.za/buy-a-car/Suzuki/Vitara-Brezza-15-GL/83A807856
2026-06-06 15:54:54,540 - INFO -    ✅ 83A807856 | page 9
2026-06-06 15:54:54,540 - INFO - [WBC] 🔎 Detail: https://www.webuycars.co.za/buy-a-car/Hyundai/Tucson-20-Premium/69A111158
2026-06-06 15:54:57,397 - INFO -    ✅ 69A111158 | page 9
2026-06-06 15:54:57,397 - INFO - [WBC] 🔎 Detail: https://www.webuycars.co.za/buy-a-car/Toyota/Urban-Cruiser-15-XS/D94712421
2026-06-06 15:55:00,323 - INFO -    ✅ D94712421 | page 9
2026-06-06 15:55:00,324 - INFO - [WBC] 🔎 Detail: https://www.webuycars.co.za/buy-a-car/KIA/Sonet-15-LX/F67D10638
2026-06-06 15:55:03,826 - INFO -    ✅ F67D10638 | page 9
2026-06-06 15:55:03,827 - INFO - [WBC] 🔎 Detail: https://www.webuycars.co.za/buy-a-car/Chery/Tiggo-8-PRO-MAX-20-Tgdi-Executive-AWD-DCT/259609512
2026-06-06 15:55:07,078 - INFO -    ✅ 259609512 | page 9
2026-06-06 15:55:07,079 - INFO - [WBC] 🔎 Detail: https://www.webuycars.co.za/buy-a-car/Ford/Ecosport-15tivct-Ambiente/2B1516613
2026-06-06 15:55:10,150 - INFO -    ✅ 2B1516613 | page 9
2026-06-06 15:55:10,150 - INFO - [WBC] 🔎 Detail: https://www.webuycars.co.za/buy-a-car/Toyota/Fortuner-28-Gd-6-4x4-VX-Auto/7B8E05246
2026-06-06 15:55:13,006 - INFO -    ✅ 7B8E05246 | page 9
2026-06-06 15:55:13,007 - INFO - [WBC] 🔎 Detail: https://www.webuycars.co.za/buy-a-car/Haval/Jolion-15T-Premium-DCT/7DF807954
2026-06-06 15:55:15,975 - INFO -    ✅ 7DF807954 | page 9
2026-06-06 15:55:16,976 - INFO - ✅ Saved 10 car(s) to Firestore.
2026-06-06 15:55:16,976 - INFO - [WBC] 🔎 Detail: https://www.webuycars.co.za/buy-a-car/Jeep/Wrangler-Rubicon-36-V6-2DR/6DEF04316
2026-06-06 15:55:19,945 - INFO -    ✅ 6DEF04316 | page 9
2026-06-06 15:55:19,946 - INFO - [WBC] 🔎 Detail: https://www.webuycars.co.za/buy-a-car/Chery/Tiggo-7-PRO-15T-Distinction-CVT/AE4300111
2026-06-06 15:55:23,010 - INFO -    ✅ AE4300111 | page 9
2026-06-06 15:55:23,011 - INFO - [WBC] 🔎 Detail: https://www.webuycars.co.za/buy-a-car/Hyundai/Creta-15-Executive-IVT/BB3004890
2026-06-06 15:55:25,838 - INFO -    ✅ BB3004890 | page 9
2026-06-06 15:55:25,838 - INFO - [WBC] 🔎 Detail: https://www.webuycars.co.za/buy-a-car/Suzuki/Ignis-12-GLX-Auto/C28A13774
2026-06-06 15:55:28,694 - INFO -    ✅ C28A13774 | page 9
2026-06-06 15:55:28,694 - INFO - [WBC] 🔎 Detail: https://www.webuycars.co.za/buy-a-car/Renault/Koleos-25-Dynamique-intens-CVT/E06611942
2026-06-06 15:55:31,504 - INFO -    ✅ E06611942 | page 9
2026-06-06 15:55:31,504 - INFO - [WBC] 🔎 Detail: https://www.webuycars.co.za/buy-a-car/Toyota/Urban-Cruiser-15xr-Auto/E97106280
2026-06-06 15:55:34,419 - INFO -    ✅ E97106280 | page 9
2026-06-06 15:55:34,420 - INFO - [WBC] 🔎 Detail: https://www.webuycars.co.za/buy-a-car/Haval/H2-Jolion-15T-Luxury/0EC315933
2026-06-06 15:55:38,393 - INFO -    ✅ 0EC315933 | page 9
2026-06-06 15:55:38,393 - INFO - [WBC] 🔎 Detail: https://www.webuycars.co.za/buy-a-car/Ford/Ecosport-10-EcoBoost-Titanium-Auto/17AF03692
2026-06-06 15:55:41,530 - INFO -    ✅ 17AF03692 | page 9
2026-06-06 15:55:41,531 - INFO - [WBC] 📄 Page 10: https://www.webuycars.co.za/buy-a-car?Year=[2019,2026]&BodyType=["Sports%20Utility%20Vehicle%20(SUV)","Crossover%20(SUV)"]&InspectionCondition=["Certified"]&page=10
2026-06-06 15:56:05,229 - INFO - [WBC] 🔎 Detail: https://www.webuycars.co.za/buy-a-car/Ford/Ecosport-10-EcoBoost-Trend-Auto/20D414435
2026-06-06 15:56:08,135 - INFO -    ✅ 20D414435 | page 10
2026-06-06 15:56:08,136 - INFO - [WBC] 🔎 Detail: https://www.webuycars.co.za/buy-a-car/Chery/Tiggo-4-PRO-15T-Elite-CVT/748508532
2026-06-06 15:56:11,821 - INFO -    ✅ 748508532 | page 10
2026-06-06 15:56:12,758 - INFO - ✅ Saved 10 car(s) to Firestore.
2026-06-06 15:56:12,758 - INFO - [WBC] 🔎 Detail: https://www.webuycars.co.za/buy-a-car/Ford/Ecosport-10-EcoBoost-Trend/AE4809663
2026-06-06 15:56:15,599 - INFO -    ✅ AE4809663 | page 10
2026-06-06 15:56:15,599 - INFO - [WBC] 🔎 Detail: https://www.webuycars.co.za/buy-a-car/Volkswagen/T-ROC-20-TSI-4M-R-Line-DSG/C4C909373
2026-06-06 15:56:18,697 - INFO -    ✅ C4C909373 | page 10
2026-06-06 15:56:18,697 - INFO - [WBC] 🔎 Detail: https://www.webuycars.co.za/buy-a-car/Hyundai/Exter-12-Premium-AMT/D10D13907
2026-06-06 15:56:21,615 - INFO -    ✅ D10D13907 | page 10
2026-06-06 15:56:21,616 - INFO - [WBC] 🔎 Detail: https://www.webuycars.co.za/buy-a-car/Honda/Elevate-15-Elegance-CVT/F4A916143
2026-06-06 15:56:24,887 - INFO -    ✅ F4A916143 | page 10
2026-06-06 15:56:24,887 - INFO - [WBC] 🔎 Detail: https://www.webuycars.co.za/buy-a-car/Mahindra/Xuv300-12T-W6/01A500428
2026-06-06 15:56:27,765 - INFO -    ✅ 01A500428 | page 10
2026-06-06 15:56:27,765 - INFO - [WBC] 🔎 Detail: https://www.webuycars.co.za/buy-a-car/KIA/Sportage-16-CRDi-EX-Auto/115F10149
2026-06-06 15:56:30,620 - INFO -    ✅ 115F10149 | page 10
2026-06-06 15:56:30,620 - INFO - [WBC] 🔎 Detail: https://www.webuycars.co.za/buy-a-car/GWM/Tank-300-20T-Ultra-Luxury-4x4-Auto/250615966
2026-06-06 15:56:33,691 - INFO -    ✅ 250615966 | page 10
2026-06-06 15:56:33,692 - INFO - [WBC] 🔎 Detail: https://www.webuycars.co.za/buy-a-car/Renault/Kiger-10T-Intens/386402288
2026-06-06 15:56:36,943 - INFO -    ✅ 386402288 | page 10
2026-06-06 15:56:36,944 - INFO - [WBC] 🔎 Detail: https://www.webuycars.co.za/buy-a-car/Ford/Ecosport-10-EcoBoost-Titanium-Auto/975A01818
2026-06-06 15:56:39,992 - INFO -    ✅ 975A01818 | page 10
2026-06-06 15:56:39,993 - INFO - [WBC] 🔎 Detail: https://www.webuycars.co.za/buy-a-car/Chery/Tiggo-8-PRO-MAX-20-Tgdi-Executive-DCT/BF7115341
2026-06-06 15:56:42,795 - INFO -    ✅ BF7115341 | page 10
2026-06-06 15:56:43,976 - INFO - ✅ Saved 10 car(s) to Firestore.
2026-06-06 15:56:43,976 - INFO - [WBC] 🔎 Detail: https://www.webuycars.co.za/buy-a-car/Suzuki/Grand-Vitara-15-GL-Auto/CE1910841
2026-06-06 15:56:46,863 - INFO -    ✅ CE1910841 | page 10
2026-06-06 15:56:46,863 - INFO - [WBC] 🔎 Detail: https://www.webuycars.co.za/buy-a-car/Haval/H6-20T-Super-Luxury-4x4-DCT/26F110629
2026-06-06 15:56:50,659 - INFO -    ✅ 26F110629 | page 10
2026-06-06 15:56:50,660 - INFO - [WBC] 🔎 Detail: https://www.webuycars.co.za/buy-a-car/Hyundai/Venue-12-Motion/1DC508640
2026-06-06 15:56:53,721 - INFO -    ✅ 1DC508640 | page 10
2026-06-06 15:56:53,722 - INFO - [WBC] 🔎 Detail: https://www.webuycars.co.za/buy-a-car/Opel/Crossland-12T-Edition-Auto/641901450
2026-06-06 15:56:56,589 - INFO -    ✅ 641901450 | page 10
2026-06-06 15:56:56,589 - INFO - [WBC] 🔎 Detail: https://www.webuycars.co.za/buy-a-car/Haval/H1-15-VVT/99AF08174
2026-06-06 15:56:59,650 - INFO -    ✅ 99AF08174 | page 10
2026-06-06 15:56:59,651 - INFO - [WBC] 🔎 Detail: https://www.webuycars.co.za/buy-a-car/Toyota/Corolla-Cross-18-Gr-S/A02304922
2026-06-06 15:57:02,492 - INFO -    ✅ A02304922 | page 10
2026-06-06 15:57:02,493 - INFO - [WBC] 🔎 Detail: https://www.webuycars.co.za/buy-a-car/Toyota/Fortuner-28gd-6-R-B-Auto/891C01292
2026-06-06 15:57:05,305 - INFO -    ✅ 891C01292 | page 10
2026-06-06 15:57:05,305 - INFO - [WBC] 🔎 Detail: https://www.webuycars.co.za/buy-a-car/Toyota/Corolla-Cross-18-XI/E6A809379
2026-06-06 15:57:08,080 - INFO -    ✅ E6A809379 | page 10
2026-06-06 15:57:08,080 - INFO - [WBC] 🔎 Detail: https://www.webuycars.co.za/buy-a-car/Renault/Kiger-10T-Intens/10F006172
2026-06-06 15:57:12,126 - INFO -    ✅ 10F006172 | page 10
2026-06-06 15:57:12,126 - INFO - [WBC] 🔎 Detail: https://www.webuycars.co.za/buy-a-car/Baic/X55-15T-Elite-Auto/159000976
2026-06-06 15:57:15,210 - INFO -    ✅ 159000976 | page 10
2026-06-06 15:57:16,165 - INFO - ✅ Saved 10 car(s) to Firestore.
2026-06-06 15:57:16,165 - INFO - [WBC] 🔎 Detail: https://www.webuycars.co.za/buy-a-car/Haval/H2-Jolion-15T-Luxury/341C03402
2026-06-06 15:57:18,838 - INFO -    ✅ 341C03402 | page 10
2026-06-06 15:57:18,838 - INFO - [WBC] 🔎 Detail: https://www.webuycars.co.za/buy-a-car/Chery/Tiggo-7-PRO-15T-Executive-CVT/561500065
2026-06-06 15:57:22,232 - INFO -    ✅ 561500065 | page 10
2026-06-06 15:57:22,232 - INFO - [WBC] 📄 Page 11: https://www.webuycars.co.za/buy-a-car?Year=[2019,2026]&BodyType=["Sports%20Utility%20Vehicle%20(SUV)","Crossover%20(SUV)"]&InspectionCondition=["Certified"]&page=11
2026-06-06 15:57:45,496 - INFO - [WBC] 🔎 Detail: https://www.webuycars.co.za/buy-a-car/Ford/Everest-20d-Bi-Turbo-XLT-Auto/6EF807231
2026-06-06 15:57:48,496 - INFO -    ✅ 6EF807231 | page 11
2026-06-06 15:57:48,497 - INFO - [WBC] 🔎 Detail: https://www.webuycars.co.za/buy-a-car/Land/Rover-Range-Rover-Sport-30-Mhev-Autobio-P400/761E11286
2026-06-06 15:57:51,288 - INFO -    ✅ 761E11286 | page 11
2026-06-06 15:57:51,288 - INFO - [WBC] 🔎 Detail: https://www.webuycars.co.za/buy-a-car/Baic/X55-15T-Premium-Auto/7DDD05326
2026-06-06 15:57:54,354 - INFO -    ✅ 7DDD05326 | page 11
2026-06-06 15:57:54,355 - INFO - [WBC] 🔎 Detail: https://www.webuycars.co.za/buy-a-car/KIA/Sonet-15-EX-CVT/BE6406578
2026-06-06 15:57:59,756 - INFO -    ✅ BE6406578 | page 11
2026-06-06 15:57:59,756 - INFO - [WBC] 🔎 Detail: https://www.webuycars.co.za/buy-a-car/Ford/Ecosport-15tdci-Ambiente/E76811990
2026-06-06 15:58:02,798 - INFO -    ✅ E76811990 | page 11
2026-06-06 15:58:02,798 - INFO - [WBC] 🔎 Detail: https://www.webuycars.co.za/buy-a-car/Suzuki/S-Presso-10-GL/141F09351
2026-06-06 15:58:05,764 - INFO -    ✅ 141F09351 | page 11
2026-06-06 15:58:05,765 - INFO - [WBC] 🔎 Detail: https://www.webuycars.co.za/buy-a-car/Chery/Tiggo-7-PRO-15T-Distinction-CVT/0C6D11939
2026-06-06 15:58:08,680 - INFO -    ✅ 0C6D11939 | page 11
2026-06-06 15:58:08,680 - INFO - [WBC] 🔎 Detail: https://www.webuycars.co.za/buy-a-car/Toyota/Fortuner-24gd-6-4x4-Auto/1A9D06537
2026-06-06 15:58:11,652 - INFO -    ✅ 1A9D06537 | page 11
2026-06-06 15:58:12,562 - INFO - ✅ Saved 10 car(s) to Firestore.
2026-06-06 15:58:12,563 - INFO - [WBC] 🔎 Detail: https://www.webuycars.co.za/buy-a-car/Ford/Ecosport-15tivct-Ambiente/278716647
2026-06-06 15:58:15,764 - INFO -    ✅ 278716647 | page 11
2026-06-06 15:58:15,764 - INFO - [WBC] 🔎 Detail: https://www.webuycars.co.za/buy-a-car/Suzuki/Ignis-12-GLX/974E08149
2026-06-06 15:58:18,514 - INFO -    ✅ 974E08149 | page 11
2026-06-06 15:58:18,514 - INFO - [WBC] 🔎 Detail: https://www.webuycars.co.za/buy-a-car/KIA/Sonet-15-LX-CVT/71B016793
2026-06-06 15:58:21,298 - INFO -    ✅ 71B016793 | page 11
2026-06-06 15:58:21,298 - INFO - [WBC] 🔎 Detail: https://www.webuycars.co.za/buy-a-car/Chery/Tiggo-4-PRO-15-LIT/A9CC09059
2026-06-06 15:58:24,075 - INFO -    ✅ A9CC09059 | page 11
2026-06-06 15:58:24,075 - INFO - [WBC] 🔎 Detail: https://www.webuycars.co.za/buy-a-car/BMW/X3-xDrive-20D-M-Sport-G45/B43209918
2026-06-06 15:58:27,092 - INFO -    ✅ B43209918 | page 11
2026-06-06 15:58:27,092 - INFO - [WBC] 🔎 Detail: https://www.webuycars.co.za/buy-a-car/Mahindra/Scorpio-N-22d-4x4-Auto-Z8/B61008742
2026-06-06 15:58:29,915 - INFO -    ✅ B61008742 | page 11
2026-06-06 15:58:29,915 - INFO - [WBC] 🔎 Detail: https://www.webuycars.co.za/buy-a-car/Renault/Koleos-25-Dynamique-intens-CVT/DC6211235
2026-06-06 15:58:33,530 - INFO -    ✅ DC6211235 | page 11
2026-06-06 15:58:33,531 - INFO - [WBC] 🔎 Detail: https://www.webuycars.co.za/buy-a-car/Suzuki/Ignis-12-GLX/DF3005453
2026-06-06 15:58:36,550 - INFO -    ✅ DF3005453 | page 11
2026-06-06 15:58:36,550 - INFO - [WBC] 🔎 Detail: https://www.webuycars.co.za/buy-a-car/Alfa/Romeo-Tonale-Veloce-15T-Hybrid/DE1A06496
2026-06-06 15:58:39,557 - INFO -    ✅ DE1A06496 | page 11
2026-06-06 15:58:39,557 - INFO - [WBC] 🔎 Detail: https://www.webuycars.co.za/buy-a-car/Chery/Tiggo-8-PRO-16-Tgdi-Executive-Plus-DCT/FF8B03910
2026-06-06 15:58:42,542 - INFO -    ✅ FF8B03910 | page 11
2026-06-06 15:58:43,474 - INFO - ✅ Saved 10 car(s) to Firestore.
2026-06-06 15:58:43,474 - INFO - [WBC] 🔎 Detail: https://www.webuycars.co.za/buy-a-car/Honda/WR-V-12-Comfort/4B8E06797
2026-06-06 15:58:46,409 - INFO -    ✅ 4B8E06797 | page 11
2026-06-06 15:58:46,410 - INFO - [WBC] 🔎 Detail: https://www.webuycars.co.za/buy-a-car/Hyundai/Creta-15-Executive-IVT/2E3D09805
2026-06-06 15:58:49,202 - INFO -    ✅ 2E3D09805 | page 11
2026-06-06 15:58:49,202 - INFO - [WBC] 🔎 Detail: https://www.webuycars.co.za/buy-a-car/Ford/Ecosport-15tdci-Ambiente/51FF12103
2026-06-06 15:58:52,340 - INFO -    ✅ 51FF12103 | page 11
2026-06-06 15:58:52,341 - INFO - [WBC] 🔎 Detail: https://www.webuycars.co.za/buy-a-car/Fiat/500x-14T-Cross-Ddct/6EAB06146
2026-06-06 15:58:55,169 - INFO -    ✅ 6EAB06146 | page 11
2026-06-06 15:58:55,170 - INFO - [WBC] 🔎 Detail: https://www.webuycars.co.za/buy-a-car/Mahindra/Scorpio-N-22d-Auto-Z4/7B2012376
2026-06-06 15:58:57,933 - INFO -    ✅ 7B2012376 | page 11
2026-06-06 15:58:57,933 - INFO - [WBC] 🔎 Detail: https://www.webuycars.co.za/buy-a-car/Toyota/Corolla-Cross-18-Gr-S/7ED511063
2026-06-06 15:59:00,812 - INFO -    ✅ 7ED511063 | page 11
2026-06-06 15:59:00,813 - INFO - [WBC] 📄 Page 12: https://www.webuycars.co.za/buy-a-car?Year=[2019,2026]&BodyType=["Sports%20Utility%20Vehicle%20(SUV)","Crossover%20(SUV)"]&InspectionCondition=["Certified"]&page=12
2026-06-06 15:59:24,029 - INFO - [WBC] 🔎 Detail: https://www.webuycars.co.za/buy-a-car/Toyota/Corolla-Cross-18-XS/AE4D07476
2026-06-06 15:59:27,309 - INFO -    ✅ AE4D07476 | page 12
2026-06-06 15:59:27,310 - INFO - [WBC] 🔎 Detail: https://www.webuycars.co.za/buy-a-car/Jeep/Renegade-16-E-Torq-Longitude/B76012448
2026-06-06 15:59:30,378 - INFO -    ✅ B76012448 | page 12
2026-06-06 15:59:30,379 - INFO - [WBC] 🔎 Detail: https://www.webuycars.co.za/buy-a-car/Chery/Tiggo-4-PRO-15T-Elite-SE-CVT/BF1206508
2026-06-06 15:59:33,254 - INFO -    ✅ BF1206508 | page 12
2026-06-06 15:59:33,254 - INFO - [WBC] 🔎 Detail: https://www.webuycars.co.za/buy-a-car/Mazda/CX-5-20-Dynamic-Auto/F57506475
2026-06-06 15:59:36,549 - INFO -    ✅ F57506475 | page 12
2026-06-06 15:59:37,506 - INFO - ✅ Saved 10 car(s) to Firestore.
2026-06-06 15:59:37,506 - INFO - [WBC] 🔎 Detail: https://www.webuycars.co.za/buy-a-car/Baic/X55-15T-Elite-Auto/FF2714438
2026-06-06 15:59:40,401 - INFO -    ✅ FF2714438 | page 12
2026-06-06 15:59:40,402 - INFO - [WBC] 🔎 Detail: https://www.webuycars.co.za/buy-a-car/Haval/H2-15T-City/064305540
2026-06-06 15:59:43,411 - INFO -    ✅ 064305540 | page 12
2026-06-06 15:59:43,411 - INFO - [WBC] 🔎 Detail: https://www.webuycars.co.za/buy-a-car/Nissan/Magnite-10T-RED-Edition/382A09402
2026-06-06 15:59:46,336 - INFO -    ✅ 382A09402 | page 12
2026-06-06 15:59:46,336 - INFO - [WBC] 🔎 Detail: https://www.webuycars.co.za/buy-a-car/Toyota/Urban-Cruiser-15-XI/601505160
2026-06-06 15:59:49,280 - INFO -    ✅ 601505160 | page 12
2026-06-06 15:59:49,281 - INFO - [WBC] 🔎 Detail: https://www.webuycars.co.za/buy-a-car/Suzuki/Vitara-Brezza-15-GL/945D04154
2026-06-06 15:59:52,382 - INFO -    ✅ 945D04154 | page 12
2026-06-06 15:59:52,382 - INFO - [WBC] 🔎 Detail: https://www.webuycars.co.za/buy-a-car/Mitsubishi/Outlander-24-GLS-CVT/A29D00158
2026-06-06 15:59:55,234 - INFO -    ✅ A29D00158 | page 12
2026-06-06 15:59:55,235 - INFO - [WBC] 🔎 Detail: https://www.webuycars.co.za/buy-a-car/Renault/Duster-15-DCI-Prestige-EDC/A9E411765
2026-06-06 15:59:58,132 - INFO -    ✅ A9E411765 | page 12
2026-06-06 15:59:58,133 - INFO - [WBC] 🔎 Detail: https://www.webuycars.co.za/buy-a-car/Renault/Kiger-10T-Intens/CA3D06520
2026-06-06 16:00:01,359 - INFO -    ✅ CA3D06520 | page 12
2026-06-06 16:00:01,359 - INFO - [WBC] 🔎 Detail: https://www.webuycars.co.za/buy-a-car/Ford/Puma-10T-EcoBoost-Titanium-Auto/CAE800749
2026-06-06 16:00:05,813 - INFO -    ✅ CAE800749 | page 12
2026-06-06 16:00:05,813 - INFO - [WBC] 🔎 Detail: https://www.webuycars.co.za/buy-a-car/Peugeot/3008-16-THP-Active-Auto/EECF15243
2026-06-06 16:00:09,024 - INFO -    ✅ EECF15243 | page 12
2026-06-06 16:00:10,045 - INFO - ✅ Saved 10 car(s) to Firestore.
2026-06-06 16:00:10,046 - INFO - [WBC] 🔎 Detail: https://www.webuycars.co.za/buy-a-car/Suzuki/Jimny-15-GLX/F90200294
2026-06-06 16:00:13,040 - INFO -    ✅ F90200294 | page 12
2026-06-06 16:00:13,041 - INFO - [WBC] 🔎 Detail: https://www.webuycars.co.za/buy-a-car/Toyota/Fortuner-28gd-6-R-B-Auto/23C913015
2026-06-06 16:00:16,123 - INFO -    ✅ 23C913015 | page 12
2026-06-06 16:00:16,123 - INFO - [WBC] 🔎 Detail: https://www.webuycars.co.za/buy-a-car/Citroen/C3-Aircross-12-Puretech-Shine-Auto/4ACE05990
2026-06-06 16:00:19,164 - INFO -    ✅ 4ACE05990 | page 12
2026-06-06 16:00:19,164 - INFO - [WBC] 🔎 Detail: https://www.webuycars.co.za/buy-a-car/Mercedes-Benz/GLA-200-Auto/86E402034
2026-06-06 16:00:22,087 - INFO -    ✅ 86E402034 | page 12
2026-06-06 16:00:22,088 - INFO - [WBC] 🔎 Detail: https://www.webuycars.co.za/buy-a-car/Toyota/Urban-Cruiser-15xr-Auto/9E3713341
2026-06-06 16:00:24,964 - INFO -    ✅ 9E3713341 | page 12
2026-06-06 16:00:24,964 - INFO - [WBC] 🔎 Detail: https://www.webuycars.co.za/buy-a-car/Mahindra/Xuv3xo-12T-MX2/9C4C01229
2026-06-06 16:00:28,090 - INFO -    ✅ 9C4C01229 | page 12
2026-06-06 16:00:28,090 - INFO - [WBC] 🔎 Detail: https://www.webuycars.co.za/buy-a-car/Chery/Tiggo-4-PRO-15-LIT/DF8400361
2026-06-06 16:00:30,980 - INFO -    ✅ DF8400361 | page 12
2026-06-06 16:00:30,980 - INFO - [WBC] 🔎 Detail: https://www.webuycars.co.za/buy-a-car/Ford/Ecosport-15tivct-Ambiente-Auto/1A9701849
2026-06-06 16:00:34,313 - INFO -    ✅ 1A9701849 | page 12
2026-06-06 16:00:34,313 - INFO - [WBC] 🔎 Detail: https://www.webuycars.co.za/buy-a-car/Isuzu/MU-X-30d-HR-LSE-Auto/486400197
2026-06-06 16:00:38,148 - INFO -    ✅ 486400197 | page 12
2026-06-06 16:00:38,148 - INFO - [WBC] 🔎 Detail: https://www.webuycars.co.za/buy-a-car/Renault/Captur-12T-Dynamique-EDC-5-Door-88-KW/456810954
2026-06-06 16:00:41,139 - INFO -    ✅ 456810954 | page 12
2026-06-06 16:00:42,122 - INFO - ✅ Saved 10 car(s) to Firestore.
2026-06-06 16:00:42,123 - INFO - [WBC] 📄 Page 13: https://www.webuycars.co.za/buy-a-car?Year=[2019,2026]&BodyType=["Sports%20Utility%20Vehicle%20(SUV)","Crossover%20(SUV)"]&InspectionCondition=["Certified"]&page=13
2026-06-06 16:01:05,394 - INFO - [WBC] 🔎 Detail: https://www.webuycars.co.za/buy-a-car/Haval/H6-GT-20T-Super-Luxury-4x4-DCT/55D000485
2026-06-06 16:01:08,240 - INFO -    ✅ 55D000485 | page 13
2026-06-06 16:01:08,241 - INFO - [WBC] 🔎 Detail: https://www.webuycars.co.za/buy-a-car/Ford/Ecosport-10-EcoBoost-Trend-Auto/48DA16804
2026-06-06 16:01:11,541 - INFO -    ✅ 48DA16804 | page 13
2026-06-06 16:01:11,542 - INFO - [WBC] 🔎 Detail: https://www.webuycars.co.za/buy-a-car/Haval/H2-Jolion-15T-City/501612408
2026-06-06 16:01:14,450 - INFO -    ✅ 501612408 | page 13
2026-06-06 16:01:14,451 - INFO - [WBC] 🔎 Detail: https://www.webuycars.co.za/buy-a-car/Hyundai/Venue-10-Tgdi-Fluid-DCT/705B10483
2026-06-06 16:01:17,300 - INFO -    ✅ 705B10483 | page 13
2026-06-06 16:01:17,300 - INFO - [WBC] 🔎 Detail: https://www.webuycars.co.za/buy-a-car/Nissan/X-Trail-16dci-Visia-7S/743C14783
2026-06-06 16:01:20,361 - INFO -    ✅ 743C14783 | page 13
2026-06-06 16:01:20,361 - INFO - [WBC] 🔎 Detail: https://www.webuycars.co.za/buy-a-car/KIA/Seltos-16-EX/821211922
2026-06-06 16:01:23,532 - INFO -    ✅ 821211922 | page 13
2026-06-06 16:01:23,532 - INFO - [WBC] 🔎 Detail: https://www.webuycars.co.za/buy-a-car/Toyota/Corolla-Cross-18-XS/923215994
2026-06-06 16:01:26,325 - INFO -    ✅ 923215994 | page 13
2026-06-06 16:01:26,325 - INFO - [WBC] 🔎 Detail: https://www.webuycars.co.za/buy-a-car/Chery/Tiggo-7-PRO-15T-Distinction-CVT/934716046
2026-06-06 16:01:29,129 - INFO -    ✅ 934716046 | page 13
2026-06-06 16:01:29,129 - INFO - [WBC] 🔎 Detail: https://www.webuycars.co.za/buy-a-car/Hyundai/Palisade-22d-Elite-AWD-Auto-7-Seat/CAFF04279
2026-06-06 16:01:32,018 - INFO -    ✅ CAFF04279 | page 13
2026-06-06 16:01:32,019 - INFO - [WBC] 🔎 Detail: https://www.webuycars.co.za/buy-a-car/Ford/Territory-Dark-Edition-18l-EcoBoost-Auto/138911945
2026-06-06 16:01:35,065 - INFO -    ✅ 138911945 | page 13
2026-06-06 16:01:36,107 - INFO - ✅ Saved 10 car(s) to Firestore.
2026-06-06 16:01:36,108 - INFO - [WBC] 🔎 Detail: https://www.webuycars.co.za/buy-a-car/Haval/H2-15T-City/3B9E10760
2026-06-06 16:01:39,033 - INFO -    ✅ 3B9E10760 | page 13
2026-06-06 16:01:39,034 - INFO - [WBC] 🔎 Detail: https://www.webuycars.co.za/buy-a-car/Volkswagen/Tiguan-14-TSI-R-Line-DSG-110-KW/18E502089
2026-06-06 16:01:41,801 - INFO -    ✅ 18E502089 | page 13
2026-06-06 16:01:41,802 - INFO - [WBC] 🔎 Detail: https://www.webuycars.co.za/buy-a-car/Suzuki/Vitara-Brezza-15-GL/2A0303698
2026-06-06 16:01:45,429 - INFO -    ✅ 2A0303698 | page 13
2026-06-06 16:01:45,429 - INFO - [WBC] 🔎 Detail: https://www.webuycars.co.za/buy-a-car/Jeep/Wrangler-Rubicon-36-V6-2DR/85E704184
2026-06-06 16:01:48,415 - INFO -    ✅ 85E704184 | page 13
2026-06-06 16:01:48,416 - INFO - [WBC] 🔎 Detail: https://www.webuycars.co.za/buy-a-car/Chery/Tiggo-8-PRO-MAX-20-Tgdi-Executive-AWD-DCT/884B07591
2026-06-06 16:01:51,324 - INFO -    ✅ 884B07591 | page 13
2026-06-06 16:01:51,324 - INFO - [WBC] 🔎 Detail: https://www.webuycars.co.za/buy-a-car/KIA/Seltos-16-EX/BFC811301
2026-06-06 16:01:54,260 - INFO -    ✅ BFC811301 | page 13
2026-06-06 16:01:54,260 - INFO - [WBC] 🔎 Detail: https://www.webuycars.co.za/buy-a-car/Toyota/Urban-Cruiser-15-XI/C3C402151
2026-06-06 16:01:57,242 - INFO -    ✅ C3C402151 | page 13
2026-06-06 16:01:57,243 - INFO - [WBC] 🔎 Detail: https://www.webuycars.co.za/buy-a-car/Ford/Ecosport-15tdci-Ambiente/C5EA06188
2026-06-06 16:02:00,491 - INFO -    ✅ C5EA06188 | page 13
2026-06-06 16:02:00,491 - INFO - [WBC] 🔎 Detail: https://www.webuycars.co.za/buy-a-car/Renault/Kiger-10T-Intens/D39D12259
2026-06-06 16:02:04,094 - INFO -    ✅ D39D12259 | page 13
2026-06-06 16:02:04,094 - INFO - [WBC] 🔎 Detail: https://www.webuycars.co.za/buy-a-car/Toyota/Corolla-Cross-18-XI/F07C01242
2026-06-06 16:02:07,342 - INFO -    ✅ F07C01242 | page 13
2026-06-06 16:02:08,460 - INFO - ✅ Saved 10 car(s) to Firestore.
2026-06-06 16:02:08,460 - INFO - [WBC] 🔎 Detail: https://www.webuycars.co.za/buy-a-car/Ford/Ecosport-15tdci-Trend/FD7314131
2026-06-06 16:02:11,434 - INFO -    ✅ FD7314131 | page 13
2026-06-06 16:02:11,435 - INFO - [WBC] 🔎 Detail: https://www.webuycars.co.za/buy-a-car/Jetour/X70-Plus-15T-Momentum/284C10563
2026-06-06 16:02:14,316 - INFO -    ✅ 284C10563 | page 13
2026-06-06 16:02:14,316 - INFO - [WBC] 🔎 Detail: https://www.webuycars.co.za/buy-a-car/Haval/H6-15T-Hybrid-Ultra-Luxury-DHT/41C903136
2026-06-06 16:02:17,412 - INFO -    ✅ 41C903136 | page 13
2026-06-06 16:02:17,412 - INFO - [WBC] 🔎 Detail: https://www.webuycars.co.za/buy-a-car/Suzuki/Vitara-Brezza-15-GL/5FFB14367
2026-06-06 16:02:21,345 - INFO -    ✅ 5FFB14367 | page 13
2026-06-06 16:02:21,346 - INFO - [WBC] 📄 Page 14: https://www.webuycars.co.za/buy-a-car?Year=[2019,2026]&BodyType=["Sports%20Utility%20Vehicle%20(SUV)","Crossover%20(SUV)"]&InspectionCondition=["Certified"]&page=14
2026-06-06 16:02:44,962 - INFO - [WBC] 🔎 Detail: https://www.webuycars.co.za/buy-a-car/Chery/Tiggo-8-PRO-MAX-20-Tgdi-Executive-DCT/635300240
2026-06-06 16:02:47,900 - INFO -    ✅ 635300240 | page 14
2026-06-06 16:02:47,900 - INFO - [WBC] 🔎 Detail: https://www.webuycars.co.za/buy-a-car/Renault/Kadjar-12T-Blaze/6BBB13018
2026-06-06 16:02:50,688 - INFO -    ✅ 6BBB13018 | page 14
2026-06-06 16:02:50,688 - INFO - [WBC] 🔎 Detail: https://www.webuycars.co.za/buy-a-car/Renault/Captur-15-DCI-Dynamique-5-Door-66-KW/74E313254
2026-06-06 16:02:53,731 - INFO -    ✅ 74E313254 | page 14
2026-06-06 16:02:53,731 - INFO - [WBC] 🔎 Detail: https://www.webuycars.co.za/buy-a-car/Opel/Mokka-12T-Elegance--edition-Auto/B8C507872
2026-06-06 16:02:56,912 - INFO -    ✅ B8C507872 | page 14
2026-06-06 16:02:56,913 - INFO - [WBC] 🔎 Detail: https://www.webuycars.co.za/buy-a-car/Chery/Tiggo-7-PRO-15T-Distinction-CVT/CB4701228
2026-06-06 16:03:00,060 - INFO -    ✅ CB4701228 | page 14
2026-06-06 16:03:00,060 - INFO - [WBC] 🔎 Detail: https://www.webuycars.co.za/buy-a-car/Suzuki/S-Presso-10-GL/CBC409943
2026-06-06 16:03:02,936 - INFO -    ✅ CBC409943 | page 14
2026-06-06 16:03:04,091 - INFO - ✅ Saved 10 car(s) to Firestore.
2026-06-06 16:03:04,091 - INFO - [WBC] 🔎 Detail: https://www.webuycars.co.za/buy-a-car/Ford/Ecosport-10-EcoBoost-Trend/CCF406695
2026-06-06 16:03:06,878 - INFO -    ✅ CCF406695 | page 14
2026-06-06 16:03:06,878 - INFO - [WBC] 🔎 Detail: https://www.webuycars.co.za/buy-a-car/Suzuki/Jimny-15-GLX-Auto/D98214117
2026-06-06 16:03:09,679 - INFO -    ✅ D98214117 | page 14
2026-06-06 16:03:09,680 - INFO - [WBC] 🔎 Detail: https://www.webuycars.co.za/buy-a-car/Haval/Jolion-15T-Premium-DCT/F96700298
2026-06-06 16:03:12,644 - INFO -    ✅ F96700298 | page 14
2026-06-06 16:03:12,645 - INFO - [WBC] 🔎 Detail: https://www.webuycars.co.za/buy-a-car/Chery/Tiggo-4-PRO-15-Urban/1F5C14634
2026-06-06 16:03:15,833 - INFO -    ✅ 1F5C14634 | page 14
2026-06-06 16:03:15,834 - INFO - [WBC] 🔎 Detail: https://www.webuycars.co.za/buy-a-car/Chery/Omoda-C5-15T-Tech/2AF905260
2026-06-06 16:03:18,724 - INFO -    ✅ 2AF905260 | page 14
2026-06-06 16:03:18,725 - INFO - [WBC] 🔎 Detail: https://www.webuycars.co.za/buy-a-car/Toyota/Urban-Cruiser-15-XI/3F4904061
2026-06-06 16:03:21,581 - INFO -    ✅ 3F4904061 | page 14
2026-06-06 16:03:21,581 - INFO - [WBC] 🔎 Detail: https://www.webuycars.co.za/buy-a-car/Ford/Ecosport-10-EcoBoost-Trend-Auto/5AAB07211
2026-06-06 16:03:24,606 - INFO -    ✅ 5AAB07211 | page 14
2026-06-06 16:03:24,607 - INFO - [WBC] 🔎 Detail: https://www.webuycars.co.za/buy-a-car/Suzuki/Jimny-15-GLX/5D4F08349
2026-06-06 16:03:28,070 - INFO -    ✅ 5D4F08349 | page 14
2026-06-06 16:03:28,070 - INFO - [WBC] 🔎 Detail: https://www.webuycars.co.za/buy-a-car/Toyota/Fortuner-24gd-6-R-B-Auto/903805322
2026-06-06 16:03:31,157 - INFO -    ✅ 903805322 | page 14
2026-06-06 16:03:31,158 - INFO - [WBC] 🔎 Detail: https://www.webuycars.co.za/buy-a-car/BMW/X4-xDrive-20D-M-Sport-G02/AF7503926
2026-06-06 16:03:34,220 - INFO -    ✅ AF7503926 | page 14
2026-06-06 16:03:35,263 - INFO - ✅ Saved 10 car(s) to Firestore.
2026-06-06 16:03:35,264 - INFO - [WBC] 🔎 Detail: https://www.webuycars.co.za/buy-a-car/Ford/Kuga-15-EcoBoost-Ambiente/953609660
2026-06-06 16:03:38,135 - INFO -    ✅ 953609660 | page 14
2026-06-06 16:03:38,135 - INFO - [WBC] 🔎 Detail: https://www.webuycars.co.za/buy-a-car/Ford/Ecosport-15tdci-Ambiente/EB8B16386
2026-06-06 16:03:41,213 - INFO -    ✅ EB8B16386 | page 14
2026-06-06 16:03:41,214 - INFO - [WBC] 🔎 Detail: https://www.webuycars.co.za/buy-a-car/Chery/Tiggo-8-PRO-MAX-20-Tgdi-Executive-DCT/00C215575
2026-06-06 16:03:44,687 - INFO -    ✅ 00C215575 | page 14
2026-06-06 16:03:44,688 - INFO - [WBC] 🔎 Detail: https://www.webuycars.co.za/buy-a-car/Volkswagen/T-Cross-10-TSI-Comfortline/0C1411856
2026-06-06 16:03:47,855 - INFO -    ✅ 0C1411856 | page 14
2026-06-06 16:03:47,855 - INFO - [WBC] 🔎 Detail: https://www.webuycars.co.za/buy-a-car/Ford/Ecosport-15tdci-Titanium/762304607
2026-06-06 16:03:51,129 - INFO -    ✅ 762304607 | page 14
2026-06-06 16:03:51,129 - INFO - [WBC] 🔎 Detail: https://www.webuycars.co.za/buy-a-car/Renault/Captur-15-DCI-Dynamique-5-Door-66-KW/895A00346
2026-06-06 16:03:54,137 - INFO -    ✅ 895A00346 | page 14
2026-06-06 16:03:54,137 - INFO - [WBC] 🔎 Detail: https://www.webuycars.co.za/buy-a-car/Volkswagen/T-ROC-20-TSI-4M-R-Line-DSG/86F100728
2026-06-06 16:03:57,145 - INFO -    ✅ 86F100728 | page 14
2026-06-06 16:03:57,145 - INFO - [WBC] 🔎 Detail: https://www.webuycars.co.za/buy-a-car/Haval/H2-15T-Luxury/B2C215356
2026-06-06 16:04:00,120 - INFO -    ✅ B2C215356 | page 14
2026-06-06 16:04:00,121 - INFO - [WBC] 📄 Page 15: https://www.webuycars.co.za/buy-a-car?Year=[2019,2026]&BodyType=["Sports%20Utility%20Vehicle%20(SUV)","Crossover%20(SUV)"]&InspectionCondition=["Certified"]&page=15
2026-06-06 16:04:24,968 - INFO - [WBC] 🔎 Detail: https://www.webuycars.co.za/buy-a-car/Ford/Ecosport-15tivct-Ambiente/B83A06985
2026-06-06 16:04:28,196 - INFO -    ✅ B83A06985 | page 15
2026-06-06 16:04:28,196 - INFO - [WBC] 🔎 Detail: https://www.webuycars.co.za/buy-a-car/KIA/Sorento-22d-EX-Auto/EDC601503
2026-06-06 16:04:31,024 - INFO -    ✅ EDC601503 | page 15
2026-06-06 16:04:32,167 - INFO - ✅ Saved 10 car(s) to Firestore.
2026-06-06 16:04:32,167 - INFO - [WBC] 🔎 Detail: https://www.webuycars.co.za/buy-a-car/BMW/X3-xDrive-20D-M-Sport-G01/F32F04677
2026-06-06 16:04:35,107 - INFO -    ✅ F32F04677 | page 15
2026-06-06 16:04:35,108 - INFO - [WBC] 🔎 Detail: https://www.webuycars.co.za/buy-a-car/Ford/Puma-10T-EcoBoost-Titanium-Auto/F71E12156
2026-06-06 16:04:38,776 - INFO -    ✅ F71E12156 | page 15
2026-06-06 16:04:38,776 - INFO - [WBC] 🔎 Detail: https://www.webuycars.co.za/buy-a-car/Proton/X90-15T-Executive-mhev/0A2305303
2026-06-06 16:04:41,802 - INFO -    ✅ 0A2305303 | page 15
2026-06-06 16:04:41,802 - INFO - [WBC] 🔎 Detail: https://www.webuycars.co.za/buy-a-car/BMW/X4-xDrive20d-M-Sport-G02/0A4802968
2026-06-06 16:04:44,721 - INFO -    ✅ 0A4802968 | page 15
2026-06-06 16:04:44,721 - INFO - [WBC] 🔎 Detail: https://www.webuycars.co.za/buy-a-car/Volkswagen/Tiguan-14-TSI-R-Line-DSG-110-KW/601C01101
2026-06-06 16:04:47,684 - INFO -    ✅ 601C01101 | page 15
2026-06-06 16:04:47,684 - INFO - [WBC] 🔎 Detail: https://www.webuycars.co.za/buy-a-car/Hyundai/Tucson-20-Premium/2C7D00130
2026-06-06 16:04:50,576 - INFO -    ✅ 2C7D00130 | page 15
2026-06-06 16:04:50,576 - INFO - [WBC] 🔎 Detail: https://www.webuycars.co.za/buy-a-car/Volkswagen/T-Cross-10-TSI-Comfortline/71B207328
2026-06-06 16:04:53,627 - INFO -    ✅ 71B207328 | page 15
2026-06-06 16:04:53,627 - INFO - [WBC] 🔎 Detail: https://www.webuycars.co.za/buy-a-car/Chery/Tiggo-4-PRO-15-Comfort-CVT/590A01736
2026-06-06 16:04:56,504 - INFO -    ✅ 590A01736 | page 15
2026-06-06 16:04:56,505 - INFO - [WBC] 🔎 Detail: https://www.webuycars.co.za/buy-a-car/Chery/Omoda-C5-15T-Elegance-S/A6AE06956
2026-06-06 16:04:59,427 - INFO -    ✅ A6AE06956 | page 15
2026-06-06 16:04:59,427 - INFO - [WBC] 🔎 Detail: https://www.webuycars.co.za/buy-a-car/Renault/Kiger-10T-Intens-CVT/60D114171
2026-06-06 16:05:02,304 - INFO -    ✅ 60D114171 | page 15
2026-06-06 16:05:04,455 - INFO - ✅ Saved 10 car(s) to Firestore.
2026-06-06 16:05:04,456 - INFO - [WBC] 🔎 Detail: https://www.webuycars.co.za/buy-a-car/Hyundai/Venue-10-Tgdi-Motion/9D1B03188
2026-06-06 16:05:07,488 - INFO -    ✅ 9D1B03188 | page 15
2026-06-06 16:05:07,488 - INFO - [WBC] 🔎 Detail: https://www.webuycars.co.za/buy-a-car/Suzuki/Fronx-15-GL/825A00939
2026-06-06 16:05:10,343 - INFO -    ✅ 825A00939 | page 15
2026-06-06 16:05:10,343 - INFO - [WBC] 🔎 Detail: https://www.webuycars.co.za/buy-a-car/Ford/Ecosport-10-EcoBoost-Trend/A9DB16320
2026-06-06 16:05:14,036 - INFO -    ✅ A9DB16320 | page 15
2026-06-06 16:05:14,036 - INFO - [WBC] 🔎 Detail: https://www.webuycars.co.za/buy-a-car/Omoda/C9-20T-Inspire/CB6810192
2026-06-06 16:05:17,586 - INFO -    ✅ CB6810192 | page 15
2026-06-06 16:05:17,586 - INFO - [WBC] 🔎 Detail: https://www.webuycars.co.za/buy-a-car/Peugeot/3008-16-THP-GT--Line-Auto/FC1711964
2026-06-06 16:05:20,410 - INFO -    ✅ FC1711964 | page 15
2026-06-06 16:05:20,411 - INFO - [WBC] 🔎 Detail: https://www.webuycars.co.za/buy-a-car/Ford/Ecosport-15tdci-Ambiente/0C6A08052
2026-06-06 16:05:23,280 - INFO -    ✅ 0C6A08052 | page 15
2026-06-06 16:05:23,280 - INFO - [WBC] 🔎 Detail: https://www.webuycars.co.za/buy-a-car/Chery/Tiggo-7-PRO-15T-Executive-CVT/253B15349
2026-06-06 16:05:26,575 - INFO -    ✅ 253B15349 | page 15
2026-06-06 16:05:26,575 - INFO - [WBC] 🔎 Detail: https://www.webuycars.co.za/buy-a-car/Jeep/Grand-Cherokee-36l-Limited/501C03507
2026-06-06 16:05:29,452 - INFO -    ✅ 501C03507 | page 15
2026-06-06 16:05:29,453 - INFO - [WBC] 🔎 Detail: https://www.webuycars.co.za/buy-a-car/Ford/Ecosport-10-EcoBoost-Trend-Auto/5EF407783
2026-06-06 16:05:32,551 - INFO -    ✅ 5EF407783 | page 15
2026-06-06 16:05:32,551 - INFO - [WBC] 🔎 Detail: https://www.webuycars.co.za/buy-a-car/Haval/Jolion-PRO-15T-Premium-DCT/6A0002008
2026-06-06 16:05:35,608 - INFO -    ✅ 6A0002008 | page 15
2026-06-06 16:05:36,562 - INFO - ✅ Saved 10 car(s) to Firestore.
2026-06-06 16:05:36,562 - INFO - [WBC] 🔎 Detail: https://www.webuycars.co.za/buy-a-car/Toyota/Starlet-Cross-15xs/7A9A17038
2026-06-06 16:05:39,492 - INFO -    ✅ 7A9A17038 | page 15
2026-06-06 16:05:39,493 - INFO - [WBC] 🔎 Detail: https://www.webuycars.co.za/buy-a-car/Chery/Tiggo-4-PRO-15T-LIT-DCT/9FF415238
2026-06-06 16:05:42,349 - INFO -    ✅ 9FF415238 | page 15
2026-06-06 16:05:42,349 - INFO - [WBC] 📄 Page 16: https://www.webuycars.co.za/buy-a-car?Year=[2019,2026]&BodyType=["Sports%20Utility%20Vehicle%20(SUV)","Crossover%20(SUV)"]&InspectionCondition=["Certified"]&page=16
2026-06-06 16:06:06,039 - INFO - [WBC] 🔎 Detail: https://www.webuycars.co.za/buy-a-car/Ford/Ecosport-15tdci-Ambiente/863014726
2026-06-06 16:06:09,756 - INFO -    ✅ 863014726 | page 16
2026-06-06 16:06:09,757 - INFO - [WBC] 🔎 Detail: https://www.webuycars.co.za/buy-a-car/KIA/Sonet-15-EX-CVT/CCF600208
2026-06-06 16:06:12,665 - INFO -    ✅ CCF600208 | page 16
2026-06-06 16:06:12,665 - INFO - [WBC] 🔎 Detail: https://www.webuycars.co.za/buy-a-car/Mazda/CX-3-20-Dynamic-Auto/C96515068
2026-06-06 16:06:15,497 - INFO -    ✅ C96515068 | page 16
2026-06-06 16:06:15,497 - INFO - [WBC] 🔎 Detail: https://www.webuycars.co.za/buy-a-car/Ford/Puma-10T-EcoBoost-Titanium-Auto/CB8C00748
2026-06-06 16:06:18,594 - INFO -    ✅ CB8C00748 | page 16
2026-06-06 16:06:18,594 - INFO - [WBC] 🔎 Detail: https://www.webuycars.co.za/buy-a-car/Ford/Puma-10T-EcoBoost-Titanium-Auto/DA3900750
2026-06-06 16:06:21,902 - INFO -    ✅ DA3900750 | page 16
2026-06-06 16:06:21,902 - INFO - [WBC] 🔎 Detail: https://www.webuycars.co.za/buy-a-car/Mercedes-Benz/GLC-AMG-GLC-63-S-Coupe-4-Matic/FDBF13555
2026-06-06 16:06:24,809 - INFO -    ✅ FDBF13555 | page 16
2026-06-06 16:06:24,809 - INFO - [WBC] 🔎 Detail: https://www.webuycars.co.za/buy-a-car/Peugeot/3008-16T-Allure-Auto/00DC10101
2026-06-06 16:06:27,611 - INFO -    ✅ 00DC10101 | page 16
2026-06-06 16:06:27,611 - INFO - [WBC] 🔎 Detail: https://www.webuycars.co.za/buy-a-car/Chery/Tiggo-4-PRO-15-LIT/16D010075
2026-06-06 16:06:30,724 - INFO -    ✅ 16D010075 | page 16
2026-06-06 16:06:31,684 - INFO - ✅ Saved 10 car(s) to Firestore.
2026-06-06 16:06:31,684 - INFO - [WBC] 🔎 Detail: https://www.webuycars.co.za/buy-a-car/Hyundai/Grand-Creta-20-Elite-Auto/17A113541
2026-06-06 16:06:34,586 - INFO -    ✅ 17A113541 | page 16
2026-06-06 16:06:34,586 - INFO - [WBC] 🔎 Detail: https://www.webuycars.co.za/buy-a-car/Ford/Everest-20d-Bi-Turbo-XLT-Auto/19EB16586
2026-06-06 16:06:37,411 - INFO -    ✅ 19EB16586 | page 16
2026-06-06 16:06:37,411 - INFO - [WBC] 🔎 Detail: https://www.webuycars.co.za/buy-a-car/Haval/Jolion-15T-Luxury-DCT/1CD914492
2026-06-06 16:06:40,321 - INFO -    ✅ 1CD914492 | page 16
2026-06-06 16:06:40,322 - INFO - [WBC] 🔎 Detail: https://www.webuycars.co.za/buy-a-car/Toyota/Corolla-Cross-18-Gr-S/9AFC14986
2026-06-06 16:06:43,797 - INFO -    ✅ 9AFC14986 | page 16
2026-06-06 16:06:43,798 - INFO - [WBC] 🔎 Detail: https://www.webuycars.co.za/buy-a-car/Suzuki/Jimny-15-GLX-Auto/576B16211
2026-06-06 16:06:46,784 - INFO -    ✅ 576B16211 | page 16
2026-06-06 16:06:46,785 - INFO - [WBC] 🔎 Detail: https://www.webuycars.co.za/buy-a-car/Haval/H2-15T-City/C14005116
2026-06-06 16:06:49,774 - INFO -    ✅ C14005116 | page 16
2026-06-06 16:06:49,774 - INFO - [WBC] 🔎 Detail: https://www.webuycars.co.za/buy-a-car/Volkswagen/Tiguan-14-TSI-R-Line-DSG-110-KW/C5DC17048
2026-06-06 16:06:52,649 - INFO -    ✅ C5DC17048 | page 16
2026-06-06 16:06:52,649 - INFO - [WBC] 🔎 Detail: https://www.webuycars.co.za/buy-a-car/Haval/H2-15T-City-Auto/CC1307755
2026-06-06 16:06:55,539 - INFO -    ✅ CC1307755 | page 16
2026-06-06 16:06:55,539 - INFO - [WBC] 🔎 Detail: https://www.webuycars.co.za/buy-a-car/Ford/Ecosport-15tdci-Ambiente/D15008047
2026-06-06 16:06:58,437 - INFO -    ✅ D15008047 | page 16
2026-06-06 16:06:58,438 - INFO - [WBC] 🔎 Detail: https://www.webuycars.co.za/buy-a-car/Ford/Ecosport-10-EcoBoost-Titanium-Auto/126303523
2026-06-06 16:07:01,265 - INFO -    ✅ 126303523 | page 16
2026-06-06 16:07:02,205 - INFO - ✅ Saved 10 car(s) to Firestore.
2026-06-06 16:07:02,205 - INFO - [WBC] 🔎 Detail: https://www.webuycars.co.za/buy-a-car/Nissan/Qashqai-12T-Acenta-CVT/569103368
2026-06-06 16:07:05,102 - INFO -    ✅ 569103368 | page 16
2026-06-06 16:07:05,102 - INFO - [WBC] 🔎 Detail: https://www.webuycars.co.za/buy-a-car/Nissan/Juke-16T-Tekna-Tech/950209119
2026-06-06 16:07:07,945 - INFO -    ✅ 950209119 | page 16
2026-06-06 16:07:07,945 - INFO - [WBC] 🔎 Detail: https://www.webuycars.co.za/buy-a-car/Haval/H6-GT-20T-Super-Luxury-4x4-DCT/8E8B15529
2026-06-06 16:07:10,990 - INFO -    ✅ 8E8B15529 | page 16
2026-06-06 16:07:10,991 - INFO - [WBC] 🔎 Detail: https://www.webuycars.co.za/buy-a-car/Nissan/Magnite-10T-Acenta-CVT/CADE10439
2026-06-06 16:07:13,886 - INFO -    ✅ CADE10439 | page 16
2026-06-06 16:07:13,887 - INFO - [WBC] 🔎 Detail: https://www.webuycars.co.za/buy-a-car/Volkswagen/T-Cross-10-TSI-Comfortline-DSG/CD0615113
2026-06-06 16:07:17,294 - INFO -    ✅ CD0615113 | page 16
2026-06-06 16:07:17,295 - INFO - [WBC] 🔎 Detail: https://www.webuycars.co.za/buy-a-car/Haval/H2-Jolion-15T-City/F69702265
2026-06-06 16:07:20,255 - INFO -    ✅ F69702265 | page 16
2026-06-06 16:07:20,255 - INFO - [WBC] 📄 Page 17: https://www.webuycars.co.za/buy-a-car?Year=[2019,2026]&BodyType=["Sports%20Utility%20Vehicle%20(SUV)","Crossover%20(SUV)"]&InspectionCondition=["Certified"]&page=17
2026-06-06 16:07:43,611 - INFO - [WBC] 🔎 Detail: https://www.webuycars.co.za/buy-a-car/Renault/Duster-15-DCI-Prestige-EDC/F10112928
2026-06-06 16:07:46,409 - INFO -    ✅ F10112928 | page 17
2026-06-06 16:07:46,409 - INFO - [WBC] 🔎 Detail: https://www.webuycars.co.za/buy-a-car/Haval/H2-Jolion-15T-Luxury/00ED14895
2026-06-06 16:07:49,164 - INFO -    ✅ 00ED14895 | page 17
2026-06-06 16:07:49,164 - INFO - [WBC] 🔎 Detail: https://www.webuycars.co.za/buy-a-car/BMW/X3-xDrive-20D-M-Sport-G01/15DB05422
2026-06-06 16:07:51,928 - INFO -    ✅ 15DB05422 | page 17
2026-06-06 16:07:51,929 - INFO - [WBC] 🔎 Detail: https://www.webuycars.co.za/buy-a-car/Volkswagen/T-Cross-15-TSI-R-Line-DSG/1A7B05830
2026-06-06 16:07:54,991 - INFO -    ✅ 1A7B05830 | page 17
2026-06-06 16:07:55,936 - INFO - ✅ Saved 10 car(s) to Firestore.
2026-06-06 16:07:55,936 - INFO - [WBC] 🔎 Detail: https://www.webuycars.co.za/buy-a-car/Suzuki/Jimny-15-GLX/4D5D14373
2026-06-06 16:07:58,801 - INFO -    ✅ 4D5D14373 | page 17
2026-06-06 16:07:58,802 - INFO - [WBC] 🔎 Detail: https://www.webuycars.co.za/buy-a-car/KIA/Sonet-10T-EX-Auto/DD9803801
2026-06-06 16:08:01,716 - INFO -    ✅ DD9803801 | page 17
2026-06-06 16:08:01,717 - INFO - [WBC] 🔎 Detail: https://www.webuycars.co.za/buy-a-car/Honda/WR-V-12-Comfort/BD7D05101
2026-06-06 16:08:04,721 - INFO -    ✅ BD7D05101 | page 17
2026-06-06 16:08:04,721 - INFO - [WBC] 🔎 Detail: https://www.webuycars.co.za/buy-a-car/Renault/Duster-15-DCI-Techroad/FD1207608
2026-06-06 16:08:07,403 - INFO -    ✅ FD1207608 | page 17
2026-06-06 16:08:07,403 - INFO - [WBC] 🔎 Detail: https://www.webuycars.co.za/buy-a-car/Ford/Ecosport-10-EcoBoost-Trend-Auto/2A9512953
2026-06-06 16:08:10,588 - INFO -    ✅ 2A9512953 | page 17
2026-06-06 16:08:10,589 - INFO - [WBC] 🔎 Detail: https://www.webuycars.co.za/buy-a-car/Mercedes-Benz/GLC-300-4matic/3EBD05072
2026-06-06 16:08:13,191 - INFO -    ✅ 3EBD05072 | page 17
2026-06-06 16:08:13,191 - INFO - [WBC] 🔎 Detail: https://www.webuycars.co.za/buy-a-car/Chery/Tiggo-8-PRO-16-Tgdi-Executive-Plus-DCT/43FB14366
2026-06-06 16:08:16,200 - INFO -    ✅ 43FB14366 | page 17
2026-06-06 16:08:16,200 - INFO - [WBC] 🔎 Detail: https://www.webuycars.co.za/buy-a-car/Mitsubishi/ASX-20-ES/5DE711729
2026-06-06 16:08:19,062 - INFO -    ✅ 5DE711729 | page 17
2026-06-06 16:08:19,062 - INFO - [WBC] 🔎 Detail: https://www.webuycars.co.za/buy-a-car/Suzuki/Jimny-15-GLX-Auto/820010618
2026-06-06 16:08:21,912 - INFO -    ✅ 820010618 | page 17
2026-06-06 16:08:21,913 - INFO - [WBC] 🔎 Detail: https://www.webuycars.co.za/buy-a-car/Nissan/Magnite-10T-Acenta-Plus-CVT/9BC414267
2026-06-06 16:08:24,976 - INFO -    ✅ 9BC414267 | page 17
2026-06-06 16:08:25,999 - INFO - ✅ Saved 10 car(s) to Firestore.
2026-06-06 16:08:25,999 - INFO - [WBC] 🔎 Detail: https://www.webuycars.co.za/buy-a-car/Suzuki/Ignis-12-GLX/AF0501446
2026-06-06 16:08:29,002 - INFO -    ✅ AF0501446 | page 17
2026-06-06 16:08:29,002 - INFO - [WBC] 🔎 Detail: https://www.webuycars.co.za/buy-a-car/Haval/H2-Jolion-15T-Luxury/C11E10900
2026-06-06 16:08:32,113 - INFO -    ✅ C11E10900 | page 17
2026-06-06 16:08:32,114 - INFO - [WBC] 🔎 Detail: https://www.webuycars.co.za/buy-a-car/Chery/Tiggo-4-PRO-15T-Elite/B00A14990
2026-06-06 16:08:35,034 - INFO -    ✅ B00A14990 | page 17
2026-06-06 16:08:35,035 - INFO - [WBC] 🔎 Detail: https://www.webuycars.co.za/buy-a-car/Ford/Ecosport-10-EcoBoost-Trend-Auto/0F7D10345
2026-06-06 16:08:37,958 - INFO -    ✅ 0F7D10345 | page 17
2026-06-06 16:08:37,958 - INFO - [WBC] 🔎 Detail: https://www.webuycars.co.za/buy-a-car/Hyundai/Kona-16tgdi-N-Line-DCT/583900540
2026-06-06 16:08:40,960 - INFO -    ✅ 583900540 | page 17
2026-06-06 16:08:40,960 - INFO - [WBC] 🔎 Detail: https://www.webuycars.co.za/buy-a-car/Mercedes-Benz/GLC-300d-4matic/814E16583
2026-06-06 16:08:43,896 - INFO -    ✅ 814E16583 | page 17
2026-06-06 16:08:43,896 - INFO - [WBC] 🔎 Detail: https://www.webuycars.co.za/buy-a-car/Baic/X55-15T-Elite-Auto/950014131
2026-06-06 16:08:46,925 - INFO -    ✅ 950014131 | page 17
2026-06-06 16:08:46,925 - INFO - [WBC] 🔎 Detail: https://www.webuycars.co.za/buy-a-car/Chery/Tiggo-4-PRO-15-LIT/82AD15186
2026-06-06 16:08:49,772 - INFO -    ✅ 82AD15186 | page 17
2026-06-06 16:08:49,772 - INFO - [WBC] 🔎 Detail: https://www.webuycars.co.za/buy-a-car/Haval/H6-C-20T-Luxury/A93E15605
2026-06-06 16:08:52,691 - INFO -    ✅ A93E15605 | page 17
2026-06-06 16:08:52,692 - INFO - [WBC] 🔎 Detail: https://www.webuycars.co.za/buy-a-car/Ford/Everest-30d-V6-Platinum-AWD-Auto/AB0A04744
2026-06-06 16:08:55,774 - INFO -    ✅ AB0A04744 | page 17
2026-06-06 16:08:56,750 - INFO - ✅ Saved 10 car(s) to Firestore.
2026-06-06 16:08:56,750 - INFO - [WBC] 📄 Page 18: https://www.webuycars.co.za/buy-a-car?Year=[2019,2026]&BodyType=["Sports%20Utility%20Vehicle%20(SUV)","Crossover%20(SUV)"]&InspectionCondition=["Certified"]&page=18
2026-06-06 16:09:20,234 - INFO - [WBC] 🔎 Detail: https://www.webuycars.co.za/buy-a-car/Mitsubishi/Eclipse-Cross-20-GLS-CVT-AWD/AB4E16953
2026-06-06 16:09:24,412 - INFO -    ✅ AB4E16953 | page 18
2026-06-06 16:09:24,412 - INFO - [WBC] 🔎 Detail: https://www.webuycars.co.za/buy-a-car/Suzuki/S-Presso-10-GL-AMT/F84C13230
2026-06-06 16:09:27,505 - INFO -    ✅ F84C13230 | page 18
2026-06-06 16:09:27,505 - INFO - [WBC] 🔎 Detail: https://www.webuycars.co.za/buy-a-car/Toyota/Urban-Cruiser-15-XS-Auto/23CB05333
2026-06-06 16:09:30,401 - INFO -    ✅ 23CB05333 | page 18
2026-06-06 16:09:30,401 - INFO - [WBC] 🔎 Detail: https://www.webuycars.co.za/buy-a-car/KIA/Seltos-15d-EX/303313935
2026-06-06 16:09:33,687 - INFO -    ✅ 303313935 | page 18
2026-06-06 16:09:33,688 - INFO - [WBC] 🔎 Detail: https://www.webuycars.co.za/buy-a-car/Mahindra/Xuv300-12T-W6/31E313956
2026-06-06 16:09:36,603 - INFO -    ✅ 31E313956 | page 18
2026-06-06 16:09:36,604 - INFO - [WBC] 🔎 Detail: https://www.webuycars.co.za/buy-a-car/Honda/CRV-CR-V-15T-Exclusive-CVT/3A7C11977
2026-06-06 16:09:39,499 - INFO -    ✅ 3A7C11977 | page 18
2026-06-06 16:09:39,500 - INFO - [WBC] 🔎 Detail: https://www.webuycars.co.za/buy-a-car/Haval/H2-15T-City/4AFD09406
2026-06-06 16:09:42,379 - INFO -    ✅ 4AFD09406 | page 18
2026-06-06 16:09:42,379 - INFO - [WBC] 🔎 Detail: https://www.webuycars.co.za/buy-a-car/Toyota/RAV-4-25-VX-Hybrid-CVT-E-Four/7AED04446
2026-06-06 16:09:45,686 - INFO -    ✅ 7AED04446 | page 18
2026-06-06 16:09:45,687 - INFO - [WBC] 🔎 Detail: https://www.webuycars.co.za/buy-a-car/Hyundai/Kona-16tgdi-Executive-DCT/7FC608593
2026-06-06 16:09:48,752 - INFO -    ✅ 7FC608593 | page 18
2026-06-06 16:09:48,752 - INFO - [WBC] 🔎 Detail: https://www.webuycars.co.za/buy-a-car/Baic/X55-15T-Elite-Auto/937511404
2026-06-06 16:09:54,433 - INFO -    ✅ 937511404 | page 18
2026-06-06 16:09:55,403 - INFO - ✅ Saved 10 car(s) to Firestore.
2026-06-06 16:09:55,404 - INFO - [WBC] 🔎 Detail: https://www.webuycars.co.za/buy-a-car/Ford/Ecosport-10-EcoBoost-Titanium/980F14796
2026-06-06 16:09:58,767 - INFO -    ✅ 980F14796 | page 18
2026-06-06 16:09:58,767 - INFO - [WBC] 🔎 Detail: https://www.webuycars.co.za/buy-a-car/Mitsubishi/ASX-20-LS-CVT/984113365
2026-06-06 16:10:01,872 - INFO -    ✅ 984113365 | page 18
2026-06-06 16:10:01,873 - INFO - [WBC] 🔎 Detail: https://www.webuycars.co.za/buy-a-car/Chery/Tiggo-4-PRO-15T-Elite-CVT/BEC810248
2026-06-06 16:10:04,876 - INFO -    ✅ BEC810248 | page 18
2026-06-06 16:10:04,876 - INFO - [WBC] 🔎 Detail: https://www.webuycars.co.za/buy-a-car/Ford/Ecosport-10-EcoBoost-Titanium/A22202307
2026-06-06 16:10:07,725 - INFO -    ✅ A22202307 | page 18
2026-06-06 16:10:07,725 - INFO - [WBC] 🔎 Detail: https://www.webuycars.co.za/buy-a-car/Nissan/Magnite-Kuro-10T/DADC11989
2026-06-06 16:10:10,597 - INFO -    ✅ DADC11989 | page 18
2026-06-06 16:10:10,598 - INFO - [WBC] 🔎 Detail: https://www.webuycars.co.za/buy-a-car/Ford/Kuga-15-EcoBoost-Trend/187209283
2026-06-06 16:10:13,488 - INFO -    ✅ 187209283 | page 18
2026-06-06 16:10:13,489 - INFO - [WBC] 🔎 Detail: https://www.webuycars.co.za/buy-a-car/Renault/Duster-15-DCI-ZEN-EDC/26F807583
2026-06-06 16:10:16,391 - INFO -    ✅ 26F807583 | page 18
2026-06-06 16:10:16,391 - INFO - [WBC] 🔎 Detail: https://www.webuycars.co.za/buy-a-car/Haval/Jolion-15T-Super-Luxury-DCT/3BE314741
2026-06-06 16:10:19,564 - INFO -    ✅ 3BE314741 | page 18
2026-06-06 16:10:19,564 - INFO - [WBC] 🔎 Detail: https://www.webuycars.co.za/buy-a-car/Ford/Ecosport-10-EcoBoost-Titanium/BCA405887
2026-06-06 16:10:22,468 - INFO -    ✅ BCA405887 | page 18
2026-06-06 16:10:22,469 - INFO - [WBC] 🔎 Detail: https://www.webuycars.co.za/buy-a-car/Hyundai/Venue-10-Tgdi-Fluid-DCT/E3E109163
2026-06-06 16:10:25,169 - INFO -    ✅ E3E109163 | page 18
2026-06-06 16:10:26,192 - INFO - ✅ Saved 10 car(s) to Firestore.
2026-06-06 16:10:26,192 - INFO - [WBC] 🔎 Detail: https://www.webuycars.co.za/buy-a-car/Ford/Ecosport-10-EcoBoost-Active-Auto/EF8E00180
2026-06-06 16:10:29,168 - INFO -    ✅ EF8E00180 | page 18
2026-06-06 16:10:29,168 - INFO - [WBC] 🔎 Detail: https://www.webuycars.co.za/buy-a-car/Chery/Tiggo-4-PRO-15T-Elite-CVT/ED4508134
2026-06-06 16:10:32,570 - INFO -    ✅ ED4508134 | page 18
2026-06-06 16:10:32,570 - INFO - [WBC] 🔎 Detail: https://www.webuycars.co.za/buy-a-car/Toyota/Fortuner-24gd-6-R-B-Auto/F1C414564
2026-06-06 16:10:36,132 - INFO -    ✅ F1C414564 | page 18
2026-06-06 16:10:36,133 - INFO - [WBC] 🔎 Detail: https://www.webuycars.co.za/buy-a-car/Ford/Ecosport-10-EcoBoost-Trend-Auto/05E711910
2026-06-06 16:10:38,947 - INFO -    ✅ 05E711910 | page 18
2026-06-06 16:10:38,947 - INFO - [WBC] 📄 Page 19: https://www.webuycars.co.za/buy-a-car?Year=[2019,2026]&BodyType=["Sports%20Utility%20Vehicle%20(SUV)","Crossover%20(SUV)"]&InspectionCondition=["Certified"]&page=19
2026-06-06 16:11:02,448 - INFO - [WBC] 🔎 Detail: https://www.webuycars.co.za/buy-a-car/Nissan/Qashqai-12T-Visia/0B6111134
2026-06-06 16:11:05,739 - INFO -    ✅ 0B6111134 | page 19
2026-06-06 16:11:05,739 - INFO - [WBC] 🔎 Detail: https://www.webuycars.co.za/buy-a-car/Volkswagen/T-Cross-10-TSI-Highline-DSG/259015543
2026-06-06 16:11:08,677 - INFO -    ✅ 259015543 | page 19
2026-06-06 16:11:08,677 - INFO - [WBC] 🔎 Detail: https://www.webuycars.co.za/buy-a-car/Haval/H6-GT-20T-Super-Luxury-4x4-DCT/460F06276
2026-06-06 16:11:11,541 - INFO -    ✅ 460F06276 | page 19
2026-06-06 16:11:11,541 - INFO - [WBC] 🔎 Detail: https://www.webuycars.co.za/buy-a-car/Mazda/CX-60-25l-Dynamic-Auto/502400111
2026-06-06 16:11:14,807 - INFO -    ✅ 502400111 | page 19
2026-06-06 16:11:14,807 - INFO - [WBC] 🔎 Detail: https://www.webuycars.co.za/buy-a-car/Haval/Jolion-15T-S-Super-Luxury-DCT/493700068
2026-06-06 16:11:17,615 - INFO -    ✅ 493700068 | page 19
2026-06-06 16:11:17,615 - INFO - [WBC] 🔎 Detail: https://www.webuycars.co.za/buy-a-car/Land/Rover-Velar-Range-Rover-Velar-20d-SE-D200/603303245
2026-06-06 16:11:20,444 - INFO -    ✅ 603303245 | page 19
2026-06-06 16:11:21,476 - INFO - ✅ Saved 10 car(s) to Firestore.
2026-06-06 16:11:21,477 - INFO - [WBC] 🔎 Detail: https://www.webuycars.co.za/buy-a-car/KIA/Sonet-10T-EX-Auto/7A1900021
2026-06-06 16:11:24,333 - INFO -    ✅ 7A1900021 | page 19
2026-06-06 16:11:24,334 - INFO - [WBC] 🔎 Detail: https://www.webuycars.co.za/buy-a-car/Volkswagen/T-ROC-20-TSI-4M-R-Line-DSG/771600826
2026-06-06 16:11:27,522 - INFO -    ✅ 771600826 | page 19
2026-06-06 16:11:27,522 - INFO - [WBC] 🔎 Detail: https://www.webuycars.co.za/buy-a-car/Suzuki/S-Presso-10-GL-AMT/8B2013216
2026-06-06 16:11:30,453 - INFO -    ✅ 8B2013216 | page 19
2026-06-06 16:11:30,453 - INFO - [WBC] 🔎 Detail: https://www.webuycars.co.za/buy-a-car/Jeep/Renegade-14tjet-Longitude/B94709361
2026-06-06 16:11:33,340 - INFO -    ✅ B94709361 | page 19
2026-06-06 16:11:33,341 - INFO - [WBC] 🔎 Detail: https://www.webuycars.co.za/buy-a-car/Renault/Duster-15-DCI-Intens-EDC/C6A412649
2026-06-06 16:11:36,320 - INFO -    ✅ C6A412649 | page 19
2026-06-06 16:11:36,320 - INFO - [WBC] 🔎 Detail: https://www.webuycars.co.za/buy-a-car/Ford/Ecosport-15tivct-Ambiente/E7B700617
2026-06-06 16:11:39,605 - INFO -    ✅ E7B700617 | page 19
2026-06-06 16:11:39,606 - INFO - [WBC] 🔎 Detail: https://www.webuycars.co.za/buy-a-car/Haval/Jolion-15T-Premium-DCT/035B15975
2026-06-06 16:11:42,724 - INFO -    ✅ 035B15975 | page 19
2026-06-06 16:11:42,724 - INFO - [WBC] 🔎 Detail: https://www.webuycars.co.za/buy-a-car/Volkswagen/Tiguan-Allspace-20-TSI-Style-4mot-DSG-132-KW/0FFB03430
2026-06-06 16:11:45,659 - INFO -    ✅ 0FFB03430 | page 19
2026-06-06 16:11:45,660 - INFO - [WBC] 🔎 Detail: https://www.webuycars.co.za/buy-a-car/Renault/Kiger-10T-ZEN/200C14555
2026-06-06 16:11:48,496 - INFO -    ✅ 200C14555 | page 19
2026-06-06 16:11:48,496 - INFO - [WBC] 🔎 Detail: https://www.webuycars.co.za/buy-a-car/Volkswagen/T-Cross-10-TSI-Comfortline-DSG/354F11869
2026-06-06 16:11:51,356 - INFO -    ✅ 354F11869 | page 19
2026-06-06 16:11:52,352 - INFO - ✅ Saved 10 car(s) to Firestore.
2026-06-06 16:11:52,353 - INFO - [WBC] 🔎 Detail: https://www.webuycars.co.za/buy-a-car/Baic/B40-20T-Plus-Champion-Auto/62DB12115
2026-06-06 16:11:55,199 - INFO -    ✅ 62DB12115 | page 19
2026-06-06 16:11:55,199 - INFO - [WBC] 🔎 Detail: https://www.webuycars.co.za/buy-a-car/Hyundai/Venue-10-Tgdi-Motion/792A11958
2026-06-06 16:11:57,929 - INFO -    ✅ 792A11958 | page 19
2026-06-06 16:11:57,930 - INFO - [WBC] 🔎 Detail: https://www.webuycars.co.za/buy-a-car/Ford/Everest-20d-Bi-Turbo-XLT-Auto/B62A04702
2026-06-06 16:12:00,861 - INFO -    ✅ B62A04702 | page 19
2026-06-06 16:12:00,862 - INFO - [WBC] 🔎 Detail: https://www.webuycars.co.za/buy-a-car/Toyota/Urban-Cruiser-15-XS-Auto/BE0915245
2026-06-06 16:12:03,737 - INFO -    ✅ BE0915245 | page 19
2026-06-06 16:12:03,737 - INFO - [WBC] 🔎 Detail: https://www.webuycars.co.za/buy-a-car/Opel/Mokka-12T-Elegance--edition-Auto/C54409757
2026-06-06 16:12:06,944 - INFO -    ✅ C54409757 | page 19
2026-06-06 16:12:06,945 - INFO - [WBC] 🔎 Detail: https://www.webuycars.co.za/buy-a-car/Ford/Ecosport-10-EcoBoost-Titanium/C5CD13481
2026-06-06 16:12:10,038 - INFO -    ✅ C5CD13481 | page 19
2026-06-06 16:12:10,038 - INFO - [WBC] 🔎 Detail: https://www.webuycars.co.za/buy-a-car/Toyota/Land-Cruiser-FJ-40-V6-Cruiser/031003405
2026-06-06 16:12:13,419 - INFO -    ✅ 031003405 | page 19
2026-06-06 16:12:13,420 - INFO - [WBC] 🔎 Detail: https://www.webuycars.co.za/buy-a-car/Audi/Q2-10T-FSI-Stronic-30-TFSI/05CE09788
2026-06-06 16:12:16,545 - INFO -    ✅ 05CE09788 | page 19
2026-06-06 16:12:16,545 - INFO - [WBC] 📄 Page 20: https://www.webuycars.co.za/buy-a-car?Year=[2019,2026]&BodyType=["Sports%20Utility%20Vehicle%20(SUV)","Crossover%20(SUV)"]&InspectionCondition=["Certified"]&page=20
2026-06-06 16:12:39,697 - INFO - [WBC] 🔎 Detail: https://www.webuycars.co.za/buy-a-car/Haval/Jolion-15T-Super-Luxury-DCT/07E715011
2026-06-06 16:12:42,527 - INFO -    ✅ 07E715011 | page 20
2026-06-06 16:12:42,527 - INFO - [WBC] 🔎 Detail: https://www.webuycars.co.za/buy-a-car/Chery/Tiggo-4-PRO-15-LIT/06D314596
2026-06-06 16:12:45,383 - INFO -    ✅ 06D314596 | page 20
2026-06-06 16:12:47,473 - INFO - ✅ Saved 10 car(s) to Firestore.
2026-06-06 16:12:47,474 - INFO - [WBC] 🔎 Detail: https://www.webuycars.co.za/buy-a-car/KIA/Seltos-15d-EX-Auto/1C3808967
2026-06-06 16:12:50,995 - INFO -    ✅ 1C3808967 | page 20
2026-06-06 16:12:50,995 - INFO - [WBC] 🔎 Detail: https://www.webuycars.co.za/buy-a-car/Hyundai/Venue-10-Tgdi-Fluid-DCT/4A8716369
2026-06-06 16:12:53,839 - INFO -    ✅ 4A8716369 | page 20
2026-06-06 16:12:53,839 - INFO - [WBC] 🔎 Detail: https://www.webuycars.co.za/buy-a-car/Toyota/Corolla-Cross-18-Gr-S/4B2204911
2026-06-06 16:12:56,641 - INFO -    ✅ 4B2204911 | page 20
2026-06-06 16:12:56,641 - INFO - [WBC] 🔎 Detail: https://www.webuycars.co.za/buy-a-car/Suzuki/Jimny-15-GLX-Auto/521604524
2026-06-06 16:12:59,739 - INFO -    ✅ 521604524 | page 20
2026-06-06 16:12:59,739 - INFO - [WBC] 🔎 Detail: https://www.webuycars.co.za/buy-a-car/Chery/Tiggo-4-PRO-15T-Elite-CVT/9E0E02199
2026-06-06 16:13:02,672 - INFO -    ✅ 9E0E02199 | page 20
2026-06-06 16:13:02,673 - INFO - [WBC] 🔎 Detail: https://www.webuycars.co.za/buy-a-car/Chery/Tiggo-4-PRO-15-LIT-CVT/AC3902202
2026-06-06 16:13:06,080 - INFO -    ✅ AC3902202 | page 20
2026-06-06 16:13:06,080 - INFO - [WBC] 🔎 Detail: https://www.webuycars.co.za/buy-a-car/Haval/H2-15T-Luxury-Auto/C84813175
2026-06-06 16:13:09,014 - INFO -    ✅ C84813175 | page 20
2026-06-06 16:13:09,015 - INFO - [WBC] 🔎 Detail: https://www.webuycars.co.za/buy-a-car/Nissan/Magnite-10T-Acenta-CVT/DA2814377
2026-06-06 16:13:11,917 - INFO -    ✅ DA2814377 | page 20
2026-06-06 16:13:11,917 - INFO - [WBC] 🔎 Detail: https://www.webuycars.co.za/buy-a-car/Jeep/Renegade-14tjet-Sport/F60704718
2026-06-06 16:13:14,726 - INFO -    ✅ F60704718 | page 20
2026-06-06 16:13:14,727 - INFO - [WBC] 🔎 Detail: https://www.webuycars.co.za/buy-a-car/Volkswagen/T-Cross-10-TSI-Comfortline-DSG/019B14898
2026-06-06 16:13:17,875 - INFO -    ✅ 019B14898 | page 20
2026-06-06 16:13:18,937 - INFO - ✅ Saved 10 car(s) to Firestore.
2026-06-06 16:13:18,938 - INFO - [WBC] 🔎 Detail: https://www.webuycars.co.za/buy-a-car/Jeep/Renegade-14tjet-Sport/6D0C09650
2026-06-06 16:13:21,791 - INFO -    ✅ 6D0C09650 | page 20
2026-06-06 16:13:21,791 - INFO - [WBC] 🔎 Detail: https://www.webuycars.co.za/buy-a-car/Fiat/500x-14T-Sport-Ddct/7C7612582
2026-06-06 16:13:25,238 - INFO -    ✅ 7C7612582 | page 20
2026-06-06 16:13:25,238 - INFO - [WBC] 🔎 Detail: https://www.webuycars.co.za/buy-a-car/Baic/B40-20T-Plus-Champion-Auto/B00813808
2026-06-06 16:13:28,131 - INFO -    ✅ B00813808 | page 20
2026-06-06 16:13:28,131 - INFO - [WBC] 🔎 Detail: https://www.webuycars.co.za/buy-a-car/Toyota/Land-Cruiser-300-V6-33d-Gr-S/CCD316770
2026-06-06 16:13:31,455 - INFO -    ✅ CCD316770 | page 20
2026-06-06 16:13:31,456 - INFO - [WBC] 🔎 Detail: https://www.webuycars.co.za/buy-a-car/Renault/Duster-15-DCI-Techroad-EDC/F39600708
2026-06-06 16:13:34,402 - INFO -    ✅ F39600708 | page 20
2026-06-06 16:13:34,403 - INFO - [WBC] 🔎 Detail: https://www.webuycars.co.za/buy-a-car/Jeep/Renegade-14tjet-Sport/0A6C10519
2026-06-06 16:13:37,478 - INFO -    ✅ 0A6C10519 | page 20
2026-06-06 16:13:37,479 - INFO - [WBC] 🔎 Detail: https://www.webuycars.co.za/buy-a-car/Ford/Everest-30d-V6-Wildtrack-AWD-Auto/1CDE13294
2026-06-06 16:13:40,491 - INFO -    ✅ 1CDE13294 | page 20
2026-06-06 16:13:40,492 - INFO - [WBC] 🔎 Detail: https://www.webuycars.co.za/buy-a-car/Volkswagen/Tiguan-Allspace-14-TSI-Life-DSG/3C5F15313
2026-06-06 16:13:43,457 - INFO -    ✅ 3C5F15313 | page 20
2026-06-06 16:13:43,458 - INFO - [WBC] 🔎 Detail: https://www.webuycars.co.za/buy-a-car/KIA/Seltos-16-EX/295C02666
2026-06-06 16:13:46,835 - INFO -    ✅ 295C02666 | page 20
2026-06-06 16:13:46,835 - INFO - [WBC] 🔎 Detail: https://www.webuycars.co.za/buy-a-car/Suzuki/Jimny-15-GLX/33ED13180
2026-06-06 16:13:49,752 - INFO -    ✅ 33ED13180 | page 20
2026-06-06 16:13:50,716 - INFO - ✅ Saved 10 car(s) to Firestore.
2026-06-06 16:13:50,717 - INFO - [WBC] 🔎 Detail: https://www.webuycars.co.za/buy-a-car/KIA/Sonet-15-EX-CVT/394011907
2026-06-06 16:13:53,570 - INFO -    ✅ 394011907 | page 20
2026-06-06 16:13:53,571 - INFO - [WBC] 🔎 Detail: https://www.webuycars.co.za/buy-a-car/Haval/H6-GT-20T-Super-Luxury-4x4-DCT/3DF109010
2026-06-06 16:13:56,394 - INFO -    ✅ 3DF109010 | page 20
2026-06-06 16:13:57,071 - INFO - ✅ Saved 2 car(s) to Firestore.
2026-06-06 16:13:58,147 - INFO - 📌 Progress: 'SUVs only' | lastPage=20 | exhausted=False
2026-06-06 16:13:58,147 - INFO -    ✔ Done | cars=472 | lastPage=20 | exhausted=False
2026-06-06 16:14:05,753 - INFO - ======================================================================
2026-06-06 16:14:05,754 - INFO - 🏁 RUN FINISHED
2026-06-06 16:14:05,771 - INFO -    Run ID     : 61a9f597-39fa-4980-9c06-24b4bc1de0d1
2026-06-06 16:14:06,043 - INFO -    Start      : 2026-06-06 13:50:47
2026-06-06 16:14:06,044 - INFO -    End        : 2026-06-06 16:14:05
2026-06-06 16:14:06,046 - INFO -    Duration   : 2:23:17
2026-06-06 16:14:06,046 - INFO -    Cars saved : 1884
2026-06-06 16:14:06,047 - INFO -    Targets ✔  : 5
2026-06-06 16:14:06,047 - INFO -    Targets ⏭  : 0
2026-06-06 16:14:06,048 - INFO -    Targets ✗  : 0
2026-06-06 16:14:06,049 - INFO -    Log file   : logs\run_2026-06-06_13-50-47.log
2026-06-06 16:14:06,049 - INFO - ======================================================================
